Workbook

Sheet summary_pivot
A1: model | B1: experiment_id | C1: experiment_name | D1: Label-aware greedy | E1: Label-aware greedy_std | F1: Multilabel stratified (paper-style) | G1: Multilabel stratified (paper-style)_std | H1: Baseline (simple random split) | I1: Baseline (simple random split)_std | J1: Label-aware greedy + Aug | K1: Label-aware greedy + Aug_std | L1: Multilabel stratified (paper-style) + Aug | M1: Multilabel stratified (paper-style) + Aug_std | N1: Baseline (simple random split) + Aug | O1: Baseline (simple random split) + Aug_std | P1: best_f1 | Q1: best_condition
A2: BEREL 3.0 | B2: exp10_svm_ready | C2: SVM Router Fusion CRF (Ready) | D2: 0.78135932 | E2: 0.01594638 | F2: 0.76120338 | G2: 0.023438365 | H2: 0.78419159 | I2: 0.020954917 | J2: 0.87777558 | K2: 0.013409569 | L2: 0.87469151 | M2: 0.010639531 | N2: 0.88735287 | O2: 0.0093084302 | P2: 0.88735287 | Q2: Baseline (simple random split) + Aug
A3: BEREL 3.0 | B3: exp10_cascade | C3: Cascaded Pipeline (CRF + Consistency) | D3: 0.75964719 | E3: 0.069407677 | F3: 0.75881808 | G3: 0.079643434 | H3: 0.72446006 | I3: 0.093579043 | J3: 0.87180197 | K3: 0.011478608 | L3: 0.86411496 | M3: 0.0075925471 | N3: 0.87459376 | O3: 0.0064579804 | P3: 0.87459376 | Q3: Baseline (simple random split) + Aug
A4: AlephBERT-Gimmel | B4: exp10_svm_ready | C4: SVM Router Fusion CRF (Ready) | D4: 0.79729071 | E4: 0.013271656 | F4: 0.74562561 | G4: 0.018327833 | H4: 0.73344026 | I4: 0.011717628 | J4: 0.87398503 | K4: 0.01364935 | L4: 0.87076254 | M4: 0.0084170004 | N4: 0.83574787 | O4: 0.008402729 | P4: 0.87398503 | Q4: Label-aware greedy + Aug
A5: HeRo | B5: exp10_svm_ready | C5: SVM Router Fusion CRF (Ready) | D5: 0.84138366 | E5: 0.018129231 | F5: 0.85371583 | G5: 0.006841639 | H5: 0.82707085 | I5: 0.01168618 | J5: 0.86897547 | K5: 0.010663347 | L5: 0.87369134 | M5: 0.0093822528 | N5: 0.86734539 | O5: 0.014798319 | P5: 0.87369134 | Q5: Multilabel stratified (paper-style) + Aug
A6: DictaBERT | B6: exp10_svm_ready | C6: SVM Router Fusion CRF (Ready) | D6: 0.82665558 | E6: 0.020754616 | F6: 0.82198659 | G6: 0.012943632 | H6: 0.78950032 | I6: 0.010604951 | J6: 0.86890598 | K6: 0.0097520324 | L6: 0.87294791 | M6: 0.010027284 | N6: 0.85225964 | O6: 0.010914019 | P6: 0.87294791 | Q6: Multilabel stratified (paper-style) + Aug
A7: BEREL 3.0 | B7: exp10_fusion_ready | C7: Fusion Regular-CRF + Cascaded-CRF (Ready) | D7: 0.76677714 | E7: 0.021271764 | F7: 0.73836075 | G7: 0.030923184 | H7: 0.74157498 | I7: 0.021460137 | J7: 0.85089554 | K7: 0.014624099 | L7: 0.85564174 | M7: 0.010812009 | N7: 0.8591659 | O7: 0.0095760198 | P7: 0.8591659 | Q7: Baseline (simple random split) + Aug
A8: DictaBERT | B8: exp10_cascade | C8: Cascaded Pipeline (CRF + Consistency) | D8: 0.7904055 | E8: 0.0222464 | F8: 0.79922902 | G8: 0.016694659 | H8: 0.77570969 | I8: 0.013626755 | J8: 0.83971062 | K8: 0.015851245 | L8: 0.85755154 | M8: 0.010822389 | N8: 0.83244357 | O8: 0.0084011973 | P8: 0.85755154 | Q8: Multilabel stratified (paper-style) + Aug
A9: BEREL 3.0 | B9: exp06_svm_ready | C9: SVM Router Fusion (Ready) | D9: 0.78997538 | E9: 0.028101796 | F9: 0.79533462 | G9: 0.030389165 | H9: 0.77142141 | I9: 0.024770366 | J9: 0.84437107 | K9: 0.011922921 | L9: 0.85182051 | M9: 0.0079883507 | N9: 0.85735749 | O9: 0.0077227635 | P9: 0.85735749 | Q9: Baseline (simple random split) + Aug
A10: BEREL 3.0 | B10: exp10_regular | C10: Regular NER (BERT-CRF) | D10: 0.72486772 | E10: 1.1390648e-16 | F10: 0.69601677 | G10: 0 | H10: 0.73061224 | I10: 2.2781296e-16 | J10: 0.83952617 | K10: 0.015894113 | L10: 0.85548025 | M10: 0.012142817 | N10: 0.85595045 | O10: 0.0099128316 | P10: 0.85595045 | Q10: Baseline (simple random split) + Aug
A11: AlephBERT-Gimmel | B11: exp10_cascade | C11: Cascaded Pipeline (CRF + Consistency) | D11: 0.78180777 | E11: 0.011607625 | F11: 0.7530115 | G11: 0.024318848 | H11: 0.73026683 | I11: 0.018493162 | J11: 0.83715432 | K11: 0.011866646 | L11: 0.85494756 | M11: 0.0069781525 | N11: 0.82458479 | O11: 0.009767519 | P11: 0.85494756 | Q11: Multilabel stratified (paper-style) + Aug
A12: HeRo | B12: exp10_cascade | C12: Cascaded Pipeline (CRF + Consistency) | D12: 0.80525442 | E12: 0.014875892 | F12: 0.83146625 | G12: 0.009637587 | H12: 0.78860228 | I12: 0.011503372 | J12: 0.84050667 | K12: 0.015092719 | L12: 0.85487533 | M12: 0.010851851 | N12: 0.84420698 | O12: 0.014640829 | P12: 0.85487533 | Q12: Multilabel stratified (paper-style) + Aug
A13: AlephBERT-Gimmel | B13: exp10_fusion_ready | C13: Fusion Regular-CRF + Cascaded-CRF (Ready) | D13: 0.76802837 | E13: 0.010778955 | F13: 0.71980571 | G13: 0.017308817 | H13: 0.72051773 | I13: 0.013938167 | J13: 0.84029797 | K13: 0.015782132 | L13: 0.8515181 | M13: 0.01010029 | N13: 0.80526015 | O13: 0.0095471939 | P13: 0.8515181 | Q13: Multilabel stratified (paper-style) + Aug
... A37: DictaBERT | B37: exp01 | C37: Regular NER | D37: 0.75409836 | E37: 2.2781296e-16 | F37: 0.73799127 | G37: 3.4171944e-16 | H37: 0.67181552 | I37: 0.011076771 | J37: 0.80152098 | K37: 0.010604771 | L37: 0.8082628 | M37: 0.0097207099 | N37: 0.78054156 | O37: 0.011008323 | P37: 0.8082628 | Q37: Multilabel stratified (paper-style) + Aug

Sheet all_runs
A1: model_key | B1: model_id | C1: model_name | D1: experiment_id | E1: experiment_name | F1: data_source | G1: condition_key | H1: condition_group_key | I1: condition_group_short | J1: condition_label | K1: condition_short | L1: condition_description | M1: seed | N1: is_baseline | O1: f1 | P1: precision | Q1: recall | R1: status | S1: result_file | T1: metrics_file | U1: base_artifacts_reused | V1: base_mode | W1: elapsed_seconds
A2: dictabert | B2: dicta-il/dictabert | C2: DictaBERT | D2: exp01 | E2: Regular NER | F2: exp07 | G2: exp07_before_exp01_baseline__seed42 | H2: exp07_before_exp01_baseline | I2: Baseline (simple random split) | J2: [Exp07] Baseline (simple random split) [seed 42] | K2: Baseline (simple random split) [s42] | L2: Regular NER with DictaBERT | M2: 42 | N2: TRUE | O2: 0.7188755 | P2: 0.66791045 | Q2: 0.77826087 | R2: ok_reused_base | S2: /content/drive/MyDrive/thesis_project/thesis/outputs/exp01/regular_ner_20260601_205916.json | T2: /content/drive/MyDrive/thesis_project/thesis/outputs/exp01/regular_ner_results_20260601_205916.xlsx | U2: TRUE | V2: auto | W2: 7.1
A3: dictabert | B3: dicta-il/dictabert | C3: DictaBERT | D3: exp01 | E3: Regular NER | F3: exp07 | G3: exp07_before_exp01_baseline__seed43 | H3: exp07_before_exp01_baseline | I3: Baseline (simple random split) | J3: [Exp07] Baseline (simple random split) [seed 43] | K3: Baseline (simple random split) [s43] | L3: Regular NER with DictaBERT | M3: 43 | N3: TRUE | O3: 0.66933868 | P3: 0.62081784 | Q3: 0.72608696 | R3: ok | S3: /content/drive/MyDrive/thesis_project/thesis/outputs/exp01/regular_ner_20260601_210114.json | T3: /content/drive/MyDrive/thesis_project/thesis/outputs/exp01/regular_ner_results_20260601_210104.xlsx | U3: FALSE | V3: auto | W3: 119.2
A4: dictabert | B4: dicta-il/dictabert | C4: DictaBERT | D4: exp01 | E4: Regular NER | F4: exp07 | G4: exp07_before_exp01_baseline__seed44 | H4: exp07_before_exp01_baseline | I4: Baseline (simple random split) | J4: [Exp07] Baseline (simple random split) [seed 44] | K4: Baseline (simple random split) [s44] | L4: Regular NER with DictaBERT | M4: 44 | N4: TRUE | O4: 0.66933868 | P4: 0.62081784 | Q4: 0.72608696 | R4: ok | S4: /content/drive/MyDrive/thesis_project/thesis/outputs/exp01/regular_ner_20260601_210348.json | T4: /content/drive/MyDrive/thesis_project/thesis/outputs/exp01/regular_ner_results_20260601_210348.xlsx | U4: FALSE | V4: auto | W4: 159.5
A5: dictabert | B5: dicta-il/dictabert | C5: DictaBERT | D5: exp01 | E5: Regular NER | F5: exp07 | G5: exp07_before_exp01_baseline__seed45 | H5: exp07_before_exp01_baseline | I5: Baseline (simple random split) | J5: [Exp07] Baseline (simple random split) [seed 45] | K5: Baseline (simple random split) [s45] | L5: Regular NER with DictaBERT | M5: 45 | N5: TRUE | O5: 0.66933868 | P5: 0.62081784 | Q5: 0.72608696 | R5: ok | S5: /content/drive/MyDrive/thesis_project/thesis/outputs/exp01/regular_ner_20260601_210627.json | T5: /content/drive/MyDrive/thesis_project/thesis/outputs/exp01/regular_ner_results_20260601_210616.xlsx | U5: FALSE | V5: auto | W5: 155.6
A6: dictabert | B6: dicta-il/dictabert | C6: DictaBERT | D6: exp01 | E6: Regular NER | F6: exp07 | G6: exp07_before_exp01_baseline__seed46 | H6: exp07_before_exp01_baseline | I6: Baseline (simple random split) | J6: [Exp07] Baseline (simple random split) [seed 46] | K6: Baseline (simple random split) [s46] | L6: Regular NER with DictaBERT | M6: 46 | N6: TRUE | O6: 0.66933868 | P6: 0.62081784 | Q6: 0.72608696 | R6: ok | S6: /content/drive/MyDrive/thesis_project/thesis/outputs/exp01/regular_ner_20260601_210903.json | T6: /content/drive/MyDrive/thesis_project/thesis/outputs/exp01/regular_ner_results_20260601_210851.xlsx | U6: FALSE | V6: auto | W6: 166.9
A7: dictabert | B7: dicta-il/dictabert | C7: DictaBERT | D7: exp01 | E7: Regular NER | F7: exp07 | G7: exp07_before_exp01_baseline__seed47 | H7: exp07_before_exp01_baseline | I7: Baseline (simple random split) | J7: [Exp07] Baseline (simple random split) [seed 47] | K7: Baseline (simple random split) [s47] | L7: Regular NER with DictaBERT | M7: 47 | N7: TRUE | O7: 0.66933868 | P7: 0.62081784 | Q7: 0.72608696 | R7: ok | S7: /content/drive/MyDrive/thesis_project/thesis/outputs/exp01/regular_ner_20260601_211152.json | T7: /content/drive/MyDrive/thesis_project/thesis/outputs/exp01/regular_ner_results_20260601_211141.xlsx | U7: FALSE | V7: auto | W7: 180.9
A8: dictabert | B8: dicta-il/dictabert | C8: DictaBERT | D8: exp01 | E8: Regular NER | F8: exp07 | G8: exp07_before_exp01_baseline__seed48 | H8: exp07_before_exp01_baseline | I8: Baseline (simple random split) | J8: [Exp07] Baseline (simple random split) [seed 48] | K8: Baseline (simple random split) [s48] | L8: Regular NER with DictaBERT | M8: 48 | N8: TRUE | O8: 0.66933868 | P8: 0.62081784 | Q8: 0.72608696 | R8: ok | S8: /content/drive/MyDrive/thesis_project/thesis/outputs/exp01/regular_ner_20260601_211437.json | T8: /content/drive/MyDrive/thesis_project/thesis/outputs/exp01/regular_ner_results_20260601_211428.xlsx | U8: FALSE | V8: auto | W8: 164.8
A9: dictabert | B9: dicta-il/dictabert | C9: DictaBERT | D9: exp01 | E9: Regular NER | F9: exp07 | G9: exp07_before_exp01_baseline__seed49 | H9: exp07_before_exp01_baseline | I9: Baseline (simple random split) | J9: [Exp07] Baseline (simple random split) [seed 49] | K9: Baseline (simple random split) [s49] | L9: Regular NER with DictaBERT | M9: 49 | N9: TRUE | O9: 0.66933868 | P9: 0.62081784 | Q9: 0.72608696 | R9: ok | S9: /content/drive/MyDrive/thesis_project/thesis/outputs/exp01/regular_ner_20260601_211724.json | T9: /content/drive/MyDrive/thesis_project/thesis/outputs/exp01/regular_ner_results_20260601_211723.xlsx | U9: FALSE | V9: auto | W9: 161.6
A10: dictabert | B10: dicta-il/dictabert | C10: DictaBERT | D10: exp01 | E10: Regular NER | F10: exp07 | G10: exp07_before_exp01_baseline__seed50 | H10: exp07_before_exp01_baseline | I10: Baseline (simple random split) | J10: [Exp07] Baseline (simple random split) [seed 50] | K10: Baseline (simple random split) [s50] | L10: Regular NER with DictaBERT | M10: 50 | N10: TRUE | O10: 0.66933868 | P10: 0.62081784 | Q10: 0.72608696 | R10: ok | S10: /content/drive/MyDrive/thesis_project/thesis/outputs/exp01/regular_ner_20260601_212004.json | T10: /content/drive/MyDrive/thesis_project/thesis/outputs/exp01/regular_ner_results_20260601_212003.xlsx | U10: FALSE | V10: auto | W10: 157.8
A11: dictabert | B11: dicta-il/dictabert | C11: DictaBERT | D11: exp01 | E11: Regular NER | F11: exp07 | G11: exp07_before_exp01_baseline__seed51 | H11: exp07_before_exp01_baseline | I11: Baseline (simple random split) | J11: [Exp07] Baseline (simple random split) [seed 51] | K11: Baseline (simple random split) [s51] | L11: Regular NER with DictaBERT | M11: 51 | N11: TRUE | O11: 0.66933868 | P11: 0.62081784 | Q11: 0.72608696 | R11: ok | S11: /content/drive/MyDrive/thesis_project/thesis/outputs/exp01/regular_ner_20260601_212256.json | T11: /content/drive/MyDrive/thesis_project/thesis/outputs/exp01/regular_ner_results_20260601_212246.xlsx | U11: FALSE | V11: auto | W11: 183.9
A12: dictabert | B12: dicta-il/dictabert | C12: DictaBERT | D12: exp01 | E12: Regular NER | F12: exp07 | G12: exp07_before_exp01_baseline__seed52 | H12: exp07_before_exp01_baseline | I12: Baseline (simple random split) | J12: [Exp07] Baseline (simple random split) [seed 52] | K12: Baseline (simple random split) [s52] | L12: Regular NER with DictaBERT | M12: 52 | N12: TRUE | O12: 0.66933868 | P12: 0.62081784 | Q12: 0.72608696 | R12: ok | S12: /content/drive/MyDrive/thesis_project/thesis/outputs/exp01/regular_ner_20260601_212556.json | T12: /content/drive/MyDrive/thesis_project/thesis/outputs/exp01/regular_ner_results_20260601_212546.xlsx | U12: FALSE | V12: auto | W12: 170.9
A13: dictabert | B13: dicta-il/dictabert | C13: DictaBERT | D13: exp01 | E13: Regular NER | F13: exp07 | G13: exp07_before_exp01_baseline__seed53 | H13: exp07_before_exp01_baseline | I13: Baseline (simple random split) | J13: [Exp07] Baseline (simple random split) [seed 53] | K13: Baseline (simple random split) [s53] | L13: Regular NER with DictaBERT | M13: 53 | N13: TRUE | O13: 0.66933868 | P13: 0.62081784 | Q13: 0.72608696 | R13: ok | S13: /content/drive/MyDrive/thesis_project/thesis/outputs/exp01/regular_ner_20260601_212841.json | T13: /content/drive/MyDrive/thesis_project/thesis/outputs/exp01/regular_ner_results_20260601_212832.xlsx | U13: FALSE | V13: auto | W13: 145
... A121: dictabert | B121: dicta-il/dictabert | C121: DictaBERT | D121: exp01 | E121: Regular NER | F121: exp07+aug | G121: exp07aug_after_multilabel_iterative_paper__seed61 | H121: exp07aug_after_multilabel_iterative_paper | I121: Multilabel stratified (paper-style) + Aug | J121: [Exp07+Aug] Multilabel stratified (paper-style) + Augmented [seed 61] | K121: Multilabel stratified (paper-style) + Aug [s61] | L121: Paper-style iterative stratification: rarest-label-first with tie-breaks by per-label need, then fold capacity, then random + LLM mask-fill augmentation | M121: 61 | N121: FALSE | O121: 0.80525164 | P121: 0.78297872 | Q121: 0.82882883 | R121: ok | S121: /content/drive/MyDrive/thesis_project/thesis/outputs/exp01/regular_ner_20260602_202416.json | T121: /content/drive/MyDrive/thesis_project/thesis/outputs/exp01/regular_ner_results_20260602_202416.xlsx | U121: FALSE | V121: auto | W121: 263.7
A122: dictabert | B122: dicta-il/dictabert | C122: DictaBERT | D122: exp04 | E122: AUC Cascaded Pipeline | F122: exp07 | G122: exp07_before_exp01_baseline__seed42 | H122: exp07_before_exp01_baseline | I122: Baseline (simple random split) | J122: [Exp07] Baseline (simple random split) [seed 42] | K122: Baseline (simple random split) [s42] | L122: Regular NER with DictaBERT | M122: 42 | N122: TRUE | O122: 0.74895397 | R122: ok_reused_base | S122: /content/drive/MyDrive/thesis_project/thesis/outputs/exp04/auc_cascaded_pipeline_20260601_210001.json | T122: /content/drive/MyDrive/thesis_project/thesis/outputs/exp04/cascaded_pipeline_results_20260601_210000.xlsx | U122: TRUE | V122: auto | W122: 0.8
A123: dictabert | B123: dicta-il/dictabert | C123: DictaBERT | D123: exp04 | E123: AUC Cascaded Pipeline | F123: exp07 | G123: exp07_before_exp01_baseline__seed43 | H123: exp07_before_exp01_baseline | I123: Baseline (simple random split) | J123: [Exp07] Baseline (simple random split) [seed 43] | K123: Baseline (simple random split) [s43] | L123: Regular NER with DictaBERT | M123: 43 | N123: TRUE | O123: 0.71910112 | R123: ok_reused_base | S123: /content/drive/MyDrive/thesis_project/thesis/outputs/exp04/auc_cascaded_pipeline_20260601_210200.json | T123: /content/drive/MyDrive/thesis_project/thesis/outputs/exp04/cascaded_pipeline_results_20260601_210159.xlsx | U123: TRUE | V123: auto | W123: 1
A124: dictabert | B124: dicta-il/dictabert | C124: DictaBERT | D124: exp04 | E124: AUC Cascaded Pipeline | F124: exp07 | G124: exp07_before_exp01_baseline__seed44 | H124: exp07_before_exp01_baseline | I124: Baseline (simple random split) | J124: [Exp07] Baseline (simple random split) [seed 44] | K124: Baseline (simple random split) [s44] | L124: Regular NER with DictaBERT | M124: 44 | N124: TRUE | O124: 0.70229008 | R124: ok_reused_base | S124: /content/drive/MyDrive/thesis_project/thesis/outputs/exp04/auc_cascaded_pipeline_20260601_210439.json | T124: /content/drive/MyDrive/thesis_project/thesis/outputs/exp04/cascaded_pipeline_results_20260601_210438.xlsx | U124: TRUE | V124: auto | W124: 0.7
A125: dictabert | B125: dicta-il/dictabert | C125: DictaBERT | D125: exp04 | E125: AUC Cascaded Pipeline | F125: exp07 | G125: exp07_before_exp01_baseline__seed45 | H125: exp07_before_exp01_baseline | I125: Baseline (simple random split) | J125: [Exp07] Baseline (simple random split) [seed 45] | K125: Baseline (simple random split) [s45] | L125: Regular NER with DictaBERT | M125: 45 | N125: TRUE | O125: 0.72881356 | R125: ok_reused_base | S125: /content/drive/MyDrive/thesis_project/thesis/outputs/exp04/auc_cascaded_pipeline_20260601_210715.json | T125: /content/drive/MyDrive/thesis_project/thesis/outputs/exp04/cascaded_pipeline_results_20260601_210714.xlsx | U125: TRUE | V125: auto | W125: 1
A126: dictabert | B126: dicta-il/dictabert | C126: DictaBERT | D126: exp04 | E126: AUC Cascaded Pipeline | F126: exp07 | G126: exp07_before_exp01_baseline__seed46 | H126: exp07_before_exp01_baseline | I126: Baseline (simple random split) | J126: [Exp07] Baseline (simple random split) [seed 46] | K126: Baseline (simple random split) [s46] | L126: Regular NER with DictaBERT | M126: 46 | N126: TRUE | O126: 0.69767442 | R126: ok_reused_base | S126: /content/drive/MyDrive/thesis_project/thesis/outputs/exp04/auc_cascaded_pipeline_20260601_211002.json | T126: /content/drive/MyDrive/thesis_project/thesis/outputs/exp04/cascaded_pipeline_results_20260601_211001.xlsx | U126: TRUE | V126: auto | W126: 0.7
A127: dictabert | B127: dicta-il/dictabert | C127: DictaBERT | D127: exp04 | E127: AUC Cascaded Pipeline | F127: exp07 | G127: exp07_before_exp01_baseline__seed47 | H127: exp07_before_exp01_baseline | I127: Baseline (simple random split) | J127: [Exp07] Baseline (simple random split) [seed 47] | K127: Baseline (simple random split) [s47] | L127: Regular NER with DictaBERT | M127: 47 | N127: TRUE | O127: 0.75527426 | R127: ok_reused_base | S127: /content/drive/MyDrive/thesis_project/thesis/outputs/exp04/auc_cascaded_pipeline_20260601_211301.json | T127: /content/drive/MyDrive/thesis_project/thesis/outputs/exp04/cascaded_pipeline_results_20260601_211251.xlsx | U127: TRUE | V127: auto | W127: 1
A128: dictabert | B128: dicta-il/dictabert | C128: DictaBERT | D128: exp04 | E128: AUC Cascaded Pipeline | F128: exp07 | G128: exp07_before_exp01_baseline__seed48 | H128: exp07_before_exp01_baseline | I128: Baseline (simple random split) | J128: [Exp07] Baseline (simple random split) [seed 48] | K128: Baseline (simple random split) [s48] | L128: Regular NER with DictaBERT | M128: 48 | N128: TRUE | O128: 0.73221757 | R128: ok_reused_base | S128: /content/drive/MyDrive/thesis_project/thesis/outputs/exp04/auc_cascaded_pipeline_20260601_211546.json | T128: /content/drive/MyDrive/thesis_project/thesis/outputs/exp04/cascaded_pipeline_results_20260601_211536.xlsx | U128: TRUE | V128: auto | W128: 0.8
A129: dictabert | B129: dicta-il/dictabert | C129: DictaBERT | D129: exp04 | E129: AUC Cascaded Pipeline | F129: exp07 | G129: exp07_before_exp01_baseline__seed49 | H129: exp07_before_exp01_baseline | I129: Baseline (simple random split) | J129: [Exp07] Baseline (simple random split) [seed 49] | K129: Baseline (simple random split) [s49] | L129: Regular NER with DictaBERT | M129: 49 | N129: TRUE | O129: 0.7348643 | R129: ok_reused_base | S129: /content/drive/MyDrive/thesis_project/thesis/outputs/exp04/auc_cascaded_pipeline_20260601_211829.json | T129: /content/drive/MyDrive/thesis_project/thesis/outputs/exp04/cascaded_pipeline_results_20260601_211828.xlsx | U129: TRUE | V129: auto | W129: 0.9
A130: dictabert | B130: dicta-il/dictabert | C130: DictaBERT | D130: exp04 | E130: AUC Cascaded Pipeline | F130: exp07 | G130: exp07_before_exp01_baseline__seed50 | H130: exp07_before_exp01_baseline | I130: Baseline (simple random split) | J130: [Exp07] Baseline (simple random split) [seed 50] | K130: Baseline (simple random split) [s50] | L130: Regular NER with DictaBERT | M130: 50 | N130: TRUE | O130: 0.74895397 | R130: ok_reused_base | S130: /content/drive/MyDrive/thesis_project/thesis/outputs/exp04/auc_cascaded_pipeline_20260601_212107.json | T130: /content/drive/MyDrive/thesis_project/thesis/outputs/exp04/cascaded_pipeline_results_20260601_212106.xlsx | U130: TRUE | V130: auto | W130: 0.7
A131: dictabert | B131: dicta-il/dictabert | C131: DictaBERT | D131: exp04 | E131: AUC Cascaded Pipeline | F131: exp07 | G131: exp07_before_exp01_baseline__seed51 | H131: exp07_before_exp01_baseline | I131: Baseline (simple random split) | J131: [Exp07] Baseline (simple random split) [seed 51] | K131: Baseline (simple random split) [s51] | L131: Regular NER with DictaBERT | M131: 51 | N131: TRUE | O131: 0.71398747 | R131: ok_reused_base | S131: /content/drive/MyDrive/thesis_project/thesis/outputs/exp04/auc_cascaded_pipeline_20260601_212411.json | T131: /content/drive/MyDrive/thesis_project/thesis/outputs/exp04/cascaded_pipeline_results_20260601_212400.xlsx | U131: TRUE | V131: auto | W131: 1
A132: dictabert | B132: dicta-il/dictabert | C132: DictaBERT | D132: exp04 | E132: AUC Cascaded Pipeline | F132: exp07 | G132: exp07_before_exp01_baseline__seed52 | H132: exp07_before_exp01_baseline | I132: Baseline (simple random split) | J132: [Exp07] Baseline (simple random split) [seed 52] | K132: Baseline (simple random split) [s52] | L132: Regular NER with DictaBERT | M132: 52 | N132: TRUE | O132: 0.71092077 | R132: ok_reused_base | S132: /content/drive/MyDrive/thesis_project/thesis/outputs/exp04/auc_cascaded_pipeline_20260601_212702.json | T132: /content/drive/MyDrive/thesis_project/thesis/outputs/exp04/cascaded_pipeline_results_20260601_212701.xlsx | U132: TRUE | V132: auto | W132: 0.7
A133: dictabert | B133: dicta-il/dictabert | C133: DictaBERT | D133: exp04 | E133: AUC Cascaded Pipeline | F133: exp07 | G133: exp07_before_exp01_baseline__seed53 | H133: exp07_before_exp01_baseline | I133: Baseline (simple random split) | J133: [Exp07] Baseline (simple random split) [seed 53] | K133: Baseline (simple random split) [s53] | L133: Regular NER with DictaBERT | M133: 53 | N133: TRUE | O133: 0.74369748 | R133: ok_reused_base | S133: /content/drive/MyDrive/thesis_project/thesis/outputs/exp04/auc_cascaded_pipeline_20260601_212927.json | T133: /content/drive/MyDrive/thesis_project/thesis/outputs/exp04/cascaded_pipeline_results_20260601_212926.xlsx | U133: TRUE | V133: auto | W133: 0.9
... A241: dictabert | B241: dicta-il/dictabert | C241: DictaBERT | D241: exp04 | E241: AUC Cascaded Pipeline | F241: exp07+aug | G241: exp07aug_after_multilabel_iterative_paper__seed61 | H241: exp07aug_after_multilabel_iterative_paper | I241: Multilabel stratified (paper-style) + Aug | J241: [Exp07+Aug] Multilabel stratified (paper-style) + Augmented [seed 61] | K241: Multilabel stratified (paper-style) + Aug [s61] | L241: Paper-style iterative stratification: rarest-label-first with tie-breaks by per-label need, then fold capacity, then random + LLM mask-fill augmentation | M241: 61 | N241: FALSE | O241: 0.81127983 | R241: ok_reused_base | S241: /content/drive/MyDrive/thesis_project/thesis/outputs/exp04/auc_cascaded_pipeline_20260602_202652.json | T241: /content/drive/MyDrive/thesis_project/thesis/outputs/exp04/cascaded_pipeline_results_20260602_202651.xlsx | U241: TRUE | V241: auto | W241: 0
A242: dictabert | B242: dicta-il/dictabert | C242: DictaBERT | D242: exp05_ready | E242: AUC Cascaded Step-3 Consistency (Ready) | F242: exp07 | G242: exp07_before_exp01_baseline__seed42 | H242: exp07_before_exp01_baseline | I242: Baseline (simple random split) | J242: [Exp07] Baseline (simple random split) [seed 42] | K242: Baseline (simple random split) [s42] | L242: Regular NER with DictaBERT | M242: 42 | N242: TRUE | O242: 0.75156576 | P242: 0.72289157 | Q242: 0.7826087 | R242: ok | S242: /content/drive/MyDrive/thesis_project/thesis/outputs/exp05_ready/cascaded_step3_consistent_ready_20260717_102530.json | T242: /content/drive/MyDrive/thesis_project/thesis/outputs/exp05_ready/cascaded_step3_consistent_ready_results_20260717_102527.xlsx | U242: TRUE | V242: auto | W242: 7.7
A243: dictabert | B243: dicta-il/dictabert | C243: DictaBERT | D243: exp05_ready | E243: AUC Cascaded Step-3 Consistency (Ready) | F243: exp07 | G243: exp07_before_exp01_baseline__seed43 | H243: exp07_before_exp01_baseline | I243: Baseline (simple random split) | J243: [Exp07] Baseline (simple random split) [seed 43] | K243: Baseline (simple random split) [s43] | L243: Regular NER with DictaBERT | M243: 43 | N243: TRUE | O243: 0.7309417 | P243: 0.75462963 | Q243: 0.70869565 | R243: ok | S243: /content/drive/MyDrive/thesis_project/thesis/outputs/exp05_ready/cascaded_step3_consistent_ready_20260602_202818.json | T243: /content/drive/MyDrive/thesis_project/thesis/outputs/exp05_ready/cascaded_step3_consistent_ready_results_20260602_202817.xlsx | U243: TRUE | V243: auto | W243: 2.3
A244: dictabert | B244: dicta-il/dictabert | C244: DictaBERT | D244: exp05_ready | E244: AUC Cascaded Step-3 Consistency (Ready) | F244: exp07 | G244: exp07_before_exp01_baseline__seed44 | H244: exp07_before_exp01_baseline | I244: Baseline (simple random split) | J244: [Exp07] Baseline (simple random split) [seed 44] | K244: Baseline (simple random split) [s44] | L244: Regular NER with DictaBERT | M244: 44 | N244: TRUE | O244: 0.71102662 | P244: 0.63175676 | Q244: 0.81304348 | R244: ok | S244: /content/drive/MyDrive/thesis_project/thesis/outputs/exp05_ready/cascaded_step3_consistent_ready_20260602_202820.json | T244: /content/drive/MyDrive/thesis_project/thesis/outputs/exp05_ready/cascaded_step3_consistent_ready_results_20260602_202819.xlsx | U244: TRUE | V244: auto | W244: 1.9
A245: dictabert | B245: dicta-il/dictabert | C245: DictaBERT | D245: exp05_ready | E245: AUC Cascaded Step-3 Consistency (Ready) | F245: exp07 | G245: exp07_before_exp01_baseline__seed45 | H245: exp07_before_exp01_baseline | I245: Baseline (simple random split) | J245: [Exp07] Baseline (simple random split) [seed 45] | K245: Baseline (simple random split) [s45] | L245: Regular NER with DictaBERT | M245: 45 | N245: TRUE | O245: 0.73572939 | P245: 0.71604938 | Q245: 0.75652174 | R245: ok | S245: /content/drive/MyDrive/thesis_project/thesis/outputs/exp05_ready/cascaded_step3_consistent_ready_20260602_202822.json | T245: /content/drive/MyDrive/thesis_project/thesis/outputs/exp05_ready/cascaded_step3_consistent_ready_results_20260602_202822.xlsx | U245: TRUE | V245: auto | W245: 2.4
A246: dictabert | B246: dicta-il/dictabert | C246: DictaBERT | D246: exp05_ready | E246: AUC Cascaded Step-3 Consistency (Ready) | F246: exp07 | G246: exp07_before_exp01_baseline__seed46 | H246: exp07_before_exp01_baseline | I246: Baseline (simple random split) | J246: [Exp07] Baseline (simple random split) [seed 46] | K246: Baseline (simple random split) [s46] | L246: Regular NER with DictaBERT | M246: 46 | N246: TRUE | O246: 0.70315789 | P246: 0.68163265 | Q246: 0.72608696 | R246: ok | S246: /content/drive/MyDrive/thesis_project/thesis/outputs/exp05_ready/cascaded_step3_consistent_ready_20260602_202824.json | T246: /content/drive/MyDrive/thesis_project/thesis/outputs/exp05_ready/cascaded_step3_consistent_ready_results_20260602_202824.xlsx | U246: TRUE | V246: auto | W246: 2.3
A247: dictabert | B247: dicta-il/dictabert | C247: DictaBERT | D247: exp05_ready | E247: AUC Cascaded Step-3 Consistency (Ready) | F247: exp07 | G247: exp07_before_exp01_baseline__seed47 | H247: exp07_before_exp01_baseline | I247: Baseline (simple random split) | J247: [Exp07] Baseline (simple random split) [seed 47] | K247: Baseline (simple random split) [s47] | L247: Regular NER with DictaBERT | M247: 47 | N247: TRUE | O247: 0.7605042 | P247: 0.73577236 | Q247: 0.78695652 | R247: ok | S247: /content/drive/MyDrive/thesis_project/thesis/outputs/exp05_ready/cascaded_step3_consistent_ready_20260602_202826.json | T247: /content/drive/MyDrive/thesis_project/thesis/outputs/exp05_ready/cascaded_step3_consistent_ready_results_20260602_202825.xlsx | U247: TRUE | V247: auto | W247: 1.4
A248: dictabert | B248: dicta-il/dictabert | C248: DictaBERT | D248: exp05_ready | E248: AUC Cascaded Step-3 Consistency (Ready) | F248: exp07 | G248: exp07_before_exp01_baseline__seed48 | H248: exp07_before_exp01_baseline | I248: Baseline (simple random split) | J248: [Exp07] Baseline (simple random split) [seed 48] | K248: Baseline (simple random split) [s48] | L248: Regular NER with DictaBERT | M248: 48 | N248: TRUE | O248: 0.73903967 | P248: 0.71084337 | Q248: 0.76956522 | R248: ok | S248: /content/drive/MyDrive/thesis_project/thesis/outputs/exp05_ready/cascaded_step3_consistent_ready_20260602_202827.json | T248: /content/drive/MyDrive/thesis_project/thesis/outputs/exp05_ready/cascaded_step3_consistent_ready_results_20260602_202827.xlsx | U248: TRUE | V248: auto | W248: 1.4
A249: dictabert | B249: dicta-il/dictabert | C249: DictaBERT | D249: exp05_ready | E249: AUC Cascaded Step-3 Consistency (Ready) | F249: exp07 | G249: exp07_before_exp01_baseline__seed49 | H249: exp07_before_exp01_baseline | I249: Baseline (simple random split) | J249: [Exp07] Baseline (simple random split) [seed 49] | K249: Baseline (simple random split) [s49] | L249: Regular NER with DictaBERT | M249: 49 | N249: TRUE | O249: 0.74166667 | P249: 0.712 | Q249: 0.77391304 | R249: ok | S249: /content/drive/MyDrive/thesis_project/thesis/outputs/exp05_ready/cascaded_step3_consistent_ready_20260602_202828.json | T249: /content/drive/MyDrive/thesis_project/thesis/outputs/exp05_ready/cascaded_step3_consistent_ready_results_20260602_202828.xlsx | U249: TRUE | V249: auto | W249: 1.4
A250: dictabert | B250: dicta-il/dictabert | C250: DictaBERT | D250: exp05_ready | E250: AUC Cascaded Step-3 Consistency (Ready) | F250: exp07 | G250: exp07_before_exp01_baseline__seed50 | H250: exp07_before_exp01_baseline | I250: Baseline (simple random split) | J250: [Exp07] Baseline (simple random split) [seed 50] | K250: Baseline (simple random split) [s50] | L250: Regular NER with DictaBERT | M250: 50 | N250: TRUE | O250: 0.75991649 | P250: 0.73092369 | Q250: 0.79130435 | R250: ok | S250: /content/drive/MyDrive/thesis_project/thesis/outputs/exp05_ready/cascaded_step3_consistent_ready_20260602_202830.json | T250: /content/drive/MyDrive/thesis_project/thesis/outputs/exp05_ready/cascaded_step3_consistent_ready_results_20260602_202830.xlsx | U250: TRUE | V250: auto | W250: 1.4
A251: dictabert | B251: dicta-il/dictabert | C251: DictaBERT | D251: exp05_ready | E251: AUC Cascaded Step-3 Consistency (Ready) | F251: exp07 | G251: exp07_before_exp01_baseline__seed51 | H251: exp07_before_exp01_baseline | I251: Baseline (simple random split) | J251: [Exp07] Baseline (simple random split) [seed 51] | K251: Baseline (simple random split) [s51] | L251: Regular NER with DictaBERT | M251: 51 | N251: TRUE | O251: 0.71666667 | P251: 0.688 | Q251: 0.74782609 | R251: ok | S251: /content/drive/MyDrive/thesis_project/thesis/outputs/exp05_ready/cascaded_step3_consistent_ready_20260602_202832.json | T251: /content/drive/MyDrive/thesis_project/thesis/outputs/exp05_ready/cascaded_step3_consistent_ready_results_20260602_202831.xlsx | U251: TRUE | V251: auto | W251: 1.8
A252: dictabert | B252: dicta-il/dictabert | C252: DictaBERT | D252: exp05_ready | E252: AUC Cascaded Step-3 Consistency (Ready) | F252: exp07 | G252: exp07_before_exp01_baseline__seed52 | H252: exp07_before_exp01_baseline | I252: Baseline (simple random split) | J252: [Exp07] Baseline (simple random split) [seed 52] | K252: Baseline (simple random split) [s52] | L252: Regular NER with DictaBERT | M252: 52 | N252: TRUE | O252: 0.72649573 | P252: 0.71428571 | Q252: 0.73913043 | R252: ok | S252: /content/drive/MyDrive/thesis_project/thesis/outputs/exp05_ready/cascaded_step3_consistent_ready_20260602_202833.json | T252: /content/drive/MyDrive/thesis_project/thesis/outputs/exp05_ready/cascaded_step3_consistent_ready_results_20260602_202833.xlsx | U252: TRUE | V252: auto | W252: 1.6
A253: dictabert | B253: dicta-il/dictabert | C253: DictaBERT | D253: exp05_ready | E253: AUC Cascaded Step-3 Consistency (Ready) | F253: exp07 | G253: exp07_before_exp01_baseline__seed53 | H253: exp07_before_exp01_baseline | I253: Baseline (simple random split) | J253: [Exp07] Baseline (simple random split) [seed 53] | K253: Baseline (simple random split) [s53] | L253: Regular NER with DictaBERT | M253: 53 | N253: TRUE | O253: 0.74633124 | P253: 0.72064777 | Q253: 0.77391304 | R253: ok | S253: /content/drive/MyDrive/thesis_project/thesis/outputs/exp05_ready/cascaded_step3_consistent_ready_20260602_202835.json | T253: /content/drive/MyDrive/thesis_project/thesis/outputs/exp05_ready/cascaded_step3_consistent_ready_results_20260602_202834.xlsx | U253: TRUE | V253: auto | W253: 1.3
... A721: berel | B721: dicta-il/BEREL_3.0 | C721: BEREL 3.0 | D721: exp01 | E721: Regular NER | F721: exp07+aug | G721: exp07aug_after_multilabel_iterative_paper__seed61 | H721: exp07aug_after_multilabel_iterative_paper | I721: Multilabel stratified (paper-style) + Aug | J721: [Exp07+Aug] Multilabel stratified (paper-style) + Augmented [seed 61] | K721: Multilabel stratified (paper-style) + Aug [s61] | L721: Paper-style iterative stratification: rarest-label-first with tie-breaks by per-label need, then fold capacity, then random + LLM mask-fill augmentation | M721: 61 | N721: FALSE | O721: 0.84257206 | P721: 0.82969432 | Q721: 0.85585586 | R721: ok | S721: /content/drive/MyDrive/thesis_project/thesis/outputs/exp01/regular_ner_20260603_112254.json | T721: /content/drive/MyDrive/thesis_project/thesis/outputs/exp01/regular_ner_results_20260603_112254.xlsx | U721: FALSE | V721: auto | W721: 253.8
A722: berel | B722: dicta-il/BEREL_3.0 | C722: BEREL 3.0 | D722: exp04 | E722: AUC Cascaded Pipeline | F722: exp07 | G722: exp07_before_exp01_baseline__seed42 | H722: exp07_before_exp01_baseline | I722: Baseline (simple random split) | J722: [Exp07] Baseline (simple random split) [seed 42] | K722: Baseline (simple random split) [s42] | L722: Regular NER with DictaBERT | M722: 42 | N722: TRUE | O722: 0.71193416 | R722: ok_reused_base | S722: /content/drive/MyDrive/thesis_project/thesis/outputs/exp04/auc_cascaded_pipeline_20260602_203913.json | T722: /content/drive/MyDrive/thesis_project/thesis/outputs/exp04/cascaded_pipeline_results_20260602_203911.xlsx | U722: TRUE | V722: auto | W722: 0.6
A723: berel | B723: dicta-il/BEREL_3.0 | C723: BEREL 3.0 | D723: exp04 | E723: AUC Cascaded Pipeline | F723: exp07 | G723: exp07_before_exp01_baseline__seed43 | H723: exp07_before_exp01_baseline | I723: Baseline (simple random split) | J723: [Exp07] Baseline (simple random split) [seed 43] | K723: Baseline (simple random split) [s43] | L723: Regular NER with DictaBERT | M723: 43 | N723: TRUE | O723: 0.5203252 | R723: ok_reused_base | S723: /content/drive/MyDrive/thesis_project/thesis/outputs/exp04/auc_cascaded_pipeline_20260602_205639.json | T723: /content/drive/MyDrive/thesis_project/thesis/outputs/exp04/cascaded_pipeline_results_20260602_205637.xlsx | U723: TRUE | V723: auto | W723: 0.7
A724: berel | B724: dicta-il/BEREL_3.0 | C724: BEREL 3.0 | D724: exp04 | E724: AUC Cascaded Pipeline | F724: exp07 | G724: exp07_before_exp01_baseline__seed44 | H724: exp07_before_exp01_baseline | I724: Baseline (simple random split) | J724: [Exp07] Baseline (simple random split) [seed 44] | K724: Baseline (simple random split) [s44] | L724: Regular NER with DictaBERT | M724: 44 | N724: TRUE | O724: 0.58248473 | R724: ok_reused_base | S724: /content/drive/MyDrive/thesis_project/thesis/outputs/exp04/auc_cascaded_pipeline_20260602_205726.json | T724: /content/drive/MyDrive/thesis_project/thesis/outputs/exp04/cascaded_pipeline_results_20260602_205724.xlsx | U724: TRUE | V724: auto | W724: 0.9
A725: berel | B725: dicta-il/BEREL_3.0 | C725: BEREL 3.0 | D725: exp04 | E725: AUC Cascaded Pipeline | F725: exp07 | G725: exp07_before_exp01_baseline__seed45 | H725: exp07_before_exp01_baseline | I725: Baseline (simple random split) | J725: [Exp07] Baseline (simple random split) [seed 45] | K725: Baseline (simple random split) [s45] | L725: Regular NER with DictaBERT | M725: 45 | N725: TRUE | O725: 0.71816284 | R725: ok_reused_base | S725: /content/drive/MyDrive/thesis_project/thesis/outputs/exp04/auc_cascaded_pipeline_20260602_205820.json | T725: /content/drive/MyDrive/thesis_project/thesis/outputs/exp04/cascaded_pipeline_results_20260602_205819.xlsx | U725: TRUE | V725: auto | W725: 0.7
A726: berel | B726: dicta-il/BEREL_3.0 | C726: BEREL 3.0 | D726: exp04 | E726: AUC Cascaded Pipeline | F726: exp07 | G726: exp07_before_exp01_baseline__seed46 | H726: exp07_before_exp01_baseline | I726: Baseline (simple random split) | J726: [Exp07] Baseline (simple random split) [seed 46] | K726: Baseline (simple random split) [s46] | L726: Regular NER with DictaBERT | M726: 46 | N726: TRUE | O726: 0.54746137 | R726: ok_reused_base | S726: /content/drive/MyDrive/thesis_project/thesis/outputs/exp04/auc_cascaded_pipeline_20260602_205904.json | T726: /content/drive/MyDrive/thesis_project/thesis/outputs/exp04/cascaded_pipeline_results_20260602_205903.xlsx | U726: TRUE | V726: auto | W726: 0.7
A727: berel | B727: dicta-il/BEREL_3.0 | C727: BEREL 3.0 | D727: exp04 | E727: AUC Cascaded Pipeline | F727: exp07 | G727: exp07_before_exp01_baseline__seed47 | H727: exp07_before_exp01_baseline | I727: Baseline (simple random split) | J727: [Exp07] Baseline (simple random split) [seed 47] | K727: Baseline (simple random split) [s47] | L727: Regular NER with DictaBERT | M727: 47 | N727: TRUE | O727: 0.71635611 | R727: ok_reused_base | S727: /content/drive/MyDrive/thesis_project/thesis/outputs/exp04/auc_cascaded_pipeline_20260602_205959.json | T727: /content/drive/MyDrive/thesis_project/thesis/outputs/exp04/cascaded_pipeline_results_20260602_205957.xlsx | U727: TRUE | V727: auto | W727: 3.3
A728: berel | B728: dicta-il/BEREL_3.0 | C728: BEREL 3.0 | D728: exp04 | E728: AUC Cascaded Pipeline | F728: exp07 | G728: exp07_before_exp01_baseline__seed48 | H728: exp07_before_exp01_baseline | I728: Baseline (simple random split) | J728: [Exp07] Baseline (simple random split) [seed 48] | K728: Baseline (simple random split) [s48] | L728: Regular NER with DictaBERT | M728: 48 | N728: TRUE | O728: 0.74518201 | R728: ok_reused_base | S728: /content/drive/MyDrive/thesis_project/thesis/outputs/exp04/auc_cascaded_pipeline_20260602_210054.json | T728: /content/drive/MyDrive/thesis_project/thesis/outputs/exp04/cascaded_pipeline_results_20260602_210052.xlsx | U728: TRUE | V728: auto | W728: 0.9
A729: berel | B729: dicta-il/BEREL_3.0 | C729: BEREL 3.0 | D729: exp04 | E729: AUC Cascaded Pipeline | F729: exp07 | G729: exp07_before_exp01_baseline__seed49 | H729: exp07_before_exp01_baseline | I729: Baseline (simple random split) | J729: [Exp07] Baseline (simple random split) [seed 49] | K729: Baseline (simple random split) [s49] | L729: Regular NER with DictaBERT | M729: 49 | N729: TRUE | O729: 0.71721311 | R729: ok_reused_base | S729: /content/drive/MyDrive/thesis_project/thesis/outputs/exp04/auc_cascaded_pipeline_20260602_210149.json | T729: /content/drive/MyDrive/thesis_project/thesis/outputs/exp04/cascaded_pipeline_results_20260602_210147.xlsx | U729: TRUE | V729: auto | W729: 0.7
A730: berel | B730: dicta-il/BEREL_3.0 | C730: BEREL 3.0 | D730: exp04 | E730: AUC Cascaded Pipeline | F730: exp07 | G730: exp07_before_exp01_baseline__seed50 | H730: exp07_before_exp01_baseline | I730: Baseline (simple random split) | J730: [Exp07] Baseline (simple random split) [seed 50] | K730: Baseline (simple random split) [s50] | L730: Regular NER with DictaBERT | M730: 50 | N730: TRUE | O730: 0.7257384 | R730: ok_reused_base | S730: /content/drive/MyDrive/thesis_project/thesis/outputs/exp04/auc_cascaded_pipeline_20260602_210243.json | T730: /content/drive/MyDrive/thesis_project/thesis/outputs/exp04/cascaded_pipeline_results_20260602_210242.xlsx | U730: TRUE | V730: auto | W730: 0.6
A731: berel | B731: dicta-il/BEREL_3.0 | C731: BEREL 3.0 | D731: exp04 | E731: AUC Cascaded Pipeline | F731: exp07 | G731: exp07_before_exp01_baseline__seed51 | H731: exp07_before_exp01_baseline | I731: Baseline (simple random split) | J731: [Exp07] Baseline (simple random split) [seed 51] | K731: Baseline (simple random split) [s51] | L731: Regular NER with DictaBERT | M731: 51 | N731: TRUE | O731: 0.46330275 | R731: ok_reused_base | S731: /content/drive/MyDrive/thesis_project/thesis/outputs/exp04/auc_cascaded_pipeline_20260602_210327.json | T731: /content/drive/MyDrive/thesis_project/thesis/outputs/exp04/cascaded_pipeline_results_20260602_210326.xlsx | U731: TRUE | V731: auto | W731: 0.8
A732: berel | B732: dicta-il/BEREL_3.0 | C732: BEREL 3.0 | D732: exp04 | E732: AUC Cascaded Pipeline | F732: exp07 | G732: exp07_before_exp01_baseline__seed52 | H732: exp07_before_exp01_baseline | I732: Baseline (simple random split) | J732: [Exp07] Baseline (simple random split) [seed 52] | K732: Baseline (simple random split) [s52] | L732: Regular NER with DictaBERT | M732: 52 | N732: TRUE | O732: 0.72842105 | R732: ok_reused_base | S732: /content/drive/MyDrive/thesis_project/thesis/outputs/exp04/auc_cascaded_pipeline_20260602_210422.json | T732: /content/drive/MyDrive/thesis_project/thesis/outputs/exp04/cascaded_pipeline_results_20260602_210421.xlsx | U732: TRUE | V732: auto | W732: 0.9
A733: berel | B733: dicta-il/BEREL_3.0 | C733: BEREL 3.0 | D733: exp04 | E733: AUC Cascaded Pipeline | F733: exp07 | G733: exp07_before_exp01_baseline__seed53 | H733: exp07_before_exp01_baseline | I733: Baseline (simple random split) | J733: [Exp07] Baseline (simple random split) [seed 53] | K733: Baseline (simple random split) [s53] | L733: Regular NER with DictaBERT | M733: 53 | N733: TRUE | O733: 0.47479675 | R733: ok_reused_base | S733: /content/drive/MyDrive/thesis_project/thesis/outputs/exp04/auc_cascaded_pipeline_20260602_210508.json | T733: /content/drive/MyDrive/thesis_project/thesis/outputs/exp04/cascaded_pipeline_results_20260602_210506.xlsx | U733: TRUE | V733: auto | W733: 0.7
... A841: berel | B841: dicta-il/BEREL_3.0 | C841: BEREL 3.0 | D841: exp04 | E841: AUC Cascaded Pipeline | F841: exp07+aug | G841: exp07aug_after_multilabel_iterative_paper__seed61 | H841: exp07aug_after_multilabel_iterative_paper | I841: Multilabel stratified (paper-style) + Aug | J841: [Exp07+Aug] Multilabel stratified (paper-style) + Augmented [seed 61] | K841: Multilabel stratified (paper-style) + Aug [s61] | L841: Paper-style iterative stratification: rarest-label-first with tie-breaks by per-label need, then fold capacity, then random + LLM mask-fill augmentation | M841: 61 | N841: FALSE | O841: 0.84395604 | R841: ok_reused_base | S841: /content/drive/MyDrive/thesis_project/thesis/outputs/exp04/auc_cascaded_pipeline_20260603_112519.json | T841: /content/drive/MyDrive/thesis_project/thesis/outputs/exp04/cascaded_pipeline_results_20260603_112518.xlsx | U841: TRUE | V841: auto | W841: 0
A842: berel | B842: dicta-il/BEREL_3.0 | C842: BEREL 3.0 | D842: exp05_ready | E842: AUC Cascaded Step-3 Consistency (Ready) | F842: exp07 | G842: exp07_before_exp01_baseline__seed42 | H842: exp07_before_exp01_baseline | I842: Baseline (simple random split) | J842: [Exp07] Baseline (simple random split) [seed 42] | K842: Baseline (simple random split) [s42] | L842: Regular NER with DictaBERT | M842: 42 | N842: TRUE | O842: 0.71165644 | P842: 0.67181467 | Q842: 0.75652174 | R842: ok | S842: /content/drive/MyDrive/thesis_project/thesis/outputs/exp05_ready/cascaded_step3_consistent_ready_20260717_102631.json | T842: /content/drive/MyDrive/thesis_project/thesis/outputs/exp05_ready/cascaded_step3_consistent_ready_results_20260717_102630.xlsx | U842: TRUE | V842: auto | W842: 2.6
A843: berel | B843: dicta-il/BEREL_3.0 | C843: BEREL 3.0 | D843: exp05_ready | E843: AUC Cascaded Step-3 Consistency (Ready) | F843: exp07 | G843: exp07_before_exp01_baseline__seed43 | H843: exp07_before_exp01_baseline | I843: Baseline (simple random split) | J843: [Exp07] Baseline (simple random split) [seed 43] | K843: Baseline (simple random split) [s43] | L843: Regular NER with DictaBERT | M843: 43 | N843: TRUE | O843: 0.51717172 | P843: 0.48301887 | Q843: 0.55652174 | R843: ok | S843: /content/drive/MyDrive/thesis_project/thesis/outputs/exp05_ready/cascaded_step3_consistent_ready_20260603_112702.json | T843: /content/drive/MyDrive/thesis_project/thesis/outputs/exp05_ready/cascaded_step3_consistent_ready_results_20260603_112702.xlsx | U843: TRUE | V843: auto | W843: 2.9
A844: berel | B844: dicta-il/BEREL_3.0 | C844: BEREL 3.0 | D844: exp05_ready | E844: AUC Cascaded Step-3 Consistency (Ready) | F844: exp07 | G844: exp07_before_exp01_baseline__seed44 | H844: exp07_before_exp01_baseline | I844: Baseline (simple random split) | J844: [Exp07] Baseline (simple random split) [seed 44] | K844: Baseline (simple random split) [s44] | L844: Regular NER with DictaBERT | M844: 44 | N844: TRUE | O844: 0.58704453 | P844: 0.54924242 | Q844: 0.63043478 | R844: ok | S844: /content/drive/MyDrive/thesis_project/thesis/outputs/exp05_ready/cascaded_step3_consistent_ready_20260603_112704.json | T844: /content/drive/MyDrive/thesis_project/thesis/outputs/exp05_ready/cascaded_step3_consistent_ready_results_20260603_112703.xlsx | U844: TRUE | V844: auto | W844: 1.7
A845: berel | B845: dicta-il/BEREL_3.0 | C845: BEREL 3.0 | D845: exp05_ready | E845: AUC Cascaded Step-3 Consistency (Ready) | F845: exp07 | G845: exp07_before_exp01_baseline__seed45 | H845: exp07_before_exp01_baseline | I845: Baseline (simple random split) | J845: [Exp07] Baseline (simple random split) [seed 45] | K845: Baseline (simple random split) [s45] | L845: Regular NER with DictaBERT | M845: 45 | N845: TRUE | O845: 0.72727273 | P845: 0.69291339 | Q845: 0.76521739 | R845: ok | S845: /content/drive/MyDrive/thesis_project/thesis/outputs/exp05_ready/cascaded_step3_consistent_ready_20260603_112707.json | T845: /content/drive/MyDrive/thesis_project/thesis/outputs/exp05_ready/cascaded_step3_consistent_ready_results_20260603_112706.xlsx | U845: TRUE | V845: auto | W845: 3
A846: berel | B846: dicta-il/BEREL_3.0 | C846: BEREL 3.0 | D846: exp05_ready | E846: AUC Cascaded Step-3 Consistency (Ready) | F846: exp07 | G846: exp07_before_exp01_baseline__seed46 | H846: exp07_before_exp01_baseline | I846: Baseline (simple random split) | J846: [Exp07] Baseline (simple random split) [seed 46] | K846: Baseline (simple random split) [s46] | L846: Regular NER with DictaBERT | M846: 46 | N846: TRUE | O846: 0.55506608 | P846: 0.5625 | Q846: 0.54782609 | R846: ok | S846: /content/drive/MyDrive/thesis_project/thesis/outputs/exp05_ready/cascaded_step3_consistent_ready_20260603_112708.json | T846: /content/drive/MyDrive/thesis_project/thesis/outputs/exp05_ready/cascaded_step3_consistent_ready_results_20260603_112708.xlsx | U846: TRUE | V846: auto | W846: 1.4
A847: berel | B847: dicta-il/BEREL_3.0 | C847: BEREL 3.0 | D847: exp05_ready | E847: AUC Cascaded Step-3 Consistency (Ready) | F847: exp07 | G847: exp07_before_exp01_baseline__seed47 | H847: exp07_before_exp01_baseline | I847: Baseline (simple random split) | J847: [Exp07] Baseline (simple random split) [seed 47] | K847: Baseline (simple random split) [s47] | L847: Regular NER with DictaBERT | M847: 47 | N847: TRUE | O847: 0.73100616 | P847: 0.692607 | Q847: 0.77391304 | R847: ok | S847: /content/drive/MyDrive/thesis_project/thesis/outputs/exp05_ready/cascaded_step3_consistent_ready_20260603_112710.json | T847: /content/drive/MyDrive/thesis_project/thesis/outputs/exp05_ready/cascaded_step3_consistent_ready_results_20260603_112709.xlsx | U847: TRUE | V847: auto | W847: 1.4
A848: berel | B848: dicta-il/BEREL_3.0 | C848: BEREL 3.0 | D848: exp05_ready | E848: AUC Cascaded Step-3 Consistency (Ready) | F848: exp07 | G848: exp07_before_exp01_baseline__seed48 | H848: exp07_before_exp01_baseline | I848: Baseline (simple random split) | J848: [Exp07] Baseline (simple random split) [seed 48] | K848: Baseline (simple random split) [s48] | L848: Regular NER with DictaBERT | M848: 48 | N848: TRUE | O848: 0.75744681 | P848: 0.74166667 | Q848: 0.77391304 | R848: ok | S848: /content/drive/MyDrive/thesis_project/thesis/outputs/exp05_ready/cascaded_step3_consistent_ready_20260603_112711.json | T848: /content/drive/MyDrive/thesis_project/thesis/outputs/exp05_ready/cascaded_step3_consistent_ready_results_20260603_112711.xlsx | U848: TRUE | V848: auto | W848: 1.4
A849: berel | B849: dicta-il/BEREL_3.0 | C849: BEREL 3.0 | D849: exp05_ready | E849: AUC Cascaded Step-3 Consistency (Ready) | F849: exp07 | G849: exp07_before_exp01_baseline__seed49 | H849: exp07_before_exp01_baseline | I849: Baseline (simple random split) | J849: [Exp07] Baseline (simple random split) [seed 49] | K849: Baseline (simple random split) [s49] | L849: Regular NER with DictaBERT | M849: 49 | N849: TRUE | O849: 0.73210634 | P849: 0.69111969 | Q849: 0.77826087 | R849: ok | S849: /content/drive/MyDrive/thesis_project/thesis/outputs/exp05_ready/cascaded_step3_consistent_ready_20260603_112712.json | T849: /content/drive/MyDrive/thesis_project/thesis/outputs/exp05_ready/cascaded_step3_consistent_ready_results_20260603_112712.xlsx | U849: TRUE | V849: auto | W849: 1.4
A850: berel | B850: dicta-il/BEREL_3.0 | C850: BEREL 3.0 | D850: exp05_ready | E850: AUC Cascaded Step-3 Consistency (Ready) | F850: exp07 | G850: exp07_before_exp01_baseline__seed50 | H850: exp07_before_exp01_baseline | I850: Baseline (simple random split) | J850: [Exp07] Baseline (simple random split) [seed 50] | K850: Baseline (simple random split) [s50] | L850: Regular NER with DictaBERT | M850: 50 | N850: TRUE | O850: 0.7394958 | P850: 0.71544715 | Q850: 0.76521739 | R850: ok | S850: /content/drive/MyDrive/thesis_project/thesis/outputs/exp05_ready/cascaded_step3_consistent_ready_20260603_112714.json | T850: /content/drive/MyDrive/thesis_project/thesis/outputs/exp05_ready/cascaded_step3_consistent_ready_results_20260603_112714.xlsx | U850: TRUE | V850: auto | W850: 1.6
A851: berel | B851: dicta-il/BEREL_3.0 | C851: BEREL 3.0 | D851: exp05_ready | E851: AUC Cascaded Step-3 Consistency (Ready) | F851: exp07 | G851: exp07_before_exp01_baseline__seed51 | H851: exp07_before_exp01_baseline | I851: Baseline (simple random split) | J851: [Exp07] Baseline (simple random split) [seed 51] | K851: Baseline (simple random split) [s51] | L851: Regular NER with DictaBERT | M851: 51 | N851: TRUE | O851: 0.46575342 | P851: 0.49038462 | Q851: 0.44347826 | R851: ok | S851: /content/drive/MyDrive/thesis_project/thesis/outputs/exp05_ready/cascaded_step3_consistent_ready_20260603_112716.json | T851: /content/drive/MyDrive/thesis_project/thesis/outputs/exp05_ready/cascaded_step3_consistent_ready_results_20260603_112716.xlsx | U851: TRUE | V851: auto | W851: 1.8
A852: berel | B852: dicta-il/BEREL_3.0 | C852: BEREL 3.0 | D852: exp05_ready | E852: AUC Cascaded Step-3 Consistency (Ready) | F852: exp07 | G852: exp07_before_exp01_baseline__seed52 | H852: exp07_before_exp01_baseline | I852: Baseline (simple random split) | J852: [Exp07] Baseline (simple random split) [seed 52] | K852: Baseline (simple random split) [s52] | L852: Regular NER with DictaBERT | M852: 52 | N852: TRUE | O852: 0.73903967 | P852: 0.71084337 | Q852: 0.76956522 | R852: ok | S852: /content/drive/MyDrive/thesis_project/thesis/outputs/exp05_ready/cascaded_step3_consistent_ready_20260603_112717.json | T852: /content/drive/MyDrive/thesis_project/thesis/outputs/exp05_ready/cascaded_step3_consistent_ready_results_20260603_112717.xlsx | U852: TRUE | V852: auto | W852: 1.4
A853: berel | B853: dicta-il/BEREL_3.0 | C853: BEREL 3.0 | D853: exp05_ready | E853: AUC Cascaded Step-3 Consistency (Ready) | F853: exp07 | G853: exp07_before_exp01_baseline__seed53 | H853: exp07_before_exp01_baseline | I853: Baseline (simple random split) | J853: [Exp07] Baseline (simple random split) [seed 53] | K853: Baseline (simple random split) [s53] | L853: Regular NER with DictaBERT | M853: 53 | N853: TRUE | O853: 0.47266881 | P853: 0.375 | Q853: 0.63913043 | R853: ok | S853: /content/drive/MyDrive/thesis_project/thesis/outputs/exp05_ready/cascaded_step3_consistent_ready_20260603_112719.json | T853: /content/drive/MyDrive/thesis_project/thesis/outputs/exp05_ready/cascaded_step3_consistent_ready_results_20260603_112719.xlsx | U853: TRUE | V853: auto | W853: 1.5
... A1321: hero | B1321: HeNLP/HeRo | C1321: HeRo | D1321: exp01 | E1321: Regular NER | F1321: exp07+aug | G1321: exp07aug_after_multilabel_iterative_paper__seed61 | H1321: exp07aug_after_multilabel_iterative_paper | I1321: Multilabel stratified (paper-style) + Aug | J1321: [Exp07+Aug] Multilabel stratified (paper-style) + Augmented [seed 61] | K1321: Multilabel stratified (paper-style) + Aug [s61] | L1321: Paper-style iterative stratification: rarest-label-first with tie-breaks by per-label need, then fold capacity, then random + LLM mask-fill augmentation | M1321: 61 | N1321: FALSE | O1321: 0.83370288 | P1321: 0.8209607 | Q1321: 0.84684685 | R1321: ok | S1321: /content/drive/MyDrive/thesis_project/thesis/outputs/exp01/regular_ner_20260603_195121.json | T1321: /content/drive/MyDrive/thesis_project/thesis/outputs/exp01/regular_ner_results_20260603_195121.xlsx | U1321: FALSE | V1321: auto | W1321: 229.6
A1322: hero | B1322: HeNLP/HeRo | C1322: HeRo | D1322: exp04 | E1322: AUC Cascaded Pipeline | F1322: exp07 | G1322: exp07_before_exp01_baseline__seed42 | H1322: exp07_before_exp01_baseline | I1322: Baseline (simple random split) | J1322: [Exp07] Baseline (simple random split) [seed 42] | K1322: Baseline (simple random split) [s42] | L1322: Regular NER with DictaBERT | M1322: 42 | N1322: TRUE | O1322: 0.77707006 | R1322: ok_reused_base | S1322: /content/drive/MyDrive/thesis_project/thesis/outputs/exp04/auc_cascaded_pipeline_20260603_113923.json | T1322: /content/drive/MyDrive/thesis_project/thesis/outputs/exp04/cascaded_pipeline_results_20260603_113922.xlsx | U1322: TRUE | V1322: auto | W1322: 1
A1323: hero | B1323: HeNLP/HeRo | C1323: HeRo | D1323: exp04 | E1323: AUC Cascaded Pipeline | F1323: exp07 | G1323: exp07_before_exp01_baseline__seed43 | H1323: exp07_before_exp01_baseline | I1323: Baseline (simple random split) | J1323: [Exp07] Baseline (simple random split) [seed 43] | K1323: Baseline (simple random split) [s43] | L1323: Regular NER with DictaBERT | M1323: 43 | N1323: TRUE | O1323: 0.71610169 | R1323: ok_reused_base | S1323: /content/drive/MyDrive/thesis_project/thesis/outputs/exp04/auc_cascaded_pipeline_20260603_114016.json | T1323: /content/drive/MyDrive/thesis_project/thesis/outputs/exp04/cascaded_pipeline_results_20260603_114015.xlsx | U1323: TRUE | V1323: auto | W1323: 0.7
A1324: hero | B1324: HeNLP/HeRo | C1324: HeRo | D1324: exp04 | E1324: AUC Cascaded Pipeline | F1324: exp07 | G1324: exp07_before_exp01_baseline__seed44 | H1324: exp07_before_exp01_baseline | I1324: Baseline (simple random split) | J1324: [Exp07] Baseline (simple random split) [seed 44] | K1324: Baseline (simple random split) [s44] | L1324: Regular NER with DictaBERT | M1324: 44 | N1324: TRUE | O1324: 0.77321814 | R1324: ok_reused_base | S1324: /content/drive/MyDrive/thesis_project/thesis/outputs/exp04/auc_cascaded_pipeline_20260603_114110.json | T1324: /content/drive/MyDrive/thesis_project/thesis/outputs/exp04/cascaded_pipeline_results_20260603_114109.xlsx | U1324: TRUE | V1324: auto | W1324: 1.2
A1325: hero | B1325: HeNLP/HeRo | C1325: HeRo | D1325: exp04 | E1325: AUC Cascaded Pipeline | F1325: exp07 | G1325: exp07_before_exp01_baseline__seed45 | H1325: exp07_before_exp01_baseline | I1325: Baseline (simple random split) | J1325: [Exp07] Baseline (simple random split) [seed 45] | K1325: Baseline (simple random split) [s45] | L1325: Regular NER with DictaBERT | M1325: 45 | N1325: TRUE | O1325: 0.73939394 | R1325: ok_reused_base | S1325: /content/drive/MyDrive/thesis_project/thesis/outputs/exp04/auc_cascaded_pipeline_20260603_114203.json | T1325: /content/drive/MyDrive/thesis_project/thesis/outputs/exp04/cascaded_pipeline_results_20260603_114202.xlsx | U1325: TRUE | V1325: auto | W1325: 0.6
A1326: hero | B1326: HeNLP/HeRo | C1326: HeRo | D1326: exp04 | E1326: AUC Cascaded Pipeline | F1326: exp07 | G1326: exp07_before_exp01_baseline__seed46 | H1326: exp07_before_exp01_baseline | I1326: Baseline (simple random split) | J1326: [Exp07] Baseline (simple random split) [seed 46] | K1326: Baseline (simple random split) [s46] | L1326: Regular NER with DictaBERT | M1326: 46 | N1326: TRUE | O1326: 0.7366167 | R1326: ok_reused_base | S1326: /content/drive/MyDrive/thesis_project/thesis/outputs/exp04/auc_cascaded_pipeline_20260603_114256.json | T1326: /content/drive/MyDrive/thesis_project/thesis/outputs/exp04/cascaded_pipeline_results_20260603_114255.xlsx | U1326: TRUE | V1326: auto | W1326: 0.6
A1327: hero | B1327: HeNLP/HeRo | C1327: HeRo | D1327: exp04 | E1327: AUC Cascaded Pipeline | F1327: exp07 | G1327: exp07_before_exp01_baseline__seed47 | H1327: exp07_before_exp01_baseline | I1327: Baseline (simple random split) | J1327: [Exp07] Baseline (simple random split) [seed 47] | K1327: Baseline (simple random split) [s47] | L1327: Regular NER with DictaBERT | M1327: 47 | N1327: TRUE | O1327: 0.7295082 | R1327: ok_reused_base | S1327: /content/drive/MyDrive/thesis_project/thesis/outputs/exp04/auc_cascaded_pipeline_20260603_114350.json | T1327: /content/drive/MyDrive/thesis_project/thesis/outputs/exp04/cascaded_pipeline_results_20260603_114348.xlsx | U1327: TRUE | V1327: auto | W1327: 0.8
A1328: hero | B1328: HeNLP/HeRo | C1328: HeRo | D1328: exp04 | E1328: AUC Cascaded Pipeline | F1328: exp07 | G1328: exp07_before_exp01_baseline__seed48 | H1328: exp07_before_exp01_baseline | I1328: Baseline (simple random split) | J1328: [Exp07] Baseline (simple random split) [seed 48] | K1328: Baseline (simple random split) [s48] | L1328: Regular NER with DictaBERT | M1328: 48 | N1328: TRUE | O1328: 0.7402863 | R1328: ok_reused_base | S1328: /content/drive/MyDrive/thesis_project/thesis/outputs/exp04/auc_cascaded_pipeline_20260603_114443.json | T1328: /content/drive/MyDrive/thesis_project/thesis/outputs/exp04/cascaded_pipeline_results_20260603_114442.xlsx | U1328: TRUE | V1328: auto | W1328: 0.6
A1329: hero | B1329: HeNLP/HeRo | C1329: HeRo | D1329: exp04 | E1329: AUC Cascaded Pipeline | F1329: exp07 | G1329: exp07_before_exp01_baseline__seed49 | H1329: exp07_before_exp01_baseline | I1329: Baseline (simple random split) | J1329: [Exp07] Baseline (simple random split) [seed 49] | K1329: Baseline (simple random split) [s49] | L1329: Regular NER with DictaBERT | M1329: 49 | N1329: TRUE | O1329: 0.72323232 | R1329: ok_reused_base | S1329: /content/drive/MyDrive/thesis_project/thesis/outputs/exp04/auc_cascaded_pipeline_20260603_114537.json | T1329: /content/drive/MyDrive/thesis_project/thesis/outputs/exp04/cascaded_pipeline_results_20260603_114535.xlsx | U1329: TRUE | V1329: auto | W1329: 0.6
A1330: hero | B1330: HeNLP/HeRo | C1330: HeRo | D1330: exp04 | E1330: AUC Cascaded Pipeline | F1330: exp07 | G1330: exp07_before_exp01_baseline__seed50 | H1330: exp07_before_exp01_baseline | I1330: Baseline (simple random split) | J1330: [Exp07] Baseline (simple random split) [seed 50] | K1330: Baseline (simple random split) [s50] | L1330: Regular NER with DictaBERT | M1330: 50 | N1330: TRUE | O1330: 0.6728972 | R1330: ok_reused_base | S1330: /content/drive/MyDrive/thesis_project/thesis/outputs/exp04/auc_cascaded_pipeline_20260603_114630.json | T1330: /content/drive/MyDrive/thesis_project/thesis/outputs/exp04/cascaded_pipeline_results_20260603_114629.xlsx | U1330: TRUE | V1330: auto | W1330: 0.6
A1331: hero | B1331: HeNLP/HeRo | C1331: HeRo | D1331: exp04 | E1331: AUC Cascaded Pipeline | F1331: exp07 | G1331: exp07_before_exp01_baseline__seed51 | H1331: exp07_before_exp01_baseline | I1331: Baseline (simple random split) | J1331: [Exp07] Baseline (simple random split) [seed 51] | K1331: Baseline (simple random split) [s51] | L1331: Regular NER with DictaBERT | M1331: 51 | N1331: TRUE | O1331: 0.73210634 | R1331: ok_reused_base | S1331: /content/drive/MyDrive/thesis_project/thesis/outputs/exp04/auc_cascaded_pipeline_20260603_114723.json | T1331: /content/drive/MyDrive/thesis_project/thesis/outputs/exp04/cascaded_pipeline_results_20260603_114722.xlsx | U1331: TRUE | V1331: auto | W1331: 0.6
A1332: hero | B1332: HeNLP/HeRo | C1332: HeRo | D1332: exp04 | E1332: AUC Cascaded Pipeline | F1332: exp07 | G1332: exp07_before_exp01_baseline__seed52 | H1332: exp07_before_exp01_baseline | I1332: Baseline (simple random split) | J1332: [Exp07] Baseline (simple random split) [seed 52] | K1332: Baseline (simple random split) [s52] | L1332: Regular NER with DictaBERT | M1332: 52 | N1332: TRUE | O1332: 0.73839662 | R1332: ok_reused_base | S1332: /content/drive/MyDrive/thesis_project/thesis/outputs/exp04/auc_cascaded_pipeline_20260603_114816.json | T1332: /content/drive/MyDrive/thesis_project/thesis/outputs/exp04/cascaded_pipeline_results_20260603_114815.xlsx | U1332: TRUE | V1332: auto | W1332: 0.6
A1333: hero | B1333: HeNLP/HeRo | C1333: HeRo | D1333: exp04 | E1333: AUC Cascaded Pipeline | F1333: exp07 | G1333: exp07_before_exp01_baseline__seed53 | H1333: exp07_before_exp01_baseline | I1333: Baseline (simple random split) | J1333: [Exp07] Baseline (simple random split) [seed 53] | K1333: Baseline (simple random split) [s53] | L1333: Regular NER with DictaBERT | M1333: 53 | N1333: TRUE | O1333: 0.73809524 | R1333: ok_reused_base | S1333: /content/drive/MyDrive/thesis_project/thesis/outputs/exp04/auc_cascaded_pipeline_20260603_114910.json | T1333: /content/drive/MyDrive/thesis_project/thesis/outputs/exp04/cascaded_pipeline_results_20260603_114909.xlsx | U1333: TRUE | V1333: auto | W1333: 0.6
... A1441: hero | B1441: HeNLP/HeRo | C1441: HeRo | D1441: exp04 | E1441: AUC Cascaded Pipeline | F1441: exp07+aug | G1441: exp07aug_after_multilabel_iterative_paper__seed61 | H1441: exp07aug_after_multilabel_iterative_paper | I1441: Multilabel stratified (paper-style) + Aug | J1441: [Exp07+Aug] Multilabel stratified (paper-style) + Augmented [seed 61] | K1441: Multilabel stratified (paper-style) + Aug [s61] | L1441: Paper-style iterative stratification: rarest-label-first with tie-breaks by per-label need, then fold capacity, then random + LLM mask-fill augmentation | M1441: 61 | N1441: FALSE | O1441: 0.83516484 | R1441: ok_reused_base | S1441: /content/drive/MyDrive/thesis_project/thesis/outputs/exp04/auc_cascaded_pipeline_20260603_195351.json | T1441: /content/drive/MyDrive/thesis_project/thesis/outputs/exp04/cascaded_pipeline_results_20260603_195349.xlsx | U1441: TRUE | V1441: auto | W1441: 0
A1442: hero | B1442: HeNLP/HeRo | C1442: HeRo | D1442: exp05_ready | E1442: AUC Cascaded Step-3 Consistency (Ready) | F1442: exp07 | G1442: exp07_before_exp01_baseline__seed42 | H1442: exp07_before_exp01_baseline | I1442: Baseline (simple random split) | J1442: [Exp07] Baseline (simple random split) [seed 42] | K1442: Baseline (simple random split) [s42] | L1442: Regular NER with DictaBERT | M1442: 42 | N1442: TRUE | O1442: 0.77801268 | P1442: 0.75720165 | Q1442: 0.8 | R1442: ok | S1442: /content/drive/MyDrive/thesis_project/thesis/outputs/exp05_ready/cascaded_step3_consistent_ready_20260717_102718.json | T1442: /content/drive/MyDrive/thesis_project/thesis/outputs/exp05_ready/cascaded_step3_consistent_ready_results_20260717_102718.xlsx | U1442: TRUE | V1442: auto | W1442: 2.6
A1443: hero | B1443: HeNLP/HeRo | C1443: HeRo | D1443: exp05_ready | E1443: AUC Cascaded Step-3 Consistency (Ready) | F1443: exp07 | G1443: exp07_before_exp01_baseline__seed43 | H1443: exp07_before_exp01_baseline | I1443: Baseline (simple random split) | J1443: [Exp07] Baseline (simple random split) [seed 43] | K1443: Baseline (simple random split) [s43] | L1443: Regular NER with DictaBERT | M1443: 43 | N1443: TRUE | O1443: 0.70736842 | P1443: 0.68571429 | Q1443: 0.73043478 | R1443: ok | S1443: /content/drive/MyDrive/thesis_project/thesis/outputs/exp05_ready/cascaded_step3_consistent_ready_20260603_195520.json | T1443: /content/drive/MyDrive/thesis_project/thesis/outputs/exp05_ready/cascaded_step3_consistent_ready_results_20260603_195520.xlsx | U1443: TRUE | V1443: auto | W1443: 2.8
A1444: hero | B1444: HeNLP/HeRo | C1444: HeRo | D1444: exp05_ready | E1444: AUC Cascaded Step-3 Consistency (Ready) | F1444: exp07 | G1444: exp07_before_exp01_baseline__seed44 | H1444: exp07_before_exp01_baseline | I1444: Baseline (simple random split) | J1444: [Exp07] Baseline (simple random split) [seed 44] | K1444: Baseline (simple random split) [s44] | L1444: Regular NER with DictaBERT | M1444: 44 | N1444: TRUE | O1444: 0.77682403 | P1444: 0.76694915 | Q1444: 0.78695652 | R1444: ok | S1444: /content/drive/MyDrive/thesis_project/thesis/outputs/exp05_ready/cascaded_step3_consistent_ready_20260603_195521.json | T1444: /content/drive/MyDrive/thesis_project/thesis/outputs/exp05_ready/cascaded_step3_consistent_ready_results_20260603_195521.xlsx | U1444: TRUE | V1444: auto | W1444: 1.4
A1445: hero | B1445: HeNLP/HeRo | C1445: HeRo | D1445: exp05_ready | E1445: AUC Cascaded Step-3 Consistency (Ready) | F1445: exp07 | G1445: exp07_before_exp01_baseline__seed45 | H1445: exp07_before_exp01_baseline | I1445: Baseline (simple random split) | J1445: [Exp07] Baseline (simple random split) [seed 45] | K1445: Baseline (simple random split) [s45] | L1445: Regular NER with DictaBERT | M1445: 45 | N1445: TRUE | O1445: 0.73641851 | P1445: 0.68539326 | Q1445: 0.79565217 | R1445: ok | S1445: /content/drive/MyDrive/thesis_project/thesis/outputs/exp05_ready/cascaded_step3_consistent_ready_20260603_195523.json | T1445: /content/drive/MyDrive/thesis_project/thesis/outputs/exp05_ready/cascaded_step3_consistent_ready_results_20260603_195523.xlsx | U1445: TRUE | V1445: auto | W1445: 1.8
A1446: hero | B1446: HeNLP/HeRo | C1446: HeRo | D1446: exp05_ready | E1446: AUC Cascaded Step-3 Consistency (Ready) | F1446: exp07 | G1446: exp07_before_exp01_baseline__seed46 | H1446: exp07_before_exp01_baseline | I1446: Baseline (simple random split) | J1446: [Exp07] Baseline (simple random split) [seed 46] | K1446: Baseline (simple random split) [s46] | L1446: Regular NER with DictaBERT | M1446: 46 | N1446: TRUE | O1446: 0.71914894 | P1446: 0.70416667 | Q1446: 0.73478261 | R1446: ok | S1446: /content/drive/MyDrive/thesis_project/thesis/outputs/exp05_ready/cascaded_step3_consistent_ready_20260603_195525.json | T1446: /content/drive/MyDrive/thesis_project/thesis/outputs/exp05_ready/cascaded_step3_consistent_ready_results_20260603_195524.xlsx | U1446: TRUE | V1446: auto | W1446: 1.4
A1447: hero | B1447: HeNLP/HeRo | C1447: HeRo | D1447: exp05_ready | E1447: AUC Cascaded Step-3 Consistency (Ready) | F1447: exp07 | G1447: exp07_before_exp01_baseline__seed47 | H1447: exp07_before_exp01_baseline | I1447: Baseline (simple random split) | J1447: [Exp07] Baseline (simple random split) [seed 47] | K1447: Baseline (simple random split) [s47] | L1447: Regular NER with DictaBERT | M1447: 47 | N1447: TRUE | O1447: 0.73619632 | P1447: 0.69498069 | Q1447: 0.7826087 | R1447: ok | S1447: /content/drive/MyDrive/thesis_project/thesis/outputs/exp05_ready/cascaded_step3_consistent_ready_20260603_195526.json | T1447: /content/drive/MyDrive/thesis_project/thesis/outputs/exp05_ready/cascaded_step3_consistent_ready_results_20260603_195526.xlsx | U1447: TRUE | V1447: auto | W1447: 1.6
A1448: hero | B1448: HeNLP/HeRo | C1448: HeRo | D1448: exp05_ready | E1448: AUC Cascaded Step-3 Consistency (Ready) | F1448: exp07 | G1448: exp07_before_exp01_baseline__seed48 | H1448: exp07_before_exp01_baseline | I1448: Baseline (simple random split) | J1448: [Exp07] Baseline (simple random split) [seed 48] | K1448: Baseline (simple random split) [s48] | L1448: Regular NER with DictaBERT | M1448: 48 | N1448: TRUE | O1448: 0.74693878 | P1448: 0.70384615 | Q1448: 0.79565217 | R1448: ok | S1448: /content/drive/MyDrive/thesis_project/thesis/outputs/exp05_ready/cascaded_step3_consistent_ready_20260603_195528.json | T1448: /content/drive/MyDrive/thesis_project/thesis/outputs/exp05_ready/cascaded_step3_consistent_ready_results_20260603_195527.xlsx | U1448: TRUE | V1448: auto | W1448: 1.4
A1449: hero | B1449: HeNLP/HeRo | C1449: HeRo | D1449: exp05_ready | E1449: AUC Cascaded Step-3 Consistency (Ready) | F1449: exp07 | G1449: exp07_before_exp01_baseline__seed49 | H1449: exp07_before_exp01_baseline | I1449: Baseline (simple random split) | J1449: [Exp07] Baseline (simple random split) [seed 49] | K1449: Baseline (simple random split) [s49] | L1449: Regular NER with DictaBERT | M1449: 49 | N1449: TRUE | O1449: 0.72032193 | P1449: 0.67041199 | Q1449: 0.77826087 | R1449: ok | S1449: /content/drive/MyDrive/thesis_project/thesis/outputs/exp05_ready/cascaded_step3_consistent_ready_20260603_195529.json | T1449: /content/drive/MyDrive/thesis_project/thesis/outputs/exp05_ready/cascaded_step3_consistent_ready_results_20260603_195529.xlsx | U1449: TRUE | V1449: auto | W1449: 1.4
A1450: hero | B1450: HeNLP/HeRo | C1450: HeRo | D1450: exp05_ready | E1450: AUC Cascaded Step-3 Consistency (Ready) | F1450: exp07 | G1450: exp07_before_exp01_baseline__seed50 | H1450: exp07_before_exp01_baseline | I1450: Baseline (simple random split) | J1450: [Exp07] Baseline (simple random split) [seed 50] | K1450: Baseline (simple random split) [s50] | L1450: Regular NER with DictaBERT | M1450: 50 | N1450: TRUE | O1450: 0.6728281 | P1450: 0.585209 | Q1450: 0.79130435 | R1450: ok | S1450: /content/drive/MyDrive/thesis_project/thesis/outputs/exp05_ready/cascaded_step3_consistent_ready_20260603_195531.json | T1450: /content/drive/MyDrive/thesis_project/thesis/outputs/exp05_ready/cascaded_step3_consistent_ready_results_20260603_195530.xlsx | U1450: TRUE | V1450: auto | W1450: 1.4
A1451: hero | B1451: HeNLP/HeRo | C1451: HeRo | D1451: exp05_ready | E1451: AUC Cascaded Step-3 Consistency (Ready) | F1451: exp07 | G1451: exp07_before_exp01_baseline__seed51 | H1451: exp07_before_exp01_baseline | I1451: Baseline (simple random split) | J1451: [Exp07] Baseline (simple random split) [seed 51] | K1451: Baseline (simple random split) [s51] | L1451: Regular NER with DictaBERT | M1451: 51 | N1451: TRUE | O1451: 0.7413442 | P1451: 0.69731801 | Q1451: 0.79130435 | R1451: ok | S1451: /content/drive/MyDrive/thesis_project/thesis/outputs/exp05_ready/cascaded_step3_consistent_ready_20260603_195532.json | T1451: /content/drive/MyDrive/thesis_project/thesis/outputs/exp05_ready/cascaded_step3_consistent_ready_results_20260603_195532.xlsx | U1451: TRUE | V1451: auto | W1451: 1.8
A1452: hero | B1452: HeNLP/HeRo | C1452: HeRo | D1452: exp05_ready | E1452: AUC Cascaded Step-3 Consistency (Ready) | F1452: exp07 | G1452: exp07_before_exp01_baseline__seed52 | H1452: exp07_before_exp01_baseline | I1452: Baseline (simple random split) | J1452: [Exp07] Baseline (simple random split) [seed 52] | K1452: Baseline (simple random split) [s52] | L1452: Regular NER with DictaBERT | M1452: 52 | N1452: TRUE | O1452: 0.73109244 | P1452: 0.70731707 | Q1452: 0.75652174 | R1452: ok | S1452: /content/drive/MyDrive/thesis_project/thesis/outputs/exp05_ready/cascaded_step3_consistent_ready_20260603_195534.json | T1452: /content/drive/MyDrive/thesis_project/thesis/outputs/exp05_ready/cascaded_step3_consistent_ready_results_20260603_195534.xlsx | U1452: TRUE | V1452: auto | W1452: 1.4
A1453: hero | B1453: HeNLP/HeRo | C1453: HeRo | D1453: exp05_ready | E1453: AUC Cascaded Step-3 Consistency (Ready) | F1453: exp07 | G1453: exp07_before_exp01_baseline__seed53 | H1453: exp07_before_exp01_baseline | I1453: Baseline (simple random split) | J1453: [Exp07] Baseline (simple random split) [seed 53] | K1453: Baseline (simple random split) [s53] | L1453: Regular NER with DictaBERT | M1453: 53 | N1453: TRUE | O1453: 0.73663366 | P1453: 0.67636364 | Q1453: 0.80869565 | R1453: ok | S1453: /content/drive/MyDrive/thesis_project/thesis/outputs/exp05_ready/cascaded_step3_consistent_ready_20260603_195535.json | T1453: /content/drive/MyDrive/thesis_project/thesis/outputs/exp05_ready/cascaded_step3_consistent_ready_results_20260603_195535.xlsx | U1453: TRUE | V1453: auto | W1453: 1.4
... A1921: alephbertgimmel | B1921: dicta-il/alephbertgimmel-base | C1921: AlephBERT-Gimmel | D1921: exp01 | E1921: Regular NER | F1921: exp07+aug | G1921: exp07aug_after_multilabel_iterative_paper__seed61 | H1921: exp07aug_after_multilabel_iterative_paper | I1921: Multilabel stratified (paper-style) + Aug | J1921: [Exp07+Aug] Multilabel stratified (paper-style) + Augmented [seed 61] | K1921: Multilabel stratified (paper-style) + Aug [s61] | L1921: Paper-style iterative stratification: rarest-label-first with tie-breaks by per-label need, then fold capacity, then random + LLM mask-fill augmentation | M1921: 61 | N1921: FALSE | O1921: 0.83296214 | P1921: 0.82378855 | Q1921: 0.84234234 | R1921: ok | S1921: /content/drive/MyDrive/thesis_project/thesis/outputs/exp01/regular_ner_20260604_082153.json | T1921: /content/drive/MyDrive/thesis_project/thesis/outputs/exp01/regular_ner_results_20260604_082153.xlsx | U1921: FALSE | V1921: auto | W1921: 239
A1922: alephbertgimmel | B1922: dicta-il/alephbertgimmel-base | C1922: AlephBERT-Gimmel | D1922: exp04 | E1922: AUC Cascaded Pipeline | F1922: exp07 | G1922: exp07_before_exp01_baseline__seed42 | H1922: exp07_before_exp01_baseline | I1922: Baseline (simple random split) | J1922: [Exp07] Baseline (simple random split) [seed 42] | K1922: Baseline (simple random split) [s42] | L1922: Regular NER with DictaBERT | M1922: 42 | N1922: TRUE | O1922: 0.70258621 | R1922: ok_reused_base | S1922: /content/drive/MyDrive/thesis_project/thesis/outputs/exp04/auc_cascaded_pipeline_20260603_200632.json | T1922: /content/drive/MyDrive/thesis_project/thesis/outputs/exp04/cascaded_pipeline_results_20260603_200631.xlsx | U1922: TRUE | V1922: auto | W1922: 0.9
A1923: alephbertgimmel | B1923: dicta-il/alephbertgimmel-base | C1923: AlephBERT-Gimmel | D1923: exp04 | E1923: AUC Cascaded Pipeline | F1923: exp07 | G1923: exp07_before_exp01_baseline__seed43 | H1923: exp07_before_exp01_baseline | I1923: Baseline (simple random split) | J1923: [Exp07] Baseline (simple random split) [seed 43] | K1923: Baseline (simple random split) [s43] | L1923: Regular NER with DictaBERT | M1923: 43 | N1923: TRUE | O1923: 0.68453608 | R1923: ok_reused_base | S1923: /content/drive/MyDrive/thesis_project/thesis/outputs/exp04/auc_cascaded_pipeline_20260603_200731.json | T1923: /content/drive/MyDrive/thesis_project/thesis/outputs/exp04/cascaded_pipeline_results_20260603_200730.xlsx | U1923: TRUE | V1923: auto | W1923: 0.9
A1924: alephbertgimmel | B1924: dicta-il/alephbertgimmel-base | C1924: AlephBERT-Gimmel | D1924: exp04 | E1924: AUC Cascaded Pipeline | F1924: exp07 | G1924: exp07_before_exp01_baseline__seed44 | H1924: exp07_before_exp01_baseline | I1924: Baseline (simple random split) | J1924: [Exp07] Baseline (simple random split) [seed 44] | K1924: Baseline (simple random split) [s44] | L1924: Regular NER with DictaBERT | M1924: 44 | N1924: TRUE | O1924: 0.71900826 | R1924: ok_reused_base | S1924: /content/drive/MyDrive/thesis_project/thesis/outputs/exp04/auc_cascaded_pipeline_20260603_200830.json | T1924: /content/drive/MyDrive/thesis_project/thesis/outputs/exp04/cascaded_pipeline_results_20260603_200829.xlsx | U1924: TRUE | V1924: auto | W1924: 0.7
A1925: alephbertgimmel | B1925: dicta-il/alephbertgimmel-base | C1925: AlephBERT-Gimmel | D1925: exp04 | E1925: AUC Cascaded Pipeline | F1925: exp07 | G1925: exp07_before_exp01_baseline__seed45 | H1925: exp07_before_exp01_baseline | I1925: Baseline (simple random split) | J1925: [Exp07] Baseline (simple random split) [seed 45] | K1925: Baseline (simple random split) [s45] | L1925: Regular NER with DictaBERT | M1925: 45 | N1925: TRUE | O1925: 0.71635611 | R1925: ok_reused_base | S1925: /content/drive/MyDrive/thesis_project/thesis/outputs/exp04/auc_cascaded_pipeline_20260603_200929.json | T1925: /content/drive/MyDrive/thesis_project/thesis/outputs/exp04/cascaded_pipeline_results_20260603_200928.xlsx | U1925: TRUE | V1925: auto | W1925: 0.9
A1926: alephbertgimmel | B1926: dicta-il/alephbertgimmel-base | C1926: AlephBERT-Gimmel | D1926: exp04 | E1926: AUC Cascaded Pipeline | F1926: exp07 | G1926: exp07_before_exp01_baseline__seed46 | H1926: exp07_before_exp01_baseline | I1926: Baseline (simple random split) | J1926: [Exp07] Baseline (simple random split) [seed 46] | K1926: Baseline (simple random split) [s46] | L1926: Regular NER with DictaBERT | M1926: 46 | N1926: TRUE | O1926: 0.65432099 | R1926: ok_reused_base | S1926: /content/drive/MyDrive/thesis_project/thesis/outputs/exp04/auc_cascaded_pipeline_20260603_201028.json | T1926: /content/drive/MyDrive/thesis_project/thesis/outputs/exp04/cascaded_pipeline_results_20260603_201027.xlsx | U1926: TRUE | V1926: auto | W1926: 0.6
A1927: alephbertgimmel | B1927: dicta-il/alephbertgimmel-base | C1927: AlephBERT-Gimmel | D1927: exp04 | E1927: AUC Cascaded Pipeline | F1927: exp07 | G1927: exp07_before_exp01_baseline__seed47 | H1927: exp07_before_exp01_baseline | I1927: Baseline (simple random split) | J1927: [Exp07] Baseline (simple random split) [seed 47] | K1927: Baseline (simple random split) [s47] | L1927: Regular NER with DictaBERT | M1927: 47 | N1927: TRUE | O1927: 0.6993865 | R1927: ok_reused_base | S1927: /content/drive/MyDrive/thesis_project/thesis/outputs/exp04/auc_cascaded_pipeline_20260603_201128.json | T1927: /content/drive/MyDrive/thesis_project/thesis/outputs/exp04/cascaded_pipeline_results_20260603_201127.xlsx | U1927: TRUE | V1927: auto | W1927: 0.9
A1928: alephbertgimmel | B1928: dicta-il/alephbertgimmel-base | C1928: AlephBERT-Gimmel | D1928: exp04 | E1928: AUC Cascaded Pipeline | F1928: exp07 | G1928: exp07_before_exp01_baseline__seed48 | H1928: exp07_before_exp01_baseline | I1928: Baseline (simple random split) | J1928: [Exp07] Baseline (simple random split) [seed 48] | K1928: Baseline (simple random split) [s48] | L1928: Regular NER with DictaBERT | M1928: 48 | N1928: TRUE | O1928: 0.61181435 | R1928: ok_reused_base | S1928: /content/drive/MyDrive/thesis_project/thesis/outputs/exp04/auc_cascaded_pipeline_20260603_201227.json | T1928: /content/drive/MyDrive/thesis_project/thesis/outputs/exp04/cascaded_pipeline_results_20260603_201226.xlsx | U1928: TRUE | V1928: auto | W1928: 1
A1929: alephbertgimmel | B1929: dicta-il/alephbertgimmel-base | C1929: AlephBERT-Gimmel | D1929: exp04 | E1929: AUC Cascaded Pipeline | F1929: exp07 | G1929: exp07_before_exp01_baseline__seed49 | H1929: exp07_before_exp01_baseline | I1929: Baseline (simple random split) | J1929: [Exp07] Baseline (simple random split) [seed 49] | K1929: Baseline (simple random split) [s49] | L1929: Regular NER with DictaBERT | M1929: 49 | N1929: TRUE | O1929: 0.71274298 | R1929: ok_reused_base | S1929: /content/drive/MyDrive/thesis_project/thesis/outputs/exp04/auc_cascaded_pipeline_20260603_201327.json | T1929: /content/drive/MyDrive/thesis_project/thesis/outputs/exp04/cascaded_pipeline_results_20260603_201326.xlsx | U1929: TRUE | V1929: auto | W1929: 0.7
...

Sheet deltas_exp07
A1: model | B1: experiment_id | C1: experiment_name | D1: variant | E1: baseline_f1 | F1: variant_f1 | G1: delta_f1 | H1: baseline_precision | I1: variant_precision | J1: baseline_recall | K1: variant_recall
A2: DictaBERT | B2: exp01 | C2: Regular NER | D2: Label-aware greedy | E2: 0.67181552 | F2: 0.75409836 | G2: 0.082282842 | H2: 0.62317247 | I2: 0.70050761 | J2: 0.72869565 | K2: 0.81656805
A3: DictaBERT | B3: exp01 | C3: Regular NER | D3: Multilabel stratified (paper-style) | E3: 0.67181552 | F3: 0.73799127 | G3: 0.066175748 | H3: 0.62317247 | I3: 0.71610169 | J3: 0.72869565 | K3: 0.76126126
A4: DictaBERT | B4: exp04 | C4: AUC Cascaded Pipeline | D4: Label-aware greedy | E4: 0.73106191 | F4: 0.72685318 | G4: -0.0042087309
A5: DictaBERT | B5: exp04 | C5: AUC Cascaded Pipeline | D5: Multilabel stratified (paper-style) | E5: 0.73106191 | F5: 0.76418619 | G5: 0.033124275
A6: DictaBERT | B6: exp05_ready | C6: AUC Cascaded Step-3 Consistency (Ready) | D6: Label-aware greedy | E6: 0.73744218 | F6: 0.73443891 | G6: -0.0030032691 | H6: 0.70629028 | I6: 0.69016433 | J6: 0.77326087 | K6: 0.78579882
A7: DictaBERT | B7: exp05_ready | C7: AUC Cascaded Step-3 Consistency (Ready) | D7: Multilabel stratified (paper-style) | E7: 0.73744218 | F7: 0.76395529 | G7: 0.02651311 | H7: 0.70629028 | I7: 0.73058927 | J7: 0.77326087 | K7: 0.8027027
A8: DictaBERT | B8: exp06_ready | C8: Fusion Regular+Cascaded (Ready) | D8: Label-aware greedy | E8: 0.68608841 | F8: 0.73789067 | G8: 0.05180226 | H8: 0.66145053 | I8: 0.69268504 | J8: 0.71304348 | K8: 0.78964497
A9: DictaBERT | B9: exp06_ready | C9: Fusion Regular+Cascaded (Ready) | D9: Multilabel stratified (paper-style) | E9: 0.68608841 | F9: 0.74547408 | G9: 0.059385671 | H9: 0.66145053 | I9: 0.7376467 | J9: 0.71304348 | K9: 0.7536036
A10: DictaBERT | B10: exp06_svm_ready | C10: SVM Router Fusion (Ready) | D10: Label-aware greedy | E10: 0.76571232 | F10: 0.81102868 | G10: 0.045316364 | H10: 0.7336966 | I10: 0.77879083 | J10: 0.80086957 | K10: 0.84615385
A11: DictaBERT | B11: exp06_svm_ready | C11: SVM Router Fusion (Ready) | D11: Multilabel stratified (paper-style) | E11: 0.76571232 | F11: 0.80724124 | G11: 0.041528914 | H11: 0.7336966 | I11: 0.79198191 | J11: 0.80086957 | K11: 0.8231982
A12: DictaBERT | B12: exp10_regular | C12: Regular NER (BERT-CRF) | D12: Label-aware greedy | E12: 0.74967002 | F12: 0.75749319 | G12: 0.0078231694 | H12: 0.71553356 | I12: 0.70918367 | J12: 0.78722944 | K12: 0.8128655
A13: DictaBERT | B13: exp10_regular | C13: Regular NER (BERT-CRF) | D13: Multilabel stratified (paper-style) | E13: 0.74967002 | F13: 0.7751606 | G13: 0.025490581 | H13: 0.71553356 | I13: 0.75103734 | J13: 0.78722944 | K13: 0.80088496
A14: DictaBERT | B14: exp10_cascade | C14: Cascaded Pipeline (CRF + Consistency) | D14: Label-aware greedy | E14: 0.77570969 | F14: 0.7904055 | G14: 0.014695811
A15: DictaBERT | B15: exp10_cascade | C15: Cascaded Pipeline (CRF + Consistency) | D15: Multilabel stratified (paper-style) | E15: 0.77570969 | F15: 0.79922902 | G15: 0.023519334
A16: DictaBERT | B16: exp10_fusion_ready | C16: Fusion Regular-CRF + Cascaded-CRF (Ready) | D16: Label-aware greedy | E16: 0.75307747 | F16: 0.77294573 | G16: 0.019868265 | H16: 0.72054357 | I16: 0.72299398 | J16: 0.78874459 | K16: 0.83070175
A17: DictaBERT | B17: exp10_fusion_ready | C17: Fusion Regular-CRF + Cascaded-CRF (Ready) | D17: Multilabel stratified (paper-style) | E17: 0.75307747 | F17: 0.76761709 | G17: 0.014539628 | H17: 0.72054357 | I17: 0.74332846 | J17: 0.78874459 | K17: 0.79358407
A18: DictaBERT | B18: exp10_svm_ready | C18: SVM Router Fusion CRF (Ready) | D18: Label-aware greedy | E18: 0.78950032 | F18: 0.82665558 | G18: 0.037155263 | H18: 0.75364938 | I18: 0.78621014 | J18: 0.82900433 | K18: 0.87163743
A19: DictaBERT | B19: exp10_svm_ready | C19: SVM Router Fusion CRF (Ready) | D19: Multilabel stratified (paper-style) | E19: 0.78950032 | F19: 0.82198659 | G19: 0.032486271 | H19: 0.75364938 | I19: 0.80113352 | J19: 0.82900433 | K19: 0.84402655
A20: BEREL 3.0 | B20: exp01 | C20: Regular NER | D20: Label-aware greedy | E20: 0.70511025 | F20: 0.70744681 | G20: 0.0023365566 | H20: 0.64499456 | I20: 0.64251208 | J20: 0.7776087 | K20: 0.78698225
A21: BEREL 3.0 | B21: exp01 | C21: Regular NER | D21: Multilabel stratified (paper-style) | E21: 0.70511025 | F21: 0.73057105 | G21: 0.025460794 | H21: 0.64499456 | I21: 0.69366792 | J21: 0.7776087 | K21: 0.77162162
A22: BEREL 3.0 | B22: exp04 | C22: AUC Cascaded Pipeline | D22: Label-aware greedy | E22: 0.62779773 | F22: 0.64704888 | G22: 0.01925115
A23: BEREL 3.0 | B23: exp04 | C23: AUC Cascaded Pipeline | D23: Multilabel stratified (paper-style) | E23: 0.62779773 | F23: 0.63439021 | G23: 0.0065924868
A24: BEREL 3.0 | B24: exp05_ready | C24: AUC Cascaded Step-3 Consistency (Ready) | D24: Label-aware greedy | E24: 0.63513909 | F24: 0.6522487 | G24: 0.017109608 | H24: 0.61015776 | I24: 0.60532742 | J24: 0.6676087 | K24: 0.70798817
A25: BEREL 3.0 | B25: exp05_ready | C25: AUC Cascaded Step-3 Consistency (Ready) | D25: Multilabel stratified (paper-style) | E25: 0.63513909 | F25: 0.63902807 | G25: 0.0038889815 | H25: 0.61015776 | I25: 0.60735366 | J25: 0.6676087 | K25: 0.68108108
A26: BEREL 3.0 | B26: exp06_ready | C26: Fusion Regular+Cascaded (Ready) | D26: Label-aware greedy | E26: 0.71044712 | F26: 0.71525238 | G26: 0.0048052684 | H26: 0.69649941 | I26: 0.67073467 | J26: 0.7273913 | K26: 0.76715976
A27: BEREL 3.0 | B27: exp06_ready | C27: Fusion Regular+Cascaded (Ready) | D27: Multilabel stratified (paper-style) | E27: 0.71044712 | F27: 0.73881673 | G27: 0.028369616 | H27: 0.69649941 | I27: 0.73617241 | J27: 0.7273913 | K27: 0.74391892
A28: BEREL 3.0 | B28: exp06_svm_ready | C28: SVM Router Fusion (Ready) | D28: Label-aware greedy | E28: 0.77142141 | F28: 0.78997538 | G28: 0.018553973 | H28: 0.75011689 | I28: 0.76383709 | J28: 0.79456522 | K28: 0.81893491
A29: BEREL 3.0 | B29: exp06_svm_ready | C29: SVM Router Fusion (Ready) | D29: Multilabel stratified (paper-style) | E29: 0.77142141 | F29: 0.79533462 | G29: 0.023913214 | H29: 0.75011689 | I29: 0.78076811 | J29: 0.79456522 | K29: 0.81126126
A30: BEREL 3.0 | B30: exp10_regular | C30: Regular NER (BERT-CRF) | D30: Label-aware greedy | E30: 0.73061224 | F30: 0.72486772 | G30: -0.00574452 | H30: 0.69111969 | I30: 0.66183575 | J30: 0.77489177 | K30: 0.80116959
A31: BEREL 3.0 | B31: exp10_regular | C31: Regular NER (BERT-CRF) | D31: Multilabel stratified (paper-style) | E31: 0.73061224 | F31: 0.69601677 | G31: -0.034595473 | H31: 0.69111969 | I31: 0.66135458 | J31: 0.77489177 | K31: 0.73451327
A32: BEREL 3.0 | B32: exp10_cascade | C32: Cascaded Pipeline (CRF + Consistency) | D32: Label-aware greedy | E32: 0.72446006 | F32: 0.75964719 | G32: 0.035187134
A33: BEREL 3.0 | B33: exp10_cascade | C33: Cascaded Pipeline (CRF + Consistency) | D33: Multilabel stratified (paper-style) | E33: 0.72446006 | F33: 0.75881808 | G33: 0.034358018
A34: BEREL 3.0 | B34: exp10_fusion_ready | C34: Fusion Regular-CRF + Cascaded-CRF (Ready) | D34: Label-aware greedy | E34: 0.74157498 | F34: 0.76677714 | G34: 0.025202163 | H34: 0.78916464 | I34: 0.77253048 | J34: 0.71428571 | K34: 0.7751462
A35: BEREL 3.0 | B35: exp10_fusion_ready | C35: Fusion Regular-CRF + Cascaded-CRF (Ready) | D35: Multilabel stratified (paper-style) | E35: 0.74157498 | F35: 0.73836075 | G35: -0.0032142319 | H35: 0.78916464 | I35: 0.75633581 | J35: 0.71428571 | K35: 0.73738938
A36: BEREL 3.0 | B36: exp10_svm_ready | C36: SVM Router Fusion CRF (Ready) | D36: Label-aware greedy | E36: 0.78419159 | F36: 0.78135932 | G36: -0.002832267 | H36: 0.78843504 | I36: 0.75392623 | J36: 0.78354978 | K36: 0.81491228
A37: BEREL 3.0 | B37: exp10_svm_ready | C37: SVM Router Fusion CRF (Ready) | D37: Multilabel stratified (paper-style) | E37: 0.78419159 | F37: 0.76120338 | G37: -0.02298821 | H37: 0.78843504 | I37: 0.73795622 | J37: 0.78354978 | K37: 0.78849558
A38: HeRo | B38: exp01 | C38: Regular NER | D38: Label-aware greedy | E38: 0.74452227 | F38: 0.75482094 | G38: 0.010298669 | H38: 0.69877762 | I38: 0.70618557 | J38: 0.79673913 | K38: 0.81065089
A39: HeRo | B39: exp01 | C39: Regular NER | D39: Multilabel stratified (paper-style) | E39: 0.74452227 | F39: 0.76923077 | G39: 0.024708501 | H39: 0.69877762 | I39: 0.75107296 | J39: 0.79673913 | K39: 0.78828829
A40: HeRo | B40: exp04 | C40: AUC Cascaded Pipeline | D40: Label-aware greedy | E40: 0.73960007 | F40: 0.75913558 | G40: 0.019535518
A41: HeRo | B41: exp04 | C41: AUC Cascaded Pipeline | D41: Multilabel stratified (paper-style) | E41: 0.73960007 | F41: 0.74842778 | G41: 0.0088277105
A42: HeRo | B42: exp05_ready | C42: AUC Cascaded Step-3 Consistency (Ready) | D42: Label-aware greedy | E42: 0.73872243 | F42: 0.76025622 | G42: 0.021533797 | H42: 0.70813732 | I42: 0.72089331 | J42: 0.77456522 | K42: 0.80502959
A43: HeRo | B43: exp05_ready | C43: AUC Cascaded Step-3 Consistency (Ready) | D43: Multilabel stratified (paper-style) | E43: 0.73872243 | F43: 0.75022813 | G43: 0.011505701 | H43: 0.70813732 | I43: 0.70928033 | J43: 0.77456522 | K43: 0.79774775
A44: HeRo | B44: exp06_ready | C44: Fusion Regular+Cascaded (Ready) | D44: Label-aware greedy | E44: 0.75261349 | F44: 0.75805551 | G44: 0.0054420208 | H44: 0.72761881 | I44: 0.71893055 | J44: 0.77956522 | K44: 0.80177515
A45: HeRo | B45: exp06_ready | C45: Fusion Regular+Cascaded (Ready) | D45: Multilabel stratified (paper-style) | E45: 0.75261349 | F45: 0.77648238 | G45: 0.023868897 | H45: 0.72761881 | I45: 0.76400739 | J45: 0.77956522 | K45: 0.78941441
A46: HeRo | B46: exp06_svm_ready | C46: SVM Router Fusion (Ready) | D46: Label-aware greedy | E46: 0.79453784 | F46: 0.79907826 | G46: 0.0045404129 | H46: 0.75987096 | I46: 0.76309829 | J46: 0.8326087 | K46: 0.8387574
A47: HeRo | B47: exp06_svm_ready | C47: SVM Router Fusion (Ready) | D47: Multilabel stratified (paper-style) | E47: 0.79453784 | F47: 0.80450812 | G47: 0.0099702778 | H47: 0.75987096 | I47: 0.78691214 | J47: 0.8326087 | K47: 0.82297297
A48: HeRo | B48: exp10_regular | C48: Regular NER (BERT-CRF) | D48: Label-aware greedy | E48: 0.76422764 | F48: 0.8021978 | G48: 0.03797016 | H48: 0.72030651 | I48: 0.75647668 | J48: 0.81385281 | K48: 0.85380117
A49: HeRo | B49: exp10_regular | C49: Regular NER (BERT-CRF) | D49: Multilabel stratified (paper-style) | E49: 0.76422764 | F49: 0.81385281 | G49: 0.049625172 | H49: 0.72030651 | I49: 0.79661017 | J49: 0.81385281 | K49: 0.83185841
A50: HeRo | B50: exp10_cascade | C50: Cascaded Pipeline (CRF + Consistency) | D50: Label-aware greedy | E50: 0.78860228 | F50: 0.80525442 | G50: 0.016652139
A51: HeRo | B51: exp10_cascade | C51: Cascaded Pipeline (CRF + Consistency) | D51: Multilabel stratified (paper-style) | E51: 0.78860228 | F51: 0.83146625 | G51: 0.042863962
A52: HeRo | B52: exp10_fusion_ready | C52: Fusion Regular-CRF + Cascaded-CRF (Ready) | D52: Label-aware greedy | E52: 0.77900013 | F52: 0.80101528 | G52: 0.022015155 | H52: 0.7393605 | I52: 0.75487103 | J52: 0.82316017 | K52: 0.85321637
A53: HeRo | B53: exp10_fusion_ready | C53: Fusion Regular-CRF + Cascaded-CRF (Ready) | D53: Multilabel stratified (paper-style) | E53: 0.77900013 | F53: 0.828456 | G53: 0.049455878 | H53: 0.7393605 | I53: 0.81410387 | J53: 0.82316017 | K53: 0.84336283
A54: HeRo | B54: exp10_svm_ready | C54: SVM Router Fusion CRF (Ready) | D54: Label-aware greedy | E54: 0.82707085 | F54: 0.84138366 | G54: 0.014312812 | H54: 0.78919393 | I54: 0.80600525 | J54: 0.86883117 | K54: 0.88011696
A55: HeRo | B55: exp10_svm_ready | C55: SVM Router Fusion CRF (Ready) | D55: Multilabel stratified (paper-style) | E55: 0.82707085 | F55: 0.85371583 | G55: 0.026644978 | H55: 0.78919393 | I55: 0.83731359 | J55: 0.86883117 | K55: 0.87079646
A56: AlephBERT-Gimmel | B56: exp01 | C56: Regular NER | D56: Label-aware greedy | E56: 0.66407607 | F56: 0.65753425 | G56: -0.0065418278 | H56: 0.64267289 | I56: 0.6122449 | J56: 0.68695652 | K56: 0.71005917
A57: AlephBERT-Gimmel | B57: exp01 | C57: Regular NER | D57: Multilabel stratified (paper-style) | E57: 0.66407607 | F57: 0.62735344 | G57: -0.036722636 | H57: 0.64267289 | I57: 0.60274831 | J57: 0.68695652 | K57: 0.65405405
A58: AlephBERT-Gimmel | B58: exp04 | C58: AUC Cascaded Pipeline | D58: Label-aware greedy | E58: 0.68910043 | F58: 0.71846002 | G58: 0.029359592
A59: AlephBERT-Gimmel | B59: exp04 | C59: AUC Cascaded Pipeline | D59: Multilabel stratified (paper-style) | E59: 0.68910043 | F59: 0.72815697 | G59: 0.03905654
A60: AlephBERT-Gimmel | B60: exp05_ready | C60: AUC Cascaded Step-3 Consistency (Ready) | D60: Label-aware greedy | E60: 0.68951942 | F60: 0.72315463 | G60: 0.033635202 | H60: 0.662043 | I60: 0.68485114 | J60: 0.72021739 | K60: 0.7683432
A61: AlephBERT-Gimmel | B61: exp05_ready | C61: AUC Cascaded Step-3 Consistency (Ready) | D61: Multilabel stratified (paper-style) | E61: 0.68951942 | F61: 0.72819086 | G61: 0.038671433 | H61: 0.662043 | I61: 0.70758257 | J61: 0.72021739 | K61: 0.7518018
A62: AlephBERT-Gimmel | B62: exp06_ready | C62: Fusion Regular+Cascaded (Ready) | D62: Label-aware greedy | E62: 0.6912304 | F62: 0.70971459 | G62: 0.018484188 | H62: 0.68801269 | I62: 0.68892678 | J62: 0.69521739 | K62: 0.73254438
A63: AlephBERT-Gimmel | B63: exp06_ready | C63: Fusion Regular+Cascaded (Ready) | D63: Multilabel stratified (paper-style) | E63: 0.6912304 | F63: 0.70211746 | G63: 0.010887062 | H63: 0.68801269 | I63: 0.70065025 | J63: 0.69521739 | K63: 0.70405405
A64: AlephBERT-Gimmel | B64: exp06_svm_ready | C64: SVM Router Fusion (Ready) | D64: Label-aware greedy | E64: 0.73863344 | F64: 0.76258496 | G64: 0.023951526 | H64: 0.71939418 | I64: 0.73824759 | J64: 0.75913043 | K64: 0.7887574
A65: AlephBERT-Gimmel | B65: exp06_svm_ready | C65: SVM Router Fusion (Ready) | D65: Multilabel stratified (paper-style) | E65: 0.73863344 | F65: 0.76638495 | G65: 0.027751508 | H65: 0.71939418 | I65: 0.7615913 | J65: 0.75913043 | K65: 0.7713964
A66: AlephBERT-Gimmel | B66: exp10_regular | C66: Regular NER (BERT-CRF) | D66: Label-aware greedy | E66: 0.68644068 | F66: 0.72625698 | G66: 0.039816305 | H66: 0.67219917 | I66: 0.69518717 | J66: 0.7012987 | K66: 0.76023392
A67: AlephBERT-Gimmel | B67: exp10_regular | C67: Regular NER (BERT-CRF) | D67: Multilabel stratified (paper-style) | E67: 0.68644068 | F67: 0.65509761 | G67: -0.031343064 | H67: 0.67219917 | I67: 0.64255319 | J67: 0.7012987 | K67: 0.66814159
A68: AlephBERT-Gimmel | B68: exp10_cascade | C68: Cascaded Pipeline (CRF + Consistency) | D68: Label-aware greedy | E68: 0.73026683 | F68: 0.78180777 | G68: 0.051540936
A69: AlephBERT-Gimmel | B69: exp10_cascade | C69: Cascaded Pipeline (CRF + Consistency) | D69: Multilabel stratified (paper-style) | E69: 0.73026683 | F69: 0.7530115 | G69: 0.022744664
A70: AlephBERT-Gimmel | B70: exp10_fusion_ready | C70: Fusion Regular-CRF + Cascaded-CRF (Ready) | D70: Label-aware greedy | E70: 0.72051773 | F70: 0.76802837 | G70: 0.047510634 | H70: 0.73701155 | I70: 0.74422314 | J70: 0.71060606 | K70: 0.79356725
A71: AlephBERT-Gimmel | B71: exp10_fusion_ready | C71: Fusion Regular-CRF + Cascaded-CRF (Ready) | D71: Multilabel stratified (paper-style) | E71: 0.72051773 | F71: 0.71980571 | G71: -0.00071202136 | H71: 0.73701155 | I71: 0.72128146 | J71: 0.71060606 | K71: 0.72057522
A72: AlephBERT-Gimmel | B72: exp10_svm_ready | C72: SVM Router Fusion CRF (Ready) | D72: Label-aware greedy | E72: 0.73344026 | F72: 0.79729071 | G72: 0.063850447 | H72: 0.72612966 | I72: 0.77180942 | J72: 0.74134199 | K72: 0.8245614
A73: AlephBERT-Gimmel | B73: exp10_svm_ready | C73: SVM Router Fusion CRF (Ready) | D73: Multilabel stratified (paper-style) | E73: 0.73344026 | F73: 0.74562561 | G73: 0.012185347 | H73: 0.72612966 | I73: 0.73219957 | J73: 0.74134199 | K73: 0.75973451

Sheet deltas_exp07_aug
A1: model | B1: experiment_id | C1: experiment_name | D1: split_variant | E1: split_only_f1 | F1: split_plus_aug_f1 | G1: delta_f1
A2: DictaBERT | B2: exp01 | C2: Regular NER | D2: Label-aware greedy | E2: 0.75409836 | F2: 0.80152098 | G2: 0.047422619
A3: DictaBERT | B3: exp01 | C3: Regular NER | D3: Multilabel stratified (paper-style) | E3: 0.73799127 | F3: 0.8082628 | G3: 0.070271537
A4: DictaBERT | B4: exp01 | C4: Regular NER | D4: Baseline (simple random split) | E4: 0.67181552 | F4: 0.78054156 | G4: 0.10872605
A5: DictaBERT | B5: exp04 | C5: AUC Cascaded Pipeline | D5: Label-aware greedy | E5: 0.72685318 | F5: 0.79726934 | G5: 0.07041616
A6: DictaBERT | B6: exp04 | C6: AUC Cascaded Pipeline | D6: Multilabel stratified (paper-style) | E6: 0.76418619 | F6: 0.8231002 | G6: 0.058914008
A7: DictaBERT | B7: exp04 | C7: AUC Cascaded Pipeline | D7: Baseline (simple random split) | E7: 0.73106191 | F7: 0.78903842 | G7: 0.057976502
A8: DictaBERT | B8: exp05_ready | C8: AUC Cascaded Step-3 Consistency (Ready) | D8: Label-aware greedy | E8: 0.73443891 | F8: 0.80508365 | G8: 0.070644734
A9: DictaBERT | B9: exp05_ready | C9: AUC Cascaded Step-3 Consistency (Ready) | D9: Multilabel stratified (paper-style) | E9: 0.76395529 | F9: 0.82769692 | G9: 0.063741624
A10: DictaBERT | B10: exp05_ready | C10: AUC Cascaded Step-3 Consistency (Ready) | D10: Baseline (simple random split) | E10: 0.73744218 | F10: 0.78995314 | G10: 0.052510957
A11: DictaBERT | B11: exp06_ready | C11: Fusion Regular+Cascaded (Ready) | D11: Label-aware greedy | E11: 0.73789067 | F11: 0.8068222 | G11: 0.068931527
A12: DictaBERT | B12: exp06_ready | C12: Fusion Regular+Cascaded (Ready) | D12: Multilabel stratified (paper-style) | E12: 0.74547408 | F12: 0.81407098 | G12: 0.068596899
A13: DictaBERT | B13: exp06_ready | C13: Fusion Regular+Cascaded (Ready) | D13: Baseline (simple random split) | E13: 0.68608841 | F13: 0.78834552 | G13: 0.10225711
... A109: AlephBERT-Gimmel | B109: exp10_svm_ready | C109: SVM Router Fusion CRF (Ready) | D109: Baseline (simple random split) | E109: 0.73344026 | F109: 0.83574787 | G109: 0.10230761

Sheet paired_tests
A1: model | B1: experiment_id | C1: comparison | D1: condition | E1: n_pairs | F1: split_only_f1_mean | G1: split_only_f1_sd | H1: split_plus_aug_f1_mean | I1: split_plus_aug_f1_sd | J1: delta_mean_f1 | K1: t_statistic | L1: t_p_value | M1: t_p_lt_0_05 | N1: wilcoxon_statistic | O1: wilcoxon_p_value | P1: wilcoxon_p_lt_0_05
A2: AlephBERT-Gimmel | B2: exp01 | C2: exp07+aug vs exp07 | D2: after_label_aware_split | E2: 20 | F2: 0.65753425 | G2: 2.2781296e-16 | H2: 0.81278979 | I2: 0.010493311 | J2: 0.15525555 | K2: 66.168241 | L2: 6.2467389e-24 | M2: TRUE | N2: 0 | O2: 8.807368e-05 | P2: TRUE
A3: AlephBERT-Gimmel | B3: exp01 | C3: exp07+aug vs exp07 | D3: after_multilabel_iterative_paper | E3: 20 | F3: 0.62735344 | G3: 0.0044879969 | H3: 0.83362573 | I3: 0.0062291992 | J3: 0.20627229 | K3: 107.04308 | L3: 6.868897e-28 | M3: TRUE | N3: 0 | O3: 8.8198702e-05 | P3: TRUE
A4: AlephBERT-Gimmel | B4: exp01 | C4: exp07+aug vs exp07 | D4: before_exp01_baseline | E4: 20 | F4: 0.66407607 | G4: 0.00094151067 | H4: 0.78109951 | I4: 0.0079348035 | J4: 0.11702343 | K4: 68.899396 | L4: 2.9055089e-24 | M4: TRUE | N4: 0 | O4: 8.8323859e-05 | P4: TRUE
A5: AlephBERT-Gimmel | B5: exp04 | C5: exp07+aug vs exp07 | D5: after_label_aware_split | E5: 20 | F5: 0.71846002 | G5: 0.023684015 | H5: 0.79948866 | I5: 0.012902439 | J5: 0.081028634 | K5: 16.251209 | L5: 1.3340278e-12 | M5: TRUE | N5: 0 | O5: 1.9073486e-06 | P5: TRUE
A6: AlephBERT-Gimmel | B6: exp04 | C6: exp07+aug vs exp07 | D6: after_multilabel_iterative_paper | E6: 20 | F6: 0.72815697 | G6: 0.030732392 | H6: 0.83754064 | I6: 0.0090291163 | J6: 0.10938367 | K6: 14.303595 | L6: 1.2663179e-11 | M6: TRUE | N6: 0 | O6: 1.9073486e-06 | P6: TRUE
A7: AlephBERT-Gimmel | B7: exp04 | C7: exp07+aug vs exp07 | D7: before_exp01_baseline | E7: 20 | F7: 0.68910043 | G7: 0.036390663 | H7: 0.77985129 | I7: 0.012173331 | J7: 0.090750853 | K7: 11.601964 | L7: 4.5702535e-10 | M7: TRUE | N7: 0 | O7: 1.9073486e-06 | P7: TRUE
A8: AlephBERT-Gimmel | B8: exp05_ready | C8: exp07+aug vs exp07 | D8: after_label_aware_split | E8: 20 | F8: 0.72315463 | G8: 0.024964895 | H8: 0.79900579 | I8: 0.011169069 | J8: 0.075851163 | K8: 13.198678 | L8: 5.1060264e-11 | M8: TRUE | N8: 0 | O8: 1.9073486e-06 | P8: TRUE
A9: AlephBERT-Gimmel | B9: exp05_ready | C9: exp07+aug vs exp07 | D9: after_multilabel_iterative_paper | E9: 20 | F9: 0.72819086 | G9: 0.030997996 | H9: 0.83896085 | I9: 0.009740644 | J9: 0.11076999 | K9: 15.042204 | L9: 5.238555e-12 | M9: TRUE | N9: 0 | O9: 1.9073486e-06 | P9: TRUE
A10: AlephBERT-Gimmel | B10: exp05_ready | C10: exp07+aug vs exp07 | D10: before_exp01_baseline | E10: 20 | F10: 0.68951942 | G10: 0.035452766 | H10: 0.78390506 | I10: 0.011048798 | J10: 0.09438563 | K10: 12.334953 | L10: 1.6252034e-10 | M10: TRUE | N10: 0 | O10: 1.9073486e-06 | P10: TRUE
A11: AlephBERT-Gimmel | B11: exp06_ready | C11: exp07+aug vs exp07 | D11: after_label_aware_split | E11: 20 | F11: 0.70971459 | G11: 0.022044055 | H11: 0.81492869 | I11: 0.011708687 | J11: 0.10521411 | K11: 18.465594 | L11: 1.3521231e-13 | M11: TRUE | N11: 0 | O11: 1.9073486e-06 | P11: TRUE
A12: AlephBERT-Gimmel | B12: exp06_ready | C12: exp07+aug vs exp07 | D12: after_multilabel_iterative_paper | E12: 20 | F12: 0.70211746 | G12: 0.020099577 | H12: 0.83203844 | I12: 0.0082406378 | J12: 0.12992098 | K12: 26.822115 | L12: 1.4494762e-16 | M12: TRUE | N12: 0 | O12: 1.9073486e-06 | P12: TRUE
A13: AlephBERT-Gimmel | B13: exp06_ready | C13: exp07+aug vs exp07 | D13: before_exp01_baseline | E13: 20 | F13: 0.6912304 | G13: 0.019936274 | H13: 0.78457273 | I13: 0.012871956 | J13: 0.093342329 | K13: 19.44426 | L13: 5.3124027e-14 | M13: TRUE | N13: 0 | O13: 1.9073486e-06 | P13: TRUE
... A109: HeRo | B109: exp10_svm_ready | C109: exp07+aug vs exp07 | D109: before_exp01_baseline | E109: 20 | F109: 0.82707085 | G109: 0.01168618 | H109: 0.86734539 | I109: 0.014798319 | J109: 0.040274542 | K109: 10.354857 | L109: 2.9924065e-09 | M109: TRUE | N109: 0 | O109: 1.9073486e-06 | P109: TRUE

Sheet variant_summary
A1: data_source | B1: condition | C1: description | D1: num_runs | E1: f1_mean | F1: f1_std | G1: f1_min | H1: f1_max
A2: exp07+aug | B2: Multilabel stratified (paper-style) + Aug | C2: Paper-style iterative stratification: rarest-label-first with tie-breaks by per-label need, then fold capacity, then random + LLM mask-fill augmentation | D2: 720 | E2: 0.84370927 | F2: 0.019069257 | G2: 0.78761062 | H2: 0.89760349
A3: exp07+aug | B3: Label-aware greedy + Aug | C3: Statistical stratified sentence split preserving non-O label distribution (with best-effort train coverage) + LLM mask-fill augmentation | D3: 720 | E3: 0.8284352 | F3: 0.028566062 | G3: 0.73684211 | H3: 0.8988764
A4: exp07+aug | B4: Baseline (simple random split) + Aug | C4: Regular NER with DictaBERT + LLM mask-fill augmentation | D4: 720 | E4: 0.82010985 | F4: 0.031576195 | G4: 0.74468085 | H4: 0.90376569
A5: exp07 | B5: Label-aware greedy | C5: Statistical stratified sentence split preserving non-O label distribution (with best-effort train coverage) | D5: 720 | E5: 0.75506842 | F5: 0.05557786 | G5: 0.40883978 | H5: 0.87818697
A6: exp07 | B6: Multilabel stratified (paper-style) | C6: Paper-style iterative stratification: rarest-label-first with tie-breaks by per-label need, then fold capacity, then random | D6: 720 | E6: 0.75215259 | F6: 0.06653242 | G6: 0.4 | H6: 0.8671024
A7: exp07 | B7: Baseline (simple random split) | C7: Regular NER with DictaBERT | D7: 720 | E7: 0.73230429 | F7: 0.05552337 | G7: 0.46330275 | H7: 0.85892116

Sheet experiment_details
A1: model_name | B1: experiment_id | C1: experiment_name | D1: data_source | E1: condition_group_key | F1: condition_group_short | G1: condition_label | H1: condition_description | I1: seed | J1: f1 | K1: precision | L1: recall | M1: status | N1: result_file | O1: metrics_file | P1: elapsed_seconds
A2: DictaBERT | B2: exp01 | C2: Regular NER | D2: exp07 | E2: exp07_before_exp01_baseline | F2: Baseline (simple random split) | G2: [Exp07] Baseline (simple random split) [seed 42] | H2: Regular NER with DictaBERT | I2: 42 | J2: 0.7188755 | K2: 0.66791045 | L2: 0.77826087 | M2: ok_reused_base | N2: /content/drive/MyDrive/thesis_project/thesis/outputs/exp01/regular_ner_20260601_205916.json | O2: /content/drive/MyDrive/thesis_project/thesis/outputs/exp01/regular_ner_results_20260601_205916.xlsx | P2: 7.1
A3: DictaBERT | B3: exp01 | C3: Regular NER | D3: exp07 | E3: exp07_before_exp01_baseline | F3: Baseline (simple random split) | G3: [Exp07] Baseline (simple random split) [seed 43] | H3: Regular NER with DictaBERT | I3: 43 | J3: 0.66933868 | K3: 0.62081784 | L3: 0.72608696 | M3: ok | N3: /content/drive/MyDrive/thesis_project/thesis/outputs/exp01/regular_ner_20260601_210114.json | O3: /content/drive/MyDrive/thesis_project/thesis/outputs/exp01/regular_ner_results_20260601_210104.xlsx | P3: 119.2
A4: DictaBERT | B4: exp01 | C4: Regular NER | D4: exp07 | E4: exp07_before_exp01_baseline | F4: Baseline (simple random split) | G4: [Exp07] Baseline (simple random split) [seed 44] | H4: Regular NER with DictaBERT | I4: 44 | J4: 0.66933868 | K4: 0.62081784 | L4: 0.72608696 | M4: ok | N4: /content/drive/MyDrive/thesis_project/thesis/outputs/exp01/regular_ner_20260601_210348.json | O4: /content/drive/MyDrive/thesis_project/thesis/outputs/exp01/regular_ner_results_20260601_210348.xlsx | P4: 159.5
A5: DictaBERT | B5: exp01 | C5: Regular NER | D5: exp07 | E5: exp07_before_exp01_baseline | F5: Baseline (simple random split) | G5: [Exp07] Baseline (simple random split) [seed 45] | H5: Regular NER with DictaBERT | I5: 45 | J5: 0.66933868 | K5: 0.62081784 | L5: 0.72608696 | M5: ok | N5: /content/drive/MyDrive/thesis_project/thesis/outputs/exp01/regular_ner_20260601_210627.json | O5: /content/drive/MyDrive/thesis_project/thesis/outputs/exp01/regular_ner_results_20260601_210616.xlsx | P5: 155.6
A6: DictaBERT | B6: exp01 | C6: Regular NER | D6: exp07 | E6: exp07_before_exp01_baseline | F6: Baseline (simple random split) | G6: [Exp07] Baseline (simple random split) [seed 46] | H6: Regular NER with DictaBERT | I6: 46 | J6: 0.66933868 | K6: 0.62081784 | L6: 0.72608696 | M6: ok | N6: /content/drive/MyDrive/thesis_project/thesis/outputs/exp01/regular_ner_20260601_210903.json | O6: /content/drive/MyDrive/thesis_project/thesis/outputs/exp01/regular_ner_results_20260601_210851.xlsx | P6: 166.9
A7: DictaBERT | B7: exp01 | C7: Regular NER | D7: exp07 | E7: exp07_before_exp01_baseline | F7: Baseline (simple random split) | G7: [Exp07] Baseline (simple random split) [seed 47] | H7: Regular NER with DictaBERT | I7: 47 | J7: 0.66933868 | K7: 0.62081784 | L7: 0.72608696 | M7: ok | N7: /content/drive/MyDrive/thesis_project/thesis/outputs/exp01/regular_ner_20260601_211152.json | O7: /content/drive/MyDrive/thesis_project/thesis/outputs/exp01/regular_ner_results_20260601_211141.xlsx | P7: 180.9
A8: DictaBERT | B8: exp01 | C8: Regular NER | D8: exp07 | E8: exp07_before_exp01_baseline | F8: Baseline (simple random split) | G8: [Exp07] Baseline (simple random split) [seed 48] | H8: Regular NER with DictaBERT | I8: 48 | J8: 0.66933868 | K8: 0.62081784 | L8: 0.72608696 | M8: ok | N8: /content/drive/MyDrive/thesis_project/thesis/outputs/exp01/regular_ner_20260601_211437.json | O8: /content/drive/MyDrive/thesis_project/thesis/outputs/exp01/regular_ner_results_20260601_211428.xlsx | P8: 164.8
A9: DictaBERT | B9: exp01 | C9: Regular NER | D9: exp07 | E9: exp07_before_exp01_baseline | F9: Baseline (simple random split) | G9: [Exp07] Baseline (simple random split) [seed 49] | H9: Regular NER with DictaBERT | I9: 49 | J9: 0.66933868 | K9: 0.62081784 | L9: 0.72608696 | M9: ok | N9: /content/drive/MyDrive/thesis_project/thesis/outputs/exp01/regular_ner_20260601_211724.json | O9: /content/drive/MyDrive/thesis_project/thesis/outputs/exp01/regular_ner_results_20260601_211723.xlsx | P9: 161.6
A10: DictaBERT | B10: exp01 | C10: Regular NER | D10: exp07 | E10: exp07_before_exp01_baseline | F10: Baseline (simple random split) | G10: [Exp07] Baseline (simple random split) [seed 50] | H10: Regular NER with DictaBERT | I10: 50 | J10: 0.66933868 | K10: 0.62081784 | L10: 0.72608696 | M10: ok | N10: /content/drive/MyDrive/thesis_project/thesis/outputs/exp01/regular_ner_20260601_212004.json | O10: /content/drive/MyDrive/thesis_project/thesis/outputs/exp01/regular_ner_results_20260601_212003.xlsx | P10: 157.8
A11: DictaBERT | B11: exp01 | C11: Regular NER | D11: exp07 | E11: exp07_before_exp01_baseline | F11: Baseline (simple random split) | G11: [Exp07] Baseline (simple random split) [seed 51] | H11: Regular NER with DictaBERT | I11: 51 | J11: 0.66933868 | K11: 0.62081784 | L11: 0.72608696 | M11: ok | N11: /content/drive/MyDrive/thesis_project/thesis/outputs/exp01/regular_ner_20260601_212256.json | O11: /content/drive/MyDrive/thesis_project/thesis/outputs/exp01/regular_ner_results_20260601_212246.xlsx | P11: 183.9
A12: DictaBERT | B12: exp01 | C12: Regular NER | D12: exp07 | E12: exp07_before_exp01_baseline | F12: Baseline (simple random split) | G12: [Exp07] Baseline (simple random split) [seed 52] | H12: Regular NER with DictaBERT | I12: 52 | J12: 0.66933868 | K12: 0.62081784 | L12: 0.72608696 | M12: ok | N12: /content/drive/MyDrive/thesis_project/thesis/outputs/exp01/regular_ner_20260601_212556.json | O12: /content/drive/MyDrive/thesis_project/thesis/outputs/exp01/regular_ner_results_20260601_212546.xlsx | P12: 170.9
A13: DictaBERT | B13: exp01 | C13: Regular NER | D13: exp07 | E13: exp07_before_exp01_baseline | F13: Baseline (simple random split) | G13: [Exp07] Baseline (simple random split) [seed 53] | H13: Regular NER with DictaBERT | I13: 53 | J13: 0.66933868 | K13: 0.62081784 | L13: 0.72608696 | M13: ok | N13: /content/drive/MyDrive/thesis_project/thesis/outputs/exp01/regular_ner_20260601_212841.json | O13: /content/drive/MyDrive/thesis_project/thesis/outputs/exp01/regular_ner_results_20260601_212832.xlsx | P13: 145
... A121: DictaBERT | B121: exp01 | C121: Regular NER | D121: exp07+aug | E121: exp07aug_after_multilabel_iterative_paper | F121: Multilabel stratified (paper-style) + Aug | G121: [Exp07+Aug] Multilabel stratified (paper-style) + Augmented [seed 61] | H121: Paper-style iterative stratification: rarest-label-first with tie-breaks by per-label need, then fold capacity, then random + LLM mask-fill augmentation | I121: 61 | J121: 0.80525164 | K121: 0.78297872 | L121: 0.82882883 | M121: ok | N121: /content/drive/MyDrive/thesis_project/thesis/outputs/exp01/regular_ner_20260602_202416.json | O121: /content/drive/MyDrive/thesis_project/thesis/outputs/exp01/regular_ner_results_20260602_202416.xlsx | P121: 263.7
A122: DictaBERT | B122: exp04 | C122: AUC Cascaded Pipeline | D122: exp07 | E122: exp07_before_exp01_baseline | F122: Baseline (simple random split) | G122: [Exp07] Baseline (simple random split) [seed 42] | H122: Regular NER with DictaBERT | I122: 42 | J122: 0.74895397 | M122: ok_reused_base | N122: /content/drive/MyDrive/thesis_project/thesis/outputs/exp04/auc_cascaded_pipeline_20260601_210001.json | O122: /content/drive/MyDrive/thesis_project/thesis/outputs/exp04/cascaded_pipeline_results_20260601_210000.xlsx | P122: 0.8
A123: DictaBERT | B123: exp04 | C123: AUC Cascaded Pipeline | D123: exp07 | E123: exp07_before_exp01_baseline | F123: Baseline (simple random split) | G123: [Exp07] Baseline (simple random split) [seed 43] | H123: Regular NER with DictaBERT | I123: 43 | J123: 0.71910112 | M123: ok_reused_base | N123: /content/drive/MyDrive/thesis_project/thesis/outputs/exp04/auc_cascaded_pipeline_20260601_210200.json | O123: /content/drive/MyDrive/thesis_project/thesis/outputs/exp04/cascaded_pipeline_results_20260601_210159.xlsx | P123: 1
A124: DictaBERT | B124: exp04 | C124: AUC Cascaded Pipeline | D124: exp07 | E124: exp07_before_exp01_baseline | F124: Baseline (simple random split) | G124: [Exp07] Baseline (simple random split) [seed 44] | H124: Regular NER with DictaBERT | I124: 44 | J124: 0.70229008 | M124: ok_reused_base | N124: /content/drive/MyDrive/thesis_project/thesis/outputs/exp04/auc_cascaded_pipeline_20260601_210439.json | O124: /content/drive/MyDrive/thesis_project/thesis/outputs/exp04/cascaded_pipeline_results_20260601_210438.xlsx | P124: 0.7
A125: DictaBERT | B125: exp04 | C125: AUC Cascaded Pipeline | D125: exp07 | E125: exp07_before_exp01_baseline | F125: Baseline (simple random split) | G125: [Exp07] Baseline (simple random split) [seed 45] | H125: Regular NER with DictaBERT | I125: 45 | J125: 0.72881356 | M125: ok_reused_base | N125: /content/drive/MyDrive/thesis_project/thesis/outputs/exp04/auc_cascaded_pipeline_20260601_210715.json | O125: /content/drive/MyDrive/thesis_project/thesis/outputs/exp04/cascaded_pipeline_results_20260601_210714.xlsx | P125: 1
A126: DictaBERT | B126: exp04 | C126: AUC Cascaded Pipeline | D126: exp07 | E126: exp07_before_exp01_baseline | F126: Baseline (simple random split) | G126: [Exp07] Baseline (simple random split) [seed 46] | H126: Regular NER with DictaBERT | I126: 46 | J126: 0.69767442 | M126: ok_reused_base | N126: /content/drive/MyDrive/thesis_project/thesis/outputs/exp04/auc_cascaded_pipeline_20260601_211002.json | O126: /content/drive/MyDrive/thesis_project/thesis/outputs/exp04/cascaded_pipeline_results_20260601_211001.xlsx | P126: 0.7
A127: DictaBERT | B127: exp04 | C127: AUC Cascaded Pipeline | D127: exp07 | E127: exp07_before_exp01_baseline | F127: Baseline (simple random split) | G127: [Exp07] Baseline (simple random split) [seed 47] | H127: Regular NER with DictaBERT | I127: 47 | J127: 0.75527426 | M127: ok_reused_base | N127: /content/drive/MyDrive/thesis_project/thesis/outputs/exp04/auc_cascaded_pipeline_20260601_211301.json | O127: /content/drive/MyDrive/thesis_project/thesis/outputs/exp04/cascaded_pipeline_results_20260601_211251.xlsx | P127: 1
A128: DictaBERT | B128: exp04 | C128: AUC Cascaded Pipeline | D128: exp07 | E128: exp07_before_exp01_baseline | F128: Baseline (simple random split) | G128: [Exp07] Baseline (simple random split) [seed 48] | H128: Regular NER with DictaBERT | I128: 48 | J128: 0.73221757 | M128: ok_reused_base | N128: /content/drive/MyDrive/thesis_project/thesis/outputs/exp04/auc_cascaded_pipeline_20260601_211546.json | O128: /content/drive/MyDrive/thesis_project/thesis/outputs/exp04/cascaded_pipeline_results_20260601_211536.xlsx | P128: 0.8
A129: DictaBERT | B129: exp04 | C129: AUC Cascaded Pipeline | D129: exp07 | E129: exp07_before_exp01_baseline | F129: Baseline (simple random split) | G129: [Exp07] Baseline (simple random split) [seed 49] | H129: Regular NER with DictaBERT | I129: 49 | J129: 0.7348643 | M129: ok_reused_base | N129: /content/drive/MyDrive/thesis_project/thesis/outputs/exp04/auc_cascaded_pipeline_20260601_211829.json | O129: /content/drive/MyDrive/thesis_project/thesis/outputs/exp04/cascaded_pipeline_results_20260601_211828.xlsx | P129: 0.9
A130: DictaBERT | B130: exp04 | C130: AUC Cascaded Pipeline | D130: exp07 | E130: exp07_before_exp01_baseline | F130: Baseline (simple random split) | G130: [Exp07] Baseline (simple random split) [seed 50] | H130: Regular NER with DictaBERT | I130: 50 | J130: 0.74895397 | M130: ok_reused_base | N130: /content/drive/MyDrive/thesis_project/thesis/outputs/exp04/auc_cascaded_pipeline_20260601_212107.json | O130: /content/drive/MyDrive/thesis_project/thesis/outputs/exp04/cascaded_pipeline_results_20260601_212106.xlsx | P130: 0.7
A131: DictaBERT | B131: exp04 | C131: AUC Cascaded Pipeline | D131: exp07 | E131: exp07_before_exp01_baseline | F131: Baseline (simple random split) | G131: [Exp07] Baseline (simple random split) [seed 51] | H131: Regular NER with DictaBERT | I131: 51 | J131: 0.71398747 | M131: ok_reused_base | N131: /content/drive/MyDrive/thesis_project/thesis/outputs/exp04/auc_cascaded_pipeline_20260601_212411.json | O131: /content/drive/MyDrive/thesis_project/thesis/outputs/exp04/cascaded_pipeline_results_20260601_212400.xlsx | P131: 1
A132: DictaBERT | B132: exp04 | C132: AUC Cascaded Pipeline | D132: exp07 | E132: exp07_before_exp01_baseline | F132: Baseline (simple random split) | G132: [Exp07] Baseline (simple random split) [seed 52] | H132: Regular NER with DictaBERT | I132: 52 | J132: 0.71092077 | M132: ok_reused_base | N132: /content/drive/MyDrive/thesis_project/thesis/outputs/exp04/auc_cascaded_pipeline_20260601_212702.json | O132: /content/drive/MyDrive/thesis_project/thesis/outputs/exp04/cascaded_pipeline_results_20260601_212701.xlsx | P132: 0.7
A133: DictaBERT | B133: exp04 | C133: AUC Cascaded Pipeline | D133: exp07 | E133: exp07_before_exp01_baseline | F133: Baseline (simple random split) | G133: [Exp07] Baseline (simple random split) [seed 53] | H133: Regular NER with DictaBERT | I133: 53 | J133: 0.74369748 | M133: ok_reused_base | N133: /content/drive/MyDrive/thesis_project/thesis/outputs/exp04/auc_cascaded_pipeline_20260601_212927.json | O133: /content/drive/MyDrive/thesis_project/thesis/outputs/exp04/cascaded_pipeline_results_20260601_212926.xlsx | P133: 0.9
... A241: DictaBERT | B241: exp04 | C241: AUC Cascaded Pipeline | D241: exp07+aug | E241: exp07aug_after_multilabel_iterative_paper | F241: Multilabel stratified (paper-style) + Aug | G241: [Exp07+Aug] Multilabel stratified (paper-style) + Augmented [seed 61] | H241: Paper-style iterative stratification: rarest-label-first with tie-breaks by per-label need, then fold capacity, then random + LLM mask-fill augmentation | I241: 61 | J241: 0.81127983 | M241: ok_reused_base | N241: /content/drive/MyDrive/thesis_project/thesis/outputs/exp04/auc_cascaded_pipeline_20260602_202652.json | O241: /content/drive/MyDrive/thesis_project/thesis/outputs/exp04/cascaded_pipeline_results_20260602_202651.xlsx | P241: 0
A242: DictaBERT | B242: exp05_ready | C242: AUC Cascaded Step-3 Consistency (Ready) | D242: exp07 | E242: exp07_before_exp01_baseline | F242: Baseline (simple random split) | G242: [Exp07] Baseline (simple random split) [seed 42] | H242: Regular NER with DictaBERT | I242: 42 | J242: 0.75156576 | K242: 0.72289157 | L242: 0.7826087 | M242: ok | N242: /content/drive/MyDrive/thesis_project/thesis/outputs/exp05_ready/cascaded_step3_consistent_ready_20260717_102530.json | O242: /content/drive/MyDrive/thesis_project/thesis/outputs/exp05_ready/cascaded_step3_consistent_ready_results_20260717_102527.xlsx | P242: 7.7
A243: DictaBERT | B243: exp05_ready | C243: AUC Cascaded Step-3 Consistency (Ready) | D243: exp07 | E243: exp07_before_exp01_baseline | F243: Baseline (simple random split) | G243: [Exp07] Baseline (simple random split) [seed 43] | H243: Regular NER with DictaBERT | I243: 43 | J243: 0.7309417 | K243: 0.75462963 | L243: 0.70869565 | M243: ok | N243: /content/drive/MyDrive/thesis_project/thesis/outputs/exp05_ready/cascaded_step3_consistent_ready_20260602_202818.json | O243: /content/drive/MyDrive/thesis_project/thesis/outputs/exp05_ready/cascaded_step3_consistent_ready_results_20260602_202817.xlsx | P243: 2.3
A244: DictaBERT | B244: exp05_ready | C244: AUC Cascaded Step-3 Consistency (Ready) | D244: exp07 | E244: exp07_before_exp01_baseline | F244: Baseline (simple random split) | G244: [Exp07] Baseline (simple random split) [seed 44] | H244: Regular NER with DictaBERT | I244: 44 | J244: 0.71102662 | K244: 0.63175676 | L244: 0.81304348 | M244: ok | N244: /content/drive/MyDrive/thesis_project/thesis/outputs/exp05_ready/cascaded_step3_consistent_ready_20260602_202820.json | O244: /content/drive/MyDrive/thesis_project/thesis/outputs/exp05_ready/cascaded_step3_consistent_ready_results_20260602_202819.xlsx | P244: 1.9
A245: DictaBERT | B245: exp05_ready | C245: AUC Cascaded Step-3 Consistency (Ready) | D245: exp07 | E245: exp07_before_exp01_baseline | F245: Baseline (simple random split) | G245: [Exp07] Baseline (simple random split) [seed 45] | H245: Regular NER with DictaBERT | I245: 45 | J245: 0.73572939 | K245: 0.71604938 | L245: 0.75652174 | M245: ok | N245: /content/drive/MyDrive/thesis_project/thesis/outputs/exp05_ready/cascaded_step3_consistent_ready_20260602_202822.json | O245: /content/drive/MyDrive/thesis_project/thesis/outputs/exp05_ready/cascaded_step3_consistent_ready_results_20260602_202822.xlsx | P245: 2.4
A246: DictaBERT | B246: exp05_ready | C246: AUC Cascaded Step-3 Consistency (Ready) | D246: exp07 | E246: exp07_before_exp01_baseline | F246: Baseline (simple random split) | G246: [Exp07] Baseline (simple random split) [seed 46] | H246: Regular NER with DictaBERT | I246: 46 | J246: 0.70315789 | K246: 0.68163265 | L246: 0.72608696 | M246: ok | N246: /content/drive/MyDrive/thesis_project/thesis/outputs/exp05_ready/cascaded_step3_consistent_ready_20260602_202824.json | O246: /content/drive/MyDrive/thesis_project/thesis/outputs/exp05_ready/cascaded_step3_consistent_ready_results_20260602_202824.xlsx | P246: 2.3
A247: DictaBERT | B247: exp05_ready | C247: AUC Cascaded Step-3 Consistency (Ready) | D247: exp07 | E247: exp07_before_exp01_baseline | F247: Baseline (simple random split) | G247: [Exp07] Baseline (simple random split) [seed 47] | H247: Regular NER with DictaBERT | I247: 47 | J247: 0.7605042 | K247: 0.73577236 | L247: 0.78695652 | M247: ok | N247: /content/drive/MyDrive/thesis_project/thesis/outputs/exp05_ready/cascaded_step3_consistent_ready_20260602_202826.json | O247: /content/drive/MyDrive/thesis_project/thesis/outputs/exp05_ready/cascaded_step3_consistent_ready_results_20260602_202825.xlsx | P247: 1.4
A248: DictaBERT | B248: exp05_ready | C248: AUC Cascaded Step-3 Consistency (Ready) | D248: exp07 | E248: exp07_before_exp01_baseline | F248: Baseline (simple random split) | G248: [Exp07] Baseline (simple random split) [seed 48] | H248: Regular NER with DictaBERT | I248: 48 | J248: 0.73903967 | K248: 0.71084337 | L248: 0.76956522 | M248: ok | N248: /content/drive/MyDrive/thesis_project/thesis/outputs/exp05_ready/cascaded_step3_consistent_ready_20260602_202827.json | O248: /content/drive/MyDrive/thesis_project/thesis/outputs/exp05_ready/cascaded_step3_consistent_ready_results_20260602_202827.xlsx | P248: 1.4
A249: DictaBERT | B249: exp05_ready | C249: AUC Cascaded Step-3 Consistency (Ready) | D249: exp07 | E249: exp07_before_exp01_baseline | F249: Baseline (simple random split) | G249: [Exp07] Baseline (simple random split) [seed 49] | H249: Regular NER with DictaBERT | I249: 49 | J249: 0.74166667 | K249: 0.712 | L249: 0.77391304 | M249: ok | N249: /content/drive/MyDrive/thesis_project/thesis/outputs/exp05_ready/cascaded_step3_consistent_ready_20260602_202828.json | O249: /content/drive/MyDrive/thesis_project/thesis/outputs/exp05_ready/cascaded_step3_consistent_ready_results_20260602_202828.xlsx | P249: 1.4
A250: DictaBERT | B250: exp05_ready | C250: AUC Cascaded Step-3 Consistency (Ready) | D250: exp07 | E250: exp07_before_exp01_baseline | F250: Baseline (simple random split) | G250: [Exp07] Baseline (simple random split) [seed 50] | H250: Regular NER with DictaBERT | I250: 50 | J250: 0.75991649 | K250: 0.73092369 | L250: 0.79130435 | M250: ok | N250: /content/drive/MyDrive/thesis_project/thesis/outputs/exp05_ready/cascaded_step3_consistent_ready_20260602_202830.json | O250: /content/drive/MyDrive/thesis_project/thesis/outputs/exp05_ready/cascaded_step3_consistent_ready_results_20260602_202830.xlsx | P250: 1.4
A251: DictaBERT | B251: exp05_ready | C251: AUC Cascaded Step-3 Consistency (Ready) | D251: exp07 | E251: exp07_before_exp01_baseline | F251: Baseline (simple random split) | G251: [Exp07] Baseline (simple random split) [seed 51] | H251: Regular NER with DictaBERT | I251: 51 | J251: 0.71666667 | K251: 0.688 | L251: 0.74782609 | M251: ok | N251: /content/drive/MyDrive/thesis_project/thesis/outputs/exp05_ready/cascaded_step3_consistent_ready_20260602_202832.json | O251: /content/drive/MyDrive/thesis_project/thesis/outputs/exp05_ready/cascaded_step3_consistent_ready_results_20260602_202831.xlsx | P251: 1.8
A252: DictaBERT | B252: exp05_ready | C252: AUC Cascaded Step-3 Consistency (Ready) | D252: exp07 | E252: exp07_before_exp01_baseline | F252: Baseline (simple random split) | G252: [Exp07] Baseline (simple random split) [seed 52] | H252: Regular NER with DictaBERT | I252: 52 | J252: 0.72649573 | K252: 0.71428571 | L252: 0.73913043 | M252: ok | N252: /content/drive/MyDrive/thesis_project/thesis/outputs/exp05_ready/cascaded_step3_consistent_ready_20260602_202833.json | O252: /content/drive/MyDrive/thesis_project/thesis/outputs/exp05_ready/cascaded_step3_consistent_ready_results_20260602_202833.xlsx | P252: 1.6
A253: DictaBERT | B253: exp05_ready | C253: AUC Cascaded Step-3 Consistency (Ready) | D253: exp07 | E253: exp07_before_exp01_baseline | F253: Baseline (simple random split) | G253: [Exp07] Baseline (simple random split) [seed 53] | H253: Regular NER with DictaBERT | I253: 53 | J253: 0.74633124 | K253: 0.72064777 | L253: 0.77391304 | M253: ok | N253: /content/drive/MyDrive/thesis_project/thesis/outputs/exp05_ready/cascaded_step3_consistent_ready_20260602_202835.json | O253: /content/drive/MyDrive/thesis_project/thesis/outputs/exp05_ready/cascaded_step3_consistent_ready_results_20260602_202834.xlsx | P253: 1.3
... A721: BEREL 3.0 | B721: exp01 | C721: Regular NER | D721: exp07+aug | E721: exp07aug_after_multilabel_iterative_paper | F721: Multilabel stratified (paper-style) + Aug | G721: [Exp07+Aug] Multilabel stratified (paper-style) + Augmented [seed 61] | H721: Paper-style iterative stratification: rarest-label-first with tie-breaks by per-label need, then fold capacity, then random + LLM mask-fill augmentation | I721: 61 | J721: 0.84257206 | K721: 0.82969432 | L721: 0.85585586 | M721: ok | N721: /content/drive/MyDrive/thesis_project/thesis/outputs/exp01/regular_ner_20260603_112254.json | O721: /content/drive/MyDrive/thesis_project/thesis/outputs/exp01/regular_ner_results_20260603_112254.xlsx | P721: 253.8
A722: BEREL 3.0 | B722: exp04 | C722: AUC Cascaded Pipeline | D722: exp07 | E722: exp07_before_exp01_baseline | F722: Baseline (simple random split) | G722: [Exp07] Baseline (simple random split) [seed 42] | H722: Regular NER with DictaBERT | I722: 42 | J722: 0.71193416 | M722: ok_reused_base | N722: /content/drive/MyDrive/thesis_project/thesis/outputs/exp04/auc_cascaded_pipeline_20260602_203913.json | O722: /content/drive/MyDrive/thesis_project/thesis/outputs/exp04/cascaded_pipeline_results_20260602_203911.xlsx | P722: 0.6
A723: BEREL 3.0 | B723: exp04 | C723: AUC Cascaded Pipeline | D723: exp07 | E723: exp07_before_exp01_baseline | F723: Baseline (simple random split) | G723: [Exp07] Baseline (simple random split) [seed 43] | H723: Regular NER with DictaBERT | I723: 43 | J723: 0.5203252 | M723: ok_reused_base | N723: /content/drive/MyDrive/thesis_project/thesis/outputs/exp04/auc_cascaded_pipeline_20260602_205639.json | O723: /content/drive/MyDrive/thesis_project/thesis/outputs/exp04/cascaded_pipeline_results_20260602_205637.xlsx | P723: 0.7
A724: BEREL 3.0 | B724: exp04 | C724: AUC Cascaded Pipeline | D724: exp07 | E724: exp07_before_exp01_baseline | F724: Baseline (simple random split) | G724: [Exp07] Baseline (simple random split) [seed 44] | H724: Regular NER with DictaBERT | I724: 44 | J724: 0.58248473 | M724: ok_reused_base | N724: /content/drive/MyDrive/thesis_project/thesis/outputs/exp04/auc_cascaded_pipeline_20260602_205726.json | O724: /content/drive/MyDrive/thesis_project/thesis/outputs/exp04/cascaded_pipeline_results_20260602_205724.xlsx | P724: 0.9
A725: BEREL 3.0 | B725: exp04 | C725: AUC Cascaded Pipeline | D725: exp07 | E725: exp07_before_exp01_baseline | F725: Baseline (simple random split) | G725: [Exp07] Baseline (simple random split) [seed 45] | H725: Regular NER with DictaBERT | I725: 45 | J725: 0.71816284 | M725: ok_reused_base | N725: /content/drive/MyDrive/thesis_project/thesis/outputs/exp04/auc_cascaded_pipeline_20260602_205820.json | O725: /content/drive/MyDrive/thesis_project/thesis/outputs/exp04/cascaded_pipeline_results_20260602_205819.xlsx | P725: 0.7
A726: BEREL 3.0 | B726: exp04 | C726: AUC Cascaded Pipeline | D726: exp07 | E726: exp07_before_exp01_baseline | F726: Baseline (simple random split) | G726: [Exp07] Baseline (simple random split) [seed 46] | H726: Regular NER with DictaBERT | I726: 46 | J726: 0.54746137 | M726: ok_reused_base | N726: /content/drive/MyDrive/thesis_project/thesis/outputs/exp04/auc_cascaded_pipeline_20260602_205904.json | O726: /content/drive/MyDrive/thesis_project/thesis/outputs/exp04/cascaded_pipeline_results_20260602_205903.xlsx | P726: 0.7
A727: BEREL 3.0 | B727: exp04 | C727: AUC Cascaded Pipeline | D727: exp07 | E727: exp07_before_exp01_baseline | F727: Baseline (simple random split) | G727: [Exp07] Baseline (simple random split) [seed 47] | H727: Regular NER with DictaBERT | I727: 47 | J727: 0.71635611 | M727: ok_reused_base | N727: /content/drive/MyDrive/thesis_project/thesis/outputs/exp04/auc_cascaded_pipeline_20260602_205959.json | O727: /content/drive/MyDrive/thesis_project/thesis/outputs/exp04/cascaded_pipeline_results_20260602_205957.xlsx | P727: 3.3
A728: BEREL 3.0 | B728: exp04 | C728: AUC Cascaded Pipeline | D728: exp07 | E728: exp07_before_exp01_baseline | F728: Baseline (simple random split) | G728: [Exp07] Baseline (simple random split) [seed 48] | H728: Regular NER with DictaBERT | I728: 48 | J728: 0.74518201 | M728: ok_reused_base | N728: /content/drive/MyDrive/thesis_project/thesis/outputs/exp04/auc_cascaded_pipeline_20260602_210054.json | O728: /content/drive/MyDrive/thesis_project/thesis/outputs/exp04/cascaded_pipeline_results_20260602_210052.xlsx | P728: 0.9
A729: BEREL 3.0 | B729: exp04 | C729: AUC Cascaded Pipeline | D729: exp07 | E729: exp07_before_exp01_baseline | F729: Baseline (simple random split) | G729: [Exp07] Baseline (simple random split) [seed 49] | H729: Regular NER with DictaBERT | I729: 49 | J729: 0.71721311 | M729: ok_reused_base | N729: /content/drive/MyDrive/thesis_project/thesis/outputs/exp04/auc_cascaded_pipeline_20260602_210149.json | O729: /content/drive/MyDrive/thesis_project/thesis/outputs/exp04/cascaded_pipeline_results_20260602_210147.xlsx | P729: 0.7
A730: BEREL 3.0 | B730: exp04 | C730: AUC Cascaded Pipeline | D730: exp07 | E730: exp07_before_exp01_baseline | F730: Baseline (simple random split) | G730: [Exp07] Baseline (simple random split) [seed 50] | H730: Regular NER with DictaBERT | I730: 50 | J730: 0.7257384 | M730: ok_reused_base | N730: /content/drive/MyDrive/thesis_project/thesis/outputs/exp04/auc_cascaded_pipeline_20260602_210243.json | O730: /content/drive/MyDrive/thesis_project/thesis/outputs/exp04/cascaded_pipeline_results_20260602_210242.xlsx | P730: 0.6
A731: BEREL 3.0 | B731: exp04 | C731: AUC Cascaded Pipeline | D731: exp07 | E731: exp07_before_exp01_baseline | F731: Baseline (simple random split) | G731: [Exp07] Baseline (simple random split) [seed 51] | H731: Regular NER with DictaBERT | I731: 51 | J731: 0.46330275 | M731: ok_reused_base | N731: /content/drive/MyDrive/thesis_project/thesis/outputs/exp04/auc_cascaded_pipeline_20260602_210327.json | O731: /content/drive/MyDrive/thesis_project/thesis/outputs/exp04/cascaded_pipeline_results_20260602_210326.xlsx | P731: 0.8
A732: BEREL 3.0 | B732: exp04 | C732: AUC Cascaded Pipeline | D732: exp07 | E732: exp07_before_exp01_baseline | F732: Baseline (simple random split) | G732: [Exp07] Baseline (simple random split) [seed 52] | H732: Regular NER with DictaBERT | I732: 52 | J732: 0.72842105 | M732: ok_reused_base | N732: /content/drive/MyDrive/thesis_project/thesis/outputs/exp04/auc_cascaded_pipeline_20260602_210422.json | O732: /content/drive/MyDrive/thesis_project/thesis/outputs/exp04/cascaded_pipeline_results_20260602_210421.xlsx | P732: 0.9
A733: BEREL 3.0 | B733: exp04 | C733: AUC Cascaded Pipeline | D733: exp07 | E733: exp07_before_exp01_baseline | F733: Baseline (simple random split) | G733: [Exp07] Baseline (simple random split) [seed 53] | H733: Regular NER with DictaBERT | I733: 53 | J733: 0.47479675 | M733: ok_reused_base | N733: /content/drive/MyDrive/thesis_project/thesis/outputs/exp04/auc_cascaded_pipeline_20260602_210508.json | O733: /content/drive/MyDrive/thesis_project/thesis/outputs/exp04/cascaded_pipeline_results_20260602_210506.xlsx | P733: 0.7
... A841: BEREL 3.0 | B841: exp04 | C841: AUC Cascaded Pipeline | D841: exp07+aug | E841: exp07aug_after_multilabel_iterative_paper | F841: Multilabel stratified (paper-style) + Aug | G841: [Exp07+Aug] Multilabel stratified (paper-style) + Augmented [seed 61] | H841: Paper-style iterative stratification: rarest-label-first with tie-breaks by per-label need, then fold capacity, then random + LLM mask-fill augmentation | I841: 61 | J841: 0.84395604 | M841: ok_reused_base | N841: /content/drive/MyDrive/thesis_project/thesis/outputs/exp04/auc_cascaded_pipeline_20260603_112519.json | O841: /content/drive/MyDrive/thesis_project/thesis/outputs/exp04/cascaded_pipeline_results_20260603_112518.xlsx | P841: 0
A842: BEREL 3.0 | B842: exp05_ready | C842: AUC Cascaded Step-3 Consistency (Ready) | D842: exp07 | E842: exp07_before_exp01_baseline | F842: Baseline (simple random split) | G842: [Exp07] Baseline (simple random split) [seed 42] | H842: Regular NER with DictaBERT | I842: 42 | J842: 0.71165644 | K842: 0.67181467 | L842: 0.75652174 | M842: ok | N842: /content/drive/MyDrive/thesis_project/thesis/outputs/exp05_ready/cascaded_step3_consistent_ready_20260717_102631.json | O842: /content/drive/MyDrive/thesis_project/thesis/outputs/exp05_ready/cascaded_step3_consistent_ready_results_20260717_102630.xlsx | P842: 2.6
A843: BEREL 3.0 | B843: exp05_ready | C843: AUC Cascaded Step-3 Consistency (Ready) | D843: exp07 | E843: exp07_before_exp01_baseline | F843: Baseline (simple random split) | G843: [Exp07] Baseline (simple random split) [seed 43] | H843: Regular NER with DictaBERT | I843: 43 | J843: 0.51717172 | K843: 0.48301887 | L843: 0.55652174 | M843: ok | N843: /content/drive/MyDrive/thesis_project/thesis/outputs/exp05_ready/cascaded_step3_consistent_ready_20260603_112702.json | O843: /content/drive/MyDrive/thesis_project/thesis/outputs/exp05_ready/cascaded_step3_consistent_ready_results_20260603_112702.xlsx | P843: 2.9
A844: BEREL 3.0 | B844: exp05_ready | C844: AUC Cascaded Step-3 Consistency (Ready) | D844: exp07 | E844: exp07_before_exp01_baseline | F844: Baseline (simple random split) | G844: [Exp07] Baseline (simple random split) [seed 44] | H844: Regular NER with DictaBERT | I844: 44 | J844: 0.58704453 | K844: 0.54924242 | L844: 0.63043478 | M844: ok | N844: /content/drive/MyDrive/thesis_project/thesis/outputs/exp05_ready/cascaded_step3_consistent_ready_20260603_112704.json | O844: /content/drive/MyDrive/thesis_project/thesis/outputs/exp05_ready/cascaded_step3_consistent_ready_results_20260603_112703.xlsx | P844: 1.7
A845: BEREL 3.0 | B845: exp05_ready | C845: AUC Cascaded Step-3 Consistency (Ready) | D845: exp07 | E845: exp07_before_exp01_baseline | F845: Baseline (simple random split) | G845: [Exp07] Baseline (simple random split) [seed 45] | H845: Regular NER with DictaBERT | I845: 45 | J845: 0.72727273 | K845: 0.69291339 | L845: 0.76521739 | M845: ok | N845: /content/drive/MyDrive/thesis_project/thesis/outputs/exp05_ready/cascaded_step3_consistent_ready_20260603_112707.json | O845: /content/drive/MyDrive/thesis_project/thesis/outputs/exp05_ready/cascaded_step3_consistent_ready_results_20260603_112706.xlsx | P845: 3
A846: BEREL 3.0 | B846: exp05_ready | C846: AUC Cascaded Step-3 Consistency (Ready) | D846: exp07 | E846: exp07_before_exp01_baseline | F846: Baseline (simple random split) | G846: [Exp07] Baseline (simple random split) [seed 46] | H846: Regular NER with DictaBERT | I846: 46 | J846: 0.55506608 | K846: 0.5625 | L846: 0.54782609 | M846: ok | N846: /content/drive/MyDrive/thesis_project/thesis/outputs/exp05_ready/cascaded_step3_consistent_ready_20260603_112708.json | O846: /content/drive/MyDrive/thesis_project/thesis/outputs/exp05_ready/cascaded_step3_consistent_ready_results_20260603_112708.xlsx | P846: 1.4
A847: BEREL 3.0 | B847: exp05_ready | C847: AUC Cascaded Step-3 Consistency (Ready) | D847: exp07 | E847: exp07_before_exp01_baseline | F847: Baseline (simple random split) | G847: [Exp07] Baseline (simple random split) [seed 47] | H847: Regular NER with DictaBERT | I847: 47 | J847: 0.73100616 | K847: 0.692607 | L847: 0.77391304 | M847: ok | N847: /content/drive/MyDrive/thesis_project/thesis/outputs/exp05_ready/cascaded_step3_consistent_ready_20260603_112710.json | O847: /content/drive/MyDrive/thesis_project/thesis/outputs/exp05_ready/cascaded_step3_consistent_ready_results_20260603_112709.xlsx | P847: 1.4
A848: BEREL 3.0 | B848: exp05_ready | C848: AUC Cascaded Step-3 Consistency (Ready) | D848: exp07 | E848: exp07_before_exp01_baseline | F848: Baseline (simple random split) | G848: [Exp07] Baseline (simple random split) [seed 48] | H848: Regular NER with DictaBERT | I848: 48 | J848: 0.75744681 | K848: 0.74166667 | L848: 0.77391304 | M848: ok | N848: /content/drive/MyDrive/thesis_project/thesis/outputs/exp05_ready/cascaded_step3_consistent_ready_20260603_112711.json | O848: /content/drive/MyDrive/thesis_project/thesis/outputs/exp05_ready/cascaded_step3_consistent_ready_results_20260603_112711.xlsx | P848: 1.4
A849: BEREL 3.0 | B849: exp05_ready | C849: AUC Cascaded Step-3 Consistency (Ready) | D849: exp07 | E849: exp07_before_exp01_baseline | F849: Baseline (simple random split) | G849: [Exp07] Baseline (simple random split) [seed 49] | H849: Regular NER with DictaBERT | I849: 49 | J849: 0.73210634 | K849: 0.69111969 | L849: 0.77826087 | M849: ok | N849: /content/drive/MyDrive/thesis_project/thesis/outputs/exp05_ready/cascaded_step3_consistent_ready_20260603_112712.json | O849: /content/drive/MyDrive/thesis_project/thesis/outputs/exp05_ready/cascaded_step3_consistent_ready_results_20260603_112712.xlsx | P849: 1.4
A850: BEREL 3.0 | B850: exp05_ready | C850: AUC Cascaded Step-3 Consistency (Ready) | D850: exp07 | E850: exp07_before_exp01_baseline | F850: Baseline (simple random split) | G850: [Exp07] Baseline (simple random split) [seed 50] | H850: Regular NER with DictaBERT | I850: 50 | J850: 0.7394958 | K850: 0.71544715 | L850: 0.76521739 | M850: ok | N850: /content/drive/MyDrive/thesis_project/thesis/outputs/exp05_ready/cascaded_step3_consistent_ready_20260603_112714.json | O850: /content/drive/MyDrive/thesis_project/thesis/outputs/exp05_ready/cascaded_step3_consistent_ready_results_20260603_112714.xlsx | P850: 1.6
A851: BEREL 3.0 | B851: exp05_ready | C851: AUC Cascaded Step-3 Consistency (Ready) | D851: exp07 | E851: exp07_before_exp01_baseline | F851: Baseline (simple random split) | G851: [Exp07] Baseline (simple random split) [seed 51] | H851: Regular NER with DictaBERT | I851: 51 | J851: 0.46575342 | K851: 0.49038462 | L851: 0.44347826 | M851: ok | N851: /content/drive/MyDrive/thesis_project/thesis/outputs/exp05_ready/cascaded_step3_consistent_ready_20260603_112716.json | O851: /content/drive/MyDrive/thesis_project/thesis/outputs/exp05_ready/cascaded_step3_consistent_ready_results_20260603_112716.xlsx | P851: 1.8
A852: BEREL 3.0 | B852: exp05_ready | C852: AUC Cascaded Step-3 Consistency (Ready) | D852: exp07 | E852: exp07_before_exp01_baseline | F852: Baseline (simple random split) | G852: [Exp07] Baseline (simple random split) [seed 52] | H852: Regular NER with DictaBERT | I852: 52 | J852: 0.73903967 | K852: 0.71084337 | L852: 0.76956522 | M852: ok | N852: /content/drive/MyDrive/thesis_project/thesis/outputs/exp05_ready/cascaded_step3_consistent_ready_20260603_112717.json | O852: /content/drive/MyDrive/thesis_project/thesis/outputs/exp05_ready/cascaded_step3_consistent_ready_results_20260603_112717.xlsx | P852: 1.4
A853: BEREL 3.0 | B853: exp05_ready | C853: AUC Cascaded Step-3 Consistency (Ready) | D853: exp07 | E853: exp07_before_exp01_baseline | F853: Baseline (simple random split) | G853: [Exp07] Baseline (simple random split) [seed 53] | H853: Regular NER with DictaBERT | I853: 53 | J853: 0.47266881 | K853: 0.375 | L853: 0.63913043 | M853: ok | N853: /content/drive/MyDrive/thesis_project/thesis/outputs/exp05_ready/cascaded_step3_consistent_ready_20260603_112719.json | O853: /content/drive/MyDrive/thesis_project/thesis/outputs/exp05_ready/cascaded_step3_consistent_ready_results_20260603_112719.xlsx | P853: 1.5
... A1321: HeRo | B1321: exp01 | C1321: Regular NER | D1321: exp07+aug | E1321: exp07aug_after_multilabel_iterative_paper | F1321: Multilabel stratified (paper-style) + Aug | G1321: [Exp07+Aug] Multilabel stratified (paper-style) + Augmented [seed 61] | H1321: Paper-style iterative stratification: rarest-label-first with tie-breaks by per-label need, then fold capacity, then random + LLM mask-fill augmentation | I1321: 61 | J1321: 0.83370288 | K1321: 0.8209607 | L1321: 0.84684685 | M1321: ok | N1321: /content/drive/MyDrive/thesis_project/thesis/outputs/exp01/regular_ner_20260603_195121.json | O1321: /content/drive/MyDrive/thesis_project/thesis/outputs/exp01/regular_ner_results_20260603_195121.xlsx | P1321: 229.6
A1322: HeRo | B1322: exp04 | C1322: AUC Cascaded Pipeline | D1322: exp07 | E1322: exp07_before_exp01_baseline | F1322: Baseline (simple random split) | G1322: [Exp07] Baseline (simple random split) [seed 42] | H1322: Regular NER with DictaBERT | I1322: 42 | J1322: 0.77707006 | M1322: ok_reused_base | N1322: /content/drive/MyDrive/thesis_project/thesis/outputs/exp04/auc_cascaded_pipeline_20260603_113923.json | O1322: /content/drive/MyDrive/thesis_project/thesis/outputs/exp04/cascaded_pipeline_results_20260603_113922.xlsx | P1322: 1
A1323: HeRo | B1323: exp04 | C1323: AUC Cascaded Pipeline | D1323: exp07 | E1323: exp07_before_exp01_baseline | F1323: Baseline (simple random split) | G1323: [Exp07] Baseline (simple random split) [seed 43] | H1323: Regular NER with DictaBERT | I1323: 43 | J1323: 0.71610169 | M1323: ok_reused_base | N1323: /content/drive/MyDrive/thesis_project/thesis/outputs/exp04/auc_cascaded_pipeline_20260603_114016.json | O1323: /content/drive/MyDrive/thesis_project/thesis/outputs/exp04/cascaded_pipeline_results_20260603_114015.xlsx | P1323: 0.7
A1324: HeRo | B1324: exp04 | C1324: AUC Cascaded Pipeline | D1324: exp07 | E1324: exp07_before_exp01_baseline | F1324: Baseline (simple random split) | G1324: [Exp07] Baseline (simple random split) [seed 44] | H1324: Regular NER with DictaBERT | I1324: 44 | J1324: 0.77321814 | M1324: ok_reused_base | N1324: /content/drive/MyDrive/thesis_project/thesis/outputs/exp04/auc_cascaded_pipeline_20260603_114110.json | O1324: /content/drive/MyDrive/thesis_project/thesis/outputs/exp04/cascaded_pipeline_results_20260603_114109.xlsx | P1324: 1.2
A1325: HeRo | B1325: exp04 | C1325: AUC Cascaded Pipeline | D1325: exp07 | E1325: exp07_before_exp01_baseline | F1325: Baseline (simple random split) | G1325: [Exp07] Baseline (simple random split) [seed 45] | H1325: Regular NER with DictaBERT | I1325: 45 | J1325: 0.73939394 | M1325: ok_reused_base | N1325: /content/drive/MyDrive/thesis_project/thesis/outputs/exp04/auc_cascaded_pipeline_20260603_114203.json | O1325: /content/drive/MyDrive/thesis_project/thesis/outputs/exp04/cascaded_pipeline_results_20260603_114202.xlsx | P1325: 0.6
A1326: HeRo | B1326: exp04 | C1326: AUC Cascaded Pipeline | D1326: exp07 | E1326: exp07_before_exp01_baseline | F1326: Baseline (simple random split) | G1326: [Exp07] Baseline (simple random split) [seed 46] | H1326: Regular NER with DictaBERT | I1326: 46 | J1326: 0.7366167 | M1326: ok_reused_base | N1326: /content/drive/MyDrive/thesis_project/thesis/outputs/exp04/auc_cascaded_pipeline_20260603_114256.json | O1326: /content/drive/MyDrive/thesis_project/thesis/outputs/exp04/cascaded_pipeline_results_20260603_114255.xlsx | P1326: 0.6
A1327: HeRo | B1327: exp04 | C1327: AUC Cascaded Pipeline | D1327: exp07 | E1327: exp07_before_exp01_baseline | F1327: Baseline (simple random split) | G1327: [Exp07] Baseline (simple random split) [seed 47] | H1327: Regular NER with DictaBERT | I1327: 47 | J1327: 0.7295082 | M1327: ok_reused_base | N1327: /content/drive/MyDrive/thesis_project/thesis/outputs/exp04/auc_cascaded_pipeline_20260603_114350.json | O1327: /content/drive/MyDrive/thesis_project/thesis/outputs/exp04/cascaded_pipeline_results_20260603_114348.xlsx | P1327: 0.8
A1328: HeRo | B1328: exp04 | C1328: AUC Cascaded Pipeline | D1328: exp07 | E1328: exp07_before_exp01_baseline | F1328: Baseline (simple random split) | G1328: [Exp07] Baseline (simple random split) [seed 48] | H1328: Regular NER with DictaBERT | I1328: 48 | J1328: 0.7402863 | M1328: ok_reused_base | N1328: /content/drive/MyDrive/thesis_project/thesis/outputs/exp04/auc_cascaded_pipeline_20260603_114443.json | O1328: /content/drive/MyDrive/thesis_project/thesis/outputs/exp04/cascaded_pipeline_results_20260603_114442.xlsx | P1328: 0.6
A1329: HeRo | B1329: exp04 | C1329: AUC Cascaded Pipeline | D1329: exp07 | E1329: exp07_before_exp01_baseline | F1329: Baseline (simple random split) | G1329: [Exp07] Baseline (simple random split) [seed 49] | H1329: Regular NER with DictaBERT | I1329: 49 | J1329: 0.72323232 | M1329: ok_reused_base | N1329: /content/drive/MyDrive/thesis_project/thesis/outputs/exp04/auc_cascaded_pipeline_20260603_114537.json | O1329: /content/drive/MyDrive/thesis_project/thesis/outputs/exp04/cascaded_pipeline_results_20260603_114535.xlsx | P1329: 0.6
A1330: HeRo | B1330: exp04 | C1330: AUC Cascaded Pipeline | D1330: exp07 | E1330: exp07_before_exp01_baseline | F1330: Baseline (simple random split) | G1330: [Exp07] Baseline (simple random split) [seed 50] | H1330: Regular NER with DictaBERT | I1330: 50 | J1330: 0.6728972 | M1330: ok_reused_base | N1330: /content/drive/MyDrive/thesis_project/thesis/outputs/exp04/auc_cascaded_pipeline_20260603_114630.json | O1330: /content/drive/MyDrive/thesis_project/thesis/outputs/exp04/cascaded_pipeline_results_20260603_114629.xlsx | P1330: 0.6
A1331: HeRo | B1331: exp04 | C1331: AUC Cascaded Pipeline | D1331: exp07 | E1331: exp07_before_exp01_baseline | F1331: Baseline (simple random split) | G1331: [Exp07] Baseline (simple random split) [seed 51] | H1331: Regular NER with DictaBERT | I1331: 51 | J1331: 0.73210634 | M1331: ok_reused_base | N1331: /content/drive/MyDrive/thesis_project/thesis/outputs/exp04/auc_cascaded_pipeline_20260603_114723.json | O1331: /content/drive/MyDrive/thesis_project/thesis/outputs/exp04/cascaded_pipeline_results_20260603_114722.xlsx | P1331: 0.6
A1332: HeRo | B1332: exp04 | C1332: AUC Cascaded Pipeline | D1332: exp07 | E1332: exp07_before_exp01_baseline | F1332: Baseline (simple random split) | G1332: [Exp07] Baseline (simple random split) [seed 52] | H1332: Regular NER with DictaBERT | I1332: 52 | J1332: 0.73839662 | M1332: ok_reused_base | N1332: /content/drive/MyDrive/thesis_project/thesis/outputs/exp04/auc_cascaded_pipeline_20260603_114816.json | O1332: /content/drive/MyDrive/thesis_project/thesis/outputs/exp04/cascaded_pipeline_results_20260603_114815.xlsx | P1332: 0.6
A1333: HeRo | B1333: exp04 | C1333: AUC Cascaded Pipeline | D1333: exp07 | E1333: exp07_before_exp01_baseline | F1333: Baseline (simple random split) | G1333: [Exp07] Baseline (simple random split) [seed 53] | H1333: Regular NER with DictaBERT | I1333: 53 | J1333: 0.73809524 | M1333: ok_reused_base | N1333: /content/drive/MyDrive/thesis_project/thesis/outputs/exp04/auc_cascaded_pipeline_20260603_114910.json | O1333: /content/drive/MyDrive/thesis_project/thesis/outputs/exp04/cascaded_pipeline_results_20260603_114909.xlsx | P1333: 0.6
... A1441: HeRo | B1441: exp04 | C1441: AUC Cascaded Pipeline | D1441: exp07+aug | E1441: exp07aug_after_multilabel_iterative_paper | F1441: Multilabel stratified (paper-style) + Aug | G1441: [Exp07+Aug] Multilabel stratified (paper-style) + Augmented [seed 61] | H1441: Paper-style iterative stratification: rarest-label-first with tie-breaks by per-label need, then fold capacity, then random + LLM mask-fill augmentation | I1441: 61 | J1441: 0.83516484 | M1441: ok_reused_base | N1441: /content/drive/MyDrive/thesis_project/thesis/outputs/exp04/auc_cascaded_pipeline_20260603_195351.json | O1441: /content/drive/MyDrive/thesis_project/thesis/outputs/exp04/cascaded_pipeline_results_20260603_195349.xlsx | P1441: 0
A1442: HeRo | B1442: exp05_ready | C1442: AUC Cascaded Step-3 Consistency (Ready) | D1442: exp07 | E1442: exp07_before_exp01_baseline | F1442: Baseline (simple random split) | G1442: [Exp07] Baseline (simple random split) [seed 42] | H1442: Regular NER with DictaBERT | I1442: 42 | J1442: 0.77801268 | K1442: 0.75720165 | L1442: 0.8 | M1442: ok | N1442: /content/drive/MyDrive/thesis_project/thesis/outputs/exp05_ready/cascaded_step3_consistent_ready_20260717_102718.json | O1442: /content/drive/MyDrive/thesis_project/thesis/outputs/exp05_ready/cascaded_step3_consistent_ready_results_20260717_102718.xlsx | P1442: 2.6
A1443: HeRo | B1443: exp05_ready | C1443: AUC Cascaded Step-3 Consistency (Ready) | D1443: exp07 | E1443: exp07_before_exp01_baseline | F1443: Baseline (simple random split) | G1443: [Exp07] Baseline (simple random split) [seed 43] | H1443: Regular NER with DictaBERT | I1443: 43 | J1443: 0.70736842 | K1443: 0.68571429 | L1443: 0.73043478 | M1443: ok | N1443: /content/drive/MyDrive/thesis_project/thesis/outputs/exp05_ready/cascaded_step3_consistent_ready_20260603_195520.json | O1443: /content/drive/MyDrive/thesis_project/thesis/outputs/exp05_ready/cascaded_step3_consistent_ready_results_20260603_195520.xlsx | P1443: 2.8
A1444: HeRo | B1444: exp05_ready | C1444: AUC Cascaded Step-3 Consistency (Ready) | D1444: exp07 | E1444: exp07_before_exp01_baseline | F1444: Baseline (simple random split) | G1444: [Exp07] Baseline (simple random split) [seed 44] | H1444: Regular NER with DictaBERT | I1444: 44 | J1444: 0.77682403 | K1444: 0.76694915 | L1444: 0.78695652 | M1444: ok | N1444: /content/drive/MyDrive/thesis_project/thesis/outputs/exp05_ready/cascaded_step3_consistent_ready_20260603_195521.json | O1444: /content/drive/MyDrive/thesis_project/thesis/outputs/exp05_ready/cascaded_step3_consistent_ready_results_20260603_195521.xlsx | P1444: 1.4
A1445: HeRo | B1445: exp05_ready | C1445: AUC Cascaded Step-3 Consistency (Ready) | D1445: exp07 | E1445: exp07_before_exp01_baseline | F1445: Baseline (simple random split) | G1445: [Exp07] Baseline (simple random split) [seed 45] | H1445: Regular NER with DictaBERT | I1445: 45 | J1445: 0.73641851 | K1445: 0.68539326 | L1445: 0.79565217 | M1445: ok | N1445: /content/drive/MyDrive/thesis_project/thesis/outputs/exp05_ready/cascaded_step3_consistent_ready_20260603_195523.json | O1445: /content/drive/MyDrive/thesis_project/thesis/outputs/exp05_ready/cascaded_step3_consistent_ready_results_20260603_195523.xlsx | P1445: 1.8
A1446: HeRo | B1446: exp05_ready | C1446: AUC Cascaded Step-3 Consistency (Ready) | D1446: exp07 | E1446: exp07_before_exp01_baseline | F1446: Baseline (simple random split) | G1446: [Exp07] Baseline (simple random split) [seed 46] | H1446: Regular NER with DictaBERT | I1446: 46 | J1446: 0.71914894 | K1446: 0.70416667 | L1446: 0.73478261 | M1446: ok | N1446: /content/drive/MyDrive/thesis_project/thesis/outputs/exp05_ready/cascaded_step3_consistent_ready_20260603_195525.json | O1446: /content/drive/MyDrive/thesis_project/thesis/outputs/exp05_ready/cascaded_step3_consistent_ready_results_20260603_195524.xlsx | P1446: 1.4
A1447: HeRo | B1447: exp05_ready | C1447: AUC Cascaded Step-3 Consistency (Ready) | D1447: exp07 | E1447: exp07_before_exp01_baseline | F1447: Baseline (simple random split) | G1447: [Exp07] Baseline (simple random split) [seed 47] | H1447: Regular NER with DictaBERT | I1447: 47 | J1447: 0.73619632 | K1447: 0.69498069 | L1447: 0.7826087 | M1447: ok | N1447: /content/drive/MyDrive/thesis_project/thesis/outputs/exp05_ready/cascaded_step3_consistent_ready_20260603_195526.json | O1447: /content/drive/MyDrive/thesis_project/thesis/outputs/exp05_ready/cascaded_step3_consistent_ready_results_20260603_195526.xlsx | P1447: 1.6
A1448: HeRo | B1448: exp05_ready | C1448: AUC Cascaded Step-3 Consistency (Ready) | D1448: exp07 | E1448: exp07_before_exp01_baseline | F1448: Baseline (simple random split) | G1448: [Exp07] Baseline (simple random split) [seed 48] | H1448: Regular NER with DictaBERT | I1448: 48 | J1448: 0.74693878 | K1448: 0.70384615 | L1448: 0.79565217 | M1448: ok | N1448: /content/drive/MyDrive/thesis_project/thesis/outputs/exp05_ready/cascaded_step3_consistent_ready_20260603_195528.json | O1448: /content/drive/MyDrive/thesis_project/thesis/outputs/exp05_ready/cascaded_step3_consistent_ready_results_20260603_195527.xlsx | P1448: 1.4
A1449: HeRo | B1449: exp05_ready | C1449: AUC Cascaded Step-3 Consistency (Ready) | D1449: exp07 | E1449: exp07_before_exp01_baseline | F1449: Baseline (simple random split) | G1449: [Exp07] Baseline (simple random split) [seed 49] | H1449: Regular NER with DictaBERT | I1449: 49 | J1449: 0.72032193 | K1449: 0.67041199 | L1449: 0.77826087 | M1449: ok | N1449: /content/drive/MyDrive/thesis_project/thesis/outputs/exp05_ready/cascaded_step3_consistent_ready_20260603_195529.json | O1449: /content/drive/MyDrive/thesis_project/thesis/outputs/exp05_ready/cascaded_step3_consistent_ready_results_20260603_195529.xlsx | P1449: 1.4
A1450: HeRo | B1450: exp05_ready | C1450: AUC Cascaded Step-3 Consistency (Ready) | D1450: exp07 | E1450: exp07_before_exp01_baseline | F1450: Baseline (simple random split) | G1450: [Exp07] Baseline (simple random split) [seed 50] | H1450: Regular NER with DictaBERT | I1450: 50 | J1450: 0.6728281 | K1450: 0.585209 | L1450: 0.79130435 | M1450: ok | N1450: /content/drive/MyDrive/thesis_project/thesis/outputs/exp05_ready/cascaded_step3_consistent_ready_20260603_195531.json | O1450: /content/drive/MyDrive/thesis_project/thesis/outputs/exp05_ready/cascaded_step3_consistent_ready_results_20260603_195530.xlsx | P1450: 1.4
A1451: HeRo | B1451: exp05_ready | C1451: AUC Cascaded Step-3 Consistency (Ready) | D1451: exp07 | E1451: exp07_before_exp01_baseline | F1451: Baseline (simple random split) | G1451: [Exp07] Baseline (simple random split) [seed 51] | H1451: Regular NER with DictaBERT | I1451: 51 | J1451: 0.7413442 | K1451: 0.69731801 | L1451: 0.79130435 | M1451: ok | N1451: /content/drive/MyDrive/thesis_project/thesis/outputs/exp05_ready/cascaded_step3_consistent_ready_20260603_195532.json | O1451: /content/drive/MyDrive/thesis_project/thesis/outputs/exp05_ready/cascaded_step3_consistent_ready_results_20260603_195532.xlsx | P1451: 1.8
A1452: HeRo | B1452: exp05_ready | C1452: AUC Cascaded Step-3 Consistency (Ready) | D1452: exp07 | E1452: exp07_before_exp01_baseline | F1452: Baseline (simple random split) | G1452: [Exp07] Baseline (simple random split) [seed 52] | H1452: Regular NER with DictaBERT | I1452: 52 | J1452: 0.73109244 | K1452: 0.70731707 | L1452: 0.75652174 | M1452: ok | N1452: /content/drive/MyDrive/thesis_project/thesis/outputs/exp05_ready/cascaded_step3_consistent_ready_20260603_195534.json | O1452: /content/drive/MyDrive/thesis_project/thesis/outputs/exp05_ready/cascaded_step3_consistent_ready_results_20260603_195534.xlsx | P1452: 1.4
A1453: HeRo | B1453: exp05_ready | C1453: AUC Cascaded Step-3 Consistency (Ready) | D1453: exp07 | E1453: exp07_before_exp01_baseline | F1453: Baseline (simple random split) | G1453: [Exp07] Baseline (simple random split) [seed 53] | H1453: Regular NER with DictaBERT | I1453: 53 | J1453: 0.73663366 | K1453: 0.67636364 | L1453: 0.80869565 | M1453: ok | N1453: /content/drive/MyDrive/thesis_project/thesis/outputs/exp05_ready/cascaded_step3_consistent_ready_20260603_195535.json | O1453: /content/drive/MyDrive/thesis_project/thesis/outputs/exp05_ready/cascaded_step3_consistent_ready_results_20260603_195535.xlsx | P1453: 1.4
... A1921: AlephBERT-Gimmel | B1921: exp01 | C1921: Regular NER | D1921: exp07+aug | E1921: exp07aug_after_multilabel_iterative_paper | F1921: Multilabel stratified (paper-style) + Aug | G1921: [Exp07+Aug] Multilabel stratified (paper-style) + Augmented [seed 61] | H1921: Paper-style iterative stratification: rarest-label-first with tie-breaks by per-label need, then fold capacity, then random + LLM mask-fill augmentation | I1921: 61 | J1921: 0.83296214 | K1921: 0.82378855 | L1921: 0.84234234 | M1921: ok | N1921: /content/drive/MyDrive/thesis_project/thesis/outputs/exp01/regular_ner_20260604_082153.json | O1921: /content/drive/MyDrive/thesis_project/thesis/outputs/exp01/regular_ner_results_20260604_082153.xlsx | P1921: 239
A1922: AlephBERT-Gimmel | B1922: exp04 | C1922: AUC Cascaded Pipeline | D1922: exp07 | E1922: exp07_before_exp01_baseline | F1922: Baseline (simple random split) | G1922: [Exp07] Baseline (simple random split) [seed 42] | H1922: Regular NER with DictaBERT | I1922: 42 | J1922: 0.70258621 | M1922: ok_reused_base | N1922: /content/drive/MyDrive/thesis_project/thesis/outputs/exp04/auc_cascaded_pipeline_20260603_200632.json | O1922: /content/drive/MyDrive/thesis_project/thesis/outputs/exp04/cascaded_pipeline_results_20260603_200631.xlsx | P1922: 0.9
A1923: AlephBERT-Gimmel | B1923: exp04 | C1923: AUC Cascaded Pipeline | D1923: exp07 | E1923: exp07_before_exp01_baseline | F1923: Baseline (simple random split) | G1923: [Exp07] Baseline (simple random split) [seed 43] | H1923: Regular NER with DictaBERT | I1923: 43 | J1923: 0.68453608 | M1923: ok_reused_base | N1923: /content/drive/MyDrive/thesis_project/thesis/outputs/exp04/auc_cascaded_pipeline_20260603_200731.json | O1923: /content/drive/MyDrive/thesis_project/thesis/outputs/exp04/cascaded_pipeline_results_20260603_200730.xlsx | P1923: 0.9
A1924: AlephBERT-Gimmel | B1924: exp04 | C1924: AUC Cascaded Pipeline | D1924: exp07 | E1924: exp07_before_exp01_baseline | F1924: Baseline (simple random split) | G1924: [Exp07] Baseline (simple random split) [seed 44] | H1924: Regular NER with DictaBERT | I1924: 44 | J1924: 0.71900826 | M1924: ok_reused_base | N1924: /content/drive/MyDrive/thesis_project/thesis/outputs/exp04/auc_cascaded_pipeline_20260603_200830.json | O1924: /content/drive/MyDrive/thesis_project/thesis/outputs/exp04/cascaded_pipeline_results_20260603_200829.xlsx | P1924: 0.7
A1925: AlephBERT-Gimmel | B1925: exp04 | C1925: AUC Cascaded Pipeline | D1925: exp07 | E1925: exp07_before_exp01_baseline | F1925: Baseline (simple random split) | G1925: [Exp07] Baseline (simple random split) [seed 45] | H1925: Regular NER with DictaBERT | I1925: 45 | J1925: 0.71635611 | M1925: ok_reused_base | N1925: /content/drive/MyDrive/thesis_project/thesis/outputs/exp04/auc_cascaded_pipeline_20260603_200929.json | O1925: /content/drive/MyDrive/thesis_project/thesis/outputs/exp04/cascaded_pipeline_results_20260603_200928.xlsx | P1925: 0.9
A1926: AlephBERT-Gimmel | B1926: exp04 | C1926: AUC Cascaded Pipeline | D1926: exp07 | E1926: exp07_before_exp01_baseline | F1926: Baseline (simple random split) | G1926: [Exp07] Baseline (simple random split) [seed 46] | H1926: Regular NER with DictaBERT | I1926: 46 | J1926: 0.65432099 | M1926: ok_reused_base | N1926: /content/drive/MyDrive/thesis_project/thesis/outputs/exp04/auc_cascaded_pipeline_20260603_201028.json | O1926: /content/drive/MyDrive/thesis_project/thesis/outputs/exp04/cascaded_pipeline_results_20260603_201027.xlsx | P1926: 0.6
A1927: AlephBERT-Gimmel | B1927: exp04 | C1927: AUC Cascaded Pipeline | D1927: exp07 | E1927: exp07_before_exp01_baseline | F1927: Baseline (simple random split) | G1927: [Exp07] Baseline (simple random split) [seed 47] | H1927: Regular NER with DictaBERT | I1927: 47 | J1927: 0.6993865 | M1927: ok_reused_base | N1927: /content/drive/MyDrive/thesis_project/thesis/outputs/exp04/auc_cascaded_pipeline_20260603_201128.json | O1927: /content/drive/MyDrive/thesis_project/thesis/outputs/exp04/cascaded_pipeline_results_20260603_201127.xlsx | P1927: 0.9
A1928: AlephBERT-Gimmel | B1928: exp04 | C1928: AUC Cascaded Pipeline | D1928: exp07 | E1928: exp07_before_exp01_baseline | F1928: Baseline (simple random split) | G1928: [Exp07] Baseline (simple random split) [seed 48] | H1928: Regular NER with DictaBERT | I1928: 48 | J1928: 0.61181435 | M1928: ok_reused_base | N1928: /content/drive/MyDrive/thesis_project/thesis/outputs/exp04/auc_cascaded_pipeline_20260603_201227.json | O1928: /content/drive/MyDrive/thesis_project/thesis/outputs/exp04/cascaded_pipeline_results_20260603_201226.xlsx | P1928: 1
A1929: AlephBERT-Gimmel | B1929: exp04 | C1929: AUC Cascaded Pipeline | D1929: exp07 | E1929: exp07_before_exp01_baseline | F1929: Baseline (simple random split) | G1929: [Exp07] Baseline (simple random split) [seed 49] | H1929: Regular NER with DictaBERT | I1929: 49 | J1929: 0.71274298 | M1929: ok_reused_base | N1929: /content/drive/MyDrive/thesis_project/thesis/outputs/exp04/auc_cascaded_pipeline_20260603_201327.json | O1929: /content/drive/MyDrive/thesis_project/thesis/outputs/exp04/cascaded_pipeline_results_20260603_201326.xlsx | P1929: 0.7
...

Sheet documentation
A1: like this aa | B1: Key | C1: Value
A2: Experiment | B2: ID | C2: cross_comparison
A3: Experiment | B3: Name | C3: Cross-Data × Multi-Model Comparison (Ready Setup)
A4: Dataset | B4: Source | C4: ner_dataset.csv (Hebrew NER corpus)
A5: Dataset | B5: Format | C5: Token-level BIO tags (B-TYPE, I-TYPE, O)
A6: Split Protocol | B6: Train / Eval Ratio | C6: 70% / 30%
A7: Split Protocol | B7: Split Granularity | C7: Sentence-level (no token leakage)
A8: Split Protocol | B8: Seeds | C8: 5 independent random seeds (42–46)
A9: Split Protocol | B9: Stratification | C9: Non-O label distribution preserved via greedy optimisation
A10: Model | B10: Base Model | C10: DictaBERT (dicta-il/dictabert)
A11: Model | B11: Language | C11: Hebrew
A12: Evaluation | B12: Primary Metric | C12: Entity-level F1 (seqeval strict)
... A38: Sheets | B38: documentation | C38: This sheet — describes columns and interpretation guidelines

Sheet Sheet2

Sheet Model comparison summary
A1: MODEL COMPARISON SUMMARY
A2: Average entity-level F1 ± sample standard deviation across 20 seeds; non-CRF results are shown on the left and Experiment 10 CRF results on the right.
A4: NON-AUGMENTED — NON-CRF EXPERIMENTS | H4: NON-AUGMENTED — EXPERIMENT 10 CRF
A5: Split Method | B5: Experiment | C5: DictaBERT | D5: BEREL 3.0 | E5: HeRo | F5: AlephBERT-Gimmel | H5: Split Method | I5: Experiment | J5: DictaBERT | K5: BEREL 3.0 | L5: HeRo | M5: AlephBERT-Gimmel
A6: Baseline (simple random split) | B6: Regular NER | C6: {=_xlfn.LET(_xlpm.v,_xlfn._xlws.FILTER(all_runs!$O$2:$O$4321,(all_runs!$C$2:$C$4321=C$5)*(all_runs!$E$2:$E$4321=$B6)*(all_runs!$F$2:$F$4321="exp07")*(all_runs!$I$2:$I$4321=$A6)),TEXT(ROUND(AVERAGE(_xlpm.v),3),"0.000")&" ± "&TEXT(ROUND(_xlfn.STDEV.S(_xlpm.v),3),"0.000"))} -> 0.672 ± 0.011 | D6: {=_xlfn.LET(_xlpm.v,_xlfn._xlws.FILTER(all_runs!$O$2:$O$4321,(all_runs!$C$2:$C$4321=D$5)*(all_runs!$E$2:$E$4321=$B6)*(all_runs!$F$2:$F$4321="exp07")*(all_runs!$I$2:$I$4321=$A6)),TEXT(ROUND(AVERAGE(_xlpm.v),3),"0.000")&" ± "&TEXT(ROUND(_xlfn.STDEV.S(_xlpm.v),3),"0.000"))} -> 0.705 ± 0.001 | E6: {=_xlfn.LET(_xlpm.v,_xlfn._xlws.FILTER(all_runs!$O$2:$O$4321,(all_runs!$C$2:$C$4321=E$5)*(all_runs!$E$2:$E$4321=$B6)*(all_runs!$F$2:$F$4321="exp07")*(all_runs!$I$2:$I$4321=$A6)),TEXT(ROUND(AVERAGE(_xlpm.v),3),"0.000")&" ± "&TEXT(ROUND(_xlfn.STDEV.S(_xlpm.v),3),"0.000"))} -> 0.745 ± 0.010 | F6: {=_xlfn.LET(_xlpm.v,_xlfn._xlws.FILTER(all_runs!$O$2:$O$4321,(all_runs!$C$2:$C$4321=F$5)*(all_runs!$E$2:$E$4321=$B6)*(all_runs!$F$2:$F$4321="exp07")*(all_runs!$I$2:$I$4321=$A6)),TEXT(ROUND(AVERAGE(_xlpm.v),3),"0.000")&" ± "&TEXT(ROUND(_xlfn.STDEV.S(_xlpm.v),3),"0.000"))} -> 0.664 ± 0.001 | H6: Baseline (simple random split) | I6: Regular NER (BERT-CRF) | J6: {=_xlfn.LET(_xlpm.v,_xlfn._xlws.FILTER(all_runs!$O$2:$O$4321,(all_runs!$C$2:$C$4321=J$5)*(all_runs!$E$2:$E$4321=$I6)*(all_runs!$F$2:$F$4321="exp07")*(all_runs!$I$2:$I$4321=$H6)),TEXT(ROUND(AVERAGE(_xlpm.v),3),"0.000")&" ± "&TEXT(ROUND(_xlfn.STDEV.S(_xlpm.v),3),"0.000"))} -> 0.750 ± 0.004 | K6: {=_xlfn.LET(_xlpm.v,_xlfn._xlws.FILTER(all_runs!$O$2:$O$4321,(all_runs!$C$2:$C$4321=K$5)*(all_runs!$E$2:$E$4321=$I6)*(all_runs!$F$2:$F$4321="exp07")*(all_runs!$I$2:$I$4321=$H6)),TEXT(ROUND(AVERAGE(_xlpm.v),3),"0.000")&" ± "&TEXT(ROUND(_xlfn.STDEV.S(_xlpm.v),3),"0.000"))} -> 0.731 ± 0.000 | L6: {=_xlfn.LET(_xlpm.v,_xlfn._xlws.FILTER(all_runs!$O$2:$O$4321,(all_runs!$C$2:$C$4321=L$5)*(all_runs!$E$2:$E$4321=$I6)*(all_runs!$F$2:$F$4321="exp07")*(all_runs!$I$2:$I$4321=$H6)),TEXT(ROUND(AVERAGE(_xlpm.v),3),"0.000")&" ± "&TEXT(ROUND(_xlfn.STDEV.S(_xlpm.v),3),"0.000"))} -> 0.764 ± 0.000 | M6: {=_xlfn.LET(_xlpm.v,_xlfn._xlws.FILTER(all_runs!$O$2:$O$4321,(all_runs!$C$2:$C$4321=M$5)*(all_runs!$E$2:$E$4321=$I6)*(all_runs!$F$2:$F$4321="exp07")*(all_runs!$I$2:$I$4321=$H6)),TEXT(ROUND(AVERAGE(_xlpm.v),3),"0.000")&" ± "&TEXT(ROUND(_xlfn.STDEV.S(_xlpm.v),3),"0.000"))} -> 0.686 ± 0.000
A7: Baseline (simple random split) | B7: AUC Cascaded Step-3 Consistency (Ready) | C7: {=_xlfn.LET(_xlpm.v,_xlfn._xlws.FILTER(all_runs!$O$2:$O$4321,(all_runs!$C$2:$C$4321=C$5)*(all_runs!$E$2:$E$4321=$B7)*(all_runs!$F$2:$F$4321="exp07")*(all_runs!$I$2:$I$4321=$A7)),TEXT(ROUND(AVERAGE(_xlpm.v),3),"0.000")&" ± "&TEXT(ROUND(_xlfn.STDEV.S(_xlpm.v),3),"0.000"))} -> 0.737 ± 0.024 | D7: {=_xlfn.LET(_xlpm.v,_xlfn._xlws.FILTER(all_runs!$O$2:$O$4321,(all_runs!$C$2:$C$4321=D$5)*(all_runs!$E$2:$E$4321=$B7)*(all_runs!$F$2:$F$4321="exp07")*(all_runs!$I$2:$I$4321=$A7)),TEXT(ROUND(AVERAGE(_xlpm.v),3),"0.000")&" ± "&TEXT(ROUND(_xlfn.STDEV.S(_xlpm.v),3),"0.000"))} -> 0.635 ± 0.110 | E7: {=_xlfn.LET(_xlpm.v,_xlfn._xlws.FILTER(all_runs!$O$2:$O$4321,(all_runs!$C$2:$C$4321=E$5)*(all_runs!$E$2:$E$4321=$B7)*(all_runs!$F$2:$F$4321="exp07")*(all_runs!$I$2:$I$4321=$A7)),TEXT(ROUND(AVERAGE(_xlpm.v),3),"0.000")&" ± "&TEXT(ROUND(_xlfn.STDEV.S(_xlpm.v),3),"0.000"))} -> 0.739 ± 0.028 | F7: {=_xlfn.LET(_xlpm.v,_xlfn._xlws.FILTER(all_runs!$O$2:$O$4321,(all_runs!$C$2:$C$4321=F$5)*(all_runs!$E$2:$E$4321=$B7)*(all_runs!$F$2:$F$4321="exp07")*(all_runs!$I$2:$I$4321=$A7)),TEXT(ROUND(AVERAGE(_xlpm.v),3),"0.000")&" ± "&TEXT(ROUND(_xlfn.STDEV.S(_xlpm.v),3),"0.000"))} -> 0.690 ± 0.035 | H7: Baseline (simple random split) | I7: Cascaded Pipeline (CRF + Consistency) | J7: {=_xlfn.LET(_xlpm.v,_xlfn._xlws.FILTER(all_runs!$O$2:$O$4321,(all_runs!$C$2:$C$4321=J$5)*(all_runs!$E$2:$E$4321=$I7)*(all_runs!$F$2:$F$4321="exp07")*(all_runs!$I$2:$I$4321=$H7)),TEXT(ROUND(AVERAGE(_xlpm.v),3),"0.000")&" ± "&TEXT(ROUND(_xlfn.STDEV.S(_xlpm.v),3),"0.000"))} -> 0.776 ± 0.014 | K7: {=_xlfn.LET(_xlpm.v,_xlfn._xlws.FILTER(all_runs!$O$2:$O$4321,(all_runs!$C$2:$C$4321=K$5)*(all_runs!$E$2:$E$4321=$I7)*(all_runs!$F$2:$F$4321="exp07")*(all_runs!$I$2:$I$4321=$H7)),TEXT(ROUND(AVERAGE(_xlpm.v),3),"0.000")&" ± "&TEXT(ROUND(_xlfn.STDEV.S(_xlpm.v),3),"0.000"))} -> 0.724 ± 0.094 | L7: {=_xlfn.LET(_xlpm.v,_xlfn._xlws.FILTER(all_runs!$O$2:$O$4321,(all_runs!$C$2:$C$4321=L$5)*(all_runs!$E$2:$E$4321=$I7)*(all_runs!$F$2:$F$4321="exp07")*(all_runs!$I$2:$I$4321=$H7)),TEXT(ROUND(AVERAGE(_xlpm.v),3),"0.000")&" ± "&TEXT(ROUND(_xlfn.STDEV.S(_xlpm.v),3),"0.000"))} -> 0.789 ± 0.012 | M7: {=_xlfn.LET(_xlpm.v,_xlfn._xlws.FILTER(all_runs!$O$2:$O$4321,(all_runs!$C$2:$C$4321=M$5)*(all_runs!$E$2:$E$4321=$I7)*(all_runs!$F$2:$F$4321="exp07")*(all_runs!$I$2:$I$4321=$H7)),TEXT(ROUND(AVERAGE(_xlpm.v),3),"0.000")&" ± "&TEXT(ROUND(_xlfn.STDEV.S(_xlpm.v),3),"0.000"))} -> 0.730 ± 0.018
A8: Baseline (simple random split) | B8: SVM Router Fusion (Ready) | C8: {=_xlfn.LET(_xlpm.v,_xlfn._xlws.FILTER(all_runs!$O$2:$O$4321,(all_runs!$C$2:$C$4321=C$5)*(all_runs!$E$2:$E$4321=$B8)*(all_runs!$F$2:$F$4321="exp07")*(all_runs!$I$2:$I$4321=$A8)),TEXT(ROUND(AVERAGE(_xlpm.v),3),"0.000")&" ± "&TEXT(ROUND(_xlfn.STDEV.S(_xlpm.v),3),"0.000"))} -> 0.766 ± 0.016 | D8: {=_xlfn.LET(_xlpm.v,_xlfn._xlws.FILTER(all_runs!$O$2:$O$4321,(all_runs!$C$2:$C$4321=D$5)*(all_runs!$E$2:$E$4321=$B8)*(all_runs!$F$2:$F$4321="exp07")*(all_runs!$I$2:$I$4321=$A8)),TEXT(ROUND(AVERAGE(_xlpm.v),3),"0.000")&" ± "&TEXT(ROUND(_xlfn.STDEV.S(_xlpm.v),3),"0.000"))} -> 0.771 ± 0.025 | E8: {=_xlfn.LET(_xlpm.v,_xlfn._xlws.FILTER(all_runs!$O$2:$O$4321,(all_runs!$C$2:$C$4321=E$5)*(all_runs!$E$2:$E$4321=$B8)*(all_runs!$F$2:$F$4321="exp07")*(all_runs!$I$2:$I$4321=$A8)),TEXT(ROUND(AVERAGE(_xlpm.v),3),"0.000")&" ± "&TEXT(ROUND(_xlfn.STDEV.S(_xlpm.v),3),"0.000"))} -> 0.795 ± 0.013 | F8: {=_xlfn.LET(_xlpm.v,_xlfn._xlws.FILTER(all_runs!$O$2:$O$4321,(all_runs!$C$2:$C$4321=F$5)*(all_runs!$E$2:$E$4321=$B8)*(all_runs!$F$2:$F$4321="exp07")*(all_runs!$I$2:$I$4321=$A8)),TEXT(ROUND(AVERAGE(_xlpm.v),3),"0.000")&" ± "&TEXT(ROUND(_xlfn.STDEV.S(_xlpm.v),3),"0.000"))} -> 0.739 ± 0.017 | H8: Baseline (simple random split) | I8: SVM Router Fusion CRF (Ready) | J8: {=_xlfn.LET(_xlpm.v,_xlfn._xlws.FILTER(all_runs!$O$2:$O$4321,(all_runs!$C$2:$C$4321=J$5)*(all_runs!$E$2:$E$4321=$I8)*(all_runs!$F$2:$F$4321="exp07")*(all_runs!$I$2:$I$4321=$H8)),TEXT(ROUND(AVERAGE(_xlpm.v),3),"0.000")&" ± "&TEXT(ROUND(_xlfn.STDEV.S(_xlpm.v),3),"0.000"))} -> 0.790 ± 0.011 | K8: {=_xlfn.LET(_xlpm.v,_xlfn._xlws.FILTER(all_runs!$O$2:$O$4321,(all_runs!$C$2:$C$4321=K$5)*(all_runs!$E$2:$E$4321=$I8)*(all_runs!$F$2:$F$4321="exp07")*(all_runs!$I$2:$I$4321=$H8)),TEXT(ROUND(AVERAGE(_xlpm.v),3),"0.000")&" ± "&TEXT(ROUND(_xlfn.STDEV.S(_xlpm.v),3),"0.000"))} -> 0.784 ± 0.021 | L8: {=_xlfn.LET(_xlpm.v,_xlfn._xlws.FILTER(all_runs!$O$2:$O$4321,(all_runs!$C$2:$C$4321=L$5)*(all_runs!$E$2:$E$4321=$I8)*(all_runs!$F$2:$F$4321="exp07")*(all_runs!$I$2:$I$4321=$H8)),TEXT(ROUND(AVERAGE(_xlpm.v),3),"0.000")&" ± "&TEXT(ROUND(_xlfn.STDEV.S(_xlpm.v),3),"0.000"))} -> 0.827 ± 0.012 | M8: {=_xlfn.LET(_xlpm.v,_xlfn._xlws.FILTER(all_runs!$O$2:$O$4321,(all_runs!$C$2:$C$4321=M$5)*(all_runs!$E$2:$E$4321=$I8)*(all_runs!$F$2:$F$4321="exp07")*(all_runs!$I$2:$I$4321=$H8)),TEXT(ROUND(AVERAGE(_xlpm.v),3),"0.000")&" ± "&TEXT(ROUND(_xlfn.STDEV.S(_xlpm.v),3),"0.000"))} -> 0.733 ± 0.012
A9: Label-aware greedy | B9: Regular NER | C9: {=_xlfn.LET(_xlpm.v,_xlfn._xlws.FILTER(all_runs!$O$2:$O$4321,(all_runs!$C$2:$C$4321=C$5)*(all_runs!$E$2:$E$4321=$B9)*(all_runs!$F$2:$F$4321="exp07")*(all_runs!$I$2:$I$4321=$A9)),TEXT(ROUND(AVERAGE(_xlpm.v),3),"0.000")&" ± "&TEXT(ROUND(_xlfn.STDEV.S(_xlpm.v),3),"0.000"))} -> 0.754 ± 0.000 | D9: {=_xlfn.LET(_xlpm.v,_xlfn._xlws.FILTER(all_runs!$O$2:$O$4321,(all_runs!$C$2:$C$4321=D$5)*(all_runs!$E$2:$E$4321=$B9)*(all_runs!$F$2:$F$4321="exp07")*(all_runs!$I$2:$I$4321=$A9)),TEXT(ROUND(AVERAGE(_xlpm.v),3),"0.000")&" ± "&TEXT(ROUND(_xlfn.STDEV.S(_xlpm.v),3),"0.000"))} -> 0.707 ± 0.000 | E9: {=_xlfn.LET(_xlpm.v,_xlfn._xlws.FILTER(all_runs!$O$2:$O$4321,(all_runs!$C$2:$C$4321=E$5)*(all_runs!$E$2:$E$4321=$B9)*(all_runs!$F$2:$F$4321="exp07")*(all_runs!$I$2:$I$4321=$A9)),TEXT(ROUND(AVERAGE(_xlpm.v),3),"0.000")&" ± "&TEXT(ROUND(_xlfn.STDEV.S(_xlpm.v),3),"0.000"))} -> 0.755 ± 0.000 | F9: {=_xlfn.LET(_xlpm.v,_xlfn._xlws.FILTER(all_runs!$O$2:$O$4321,(all_runs!$C$2:$C$4321=F$5)*(all_runs!$E$2:$E$4321=$B9)*(all_runs!$F$2:$F$4321="exp07")*(all_runs!$I$2:$I$4321=$A9)),TEXT(ROUND(AVERAGE(_xlpm.v),3),"0.000")&" ± "&TEXT(ROUND(_xlfn.STDEV.S(_xlpm.v),3),"0.000"))} -> 0.658 ± 0.000 | H9: Label-aware greedy | I9: Regular NER (BERT-CRF) | J9: {=_xlfn.LET(_xlpm.v,_xlfn._xlws.FILTER(all_runs!$O$2:$O$4321,(all_runs!$C$2:$C$4321=J$5)*(all_runs!$E$2:$E$4321=$I9)*(all_runs!$F$2:$F$4321="exp07")*(all_runs!$I$2:$I$4321=$H9)),TEXT(ROUND(AVERAGE(_xlpm.v),3),"0.000")&" ± "&TEXT(ROUND(_xlfn.STDEV.S(_xlpm.v),3),"0.000"))} -> 0.757 ± 0.000 | K9: {=_xlfn.LET(_xlpm.v,_xlfn._xlws.FILTER(all_runs!$O$2:$O$4321,(all_runs!$C$2:$C$4321=K$5)*(all_runs!$E$2:$E$4321=$I9)*(all_runs!$F$2:$F$4321="exp07")*(all_runs!$I$2:$I$4321=$H9)),TEXT(ROUND(AVERAGE(_xlpm.v),3),"0.000")&" ± "&TEXT(ROUND(_xlfn.STDEV.S(_xlpm.v),3),"0.000"))} -> 0.725 ± 0.000 | L9: {=_xlfn.LET(_xlpm.v,_xlfn._xlws.FILTER(all_runs!$O$2:$O$4321,(all_runs!$C$2:$C$4321=L$5)*(all_runs!$E$2:$E$4321=$I9)*(all_runs!$F$2:$F$4321="exp07")*(all_runs!$I$2:$I$4321=$H9)),TEXT(ROUND(AVERAGE(_xlpm.v),3),"0.000")&" ± "&TEXT(ROUND(_xlfn.STDEV.S(_xlpm.v),3),"0.000"))} -> 0.802 ± 0.000 | M9: {=_xlfn.LET(_xlpm.v,_xlfn._xlws.FILTER(all_runs!$O$2:$O$4321,(all_runs!$C$2:$C$4321=M$5)*(all_runs!$E$2:$E$4321=$I9)*(all_runs!$F$2:$F$4321="exp07")*(all_runs!$I$2:$I$4321=$H9)),TEXT(ROUND(AVERAGE(_xlpm.v),3),"0.000")&" ± "&TEXT(ROUND(_xlfn.STDEV.S(_xlpm.v),3),"0.000"))} -> 0.726 ± 0.000
A10: Label-aware greedy | B10: AUC Cascaded Step-3 Consistency (Ready) | C10: {=_xlfn.LET(_xlpm.v,_xlfn._xlws.FILTER(all_runs!$O$2:$O$4321,(all_runs!$C$2:$C$4321=C$5)*(all_runs!$E$2:$E$4321=$B10)*(all_runs!$F$2:$F$4321="exp07")*(all_runs!$I$2:$I$4321=$A10)),TEXT(ROUND(AVERAGE(_xlpm.v),3),"0.000")&" ± "&TEXT(ROUND(_xlfn.STDEV.S(_xlpm.v),3),"0.000"))} -> 0.734 ± 0.028 | D10: {=_xlfn.LET(_xlpm.v,_xlfn._xlws.FILTER(all_runs!$O$2:$O$4321,(all_runs!$C$2:$C$4321=D$5)*(all_runs!$E$2:$E$4321=$B10)*(all_runs!$F$2:$F$4321="exp07")*(all_runs!$I$2:$I$4321=$A10)),TEXT(ROUND(AVERAGE(_xlpm.v),3),"0.000")&" ± "&TEXT(ROUND(_xlfn.STDEV.S(_xlpm.v),3),"0.000"))} -> 0.652 ± 0.116 | E10: {=_xlfn.LET(_xlpm.v,_xlfn._xlws.FILTER(all_runs!$O$2:$O$4321,(all_runs!$C$2:$C$4321=E$5)*(all_runs!$E$2:$E$4321=$B10)*(all_runs!$F$2:$F$4321="exp07")*(all_runs!$I$2:$I$4321=$A10)),TEXT(ROUND(AVERAGE(_xlpm.v),3),"0.000")&" ± "&TEXT(ROUND(_xlfn.STDEV.S(_xlpm.v),3),"0.000"))} -> 0.760 ± 0.019 | F10: {=_xlfn.LET(_xlpm.v,_xlfn._xlws.FILTER(all_runs!$O$2:$O$4321,(all_runs!$C$2:$C$4321=F$5)*(all_runs!$E$2:$E$4321=$B10)*(all_runs!$F$2:$F$4321="exp07")*(all_runs!$I$2:$I$4321=$A10)),TEXT(ROUND(AVERAGE(_xlpm.v),3),"0.000")&" ± "&TEXT(ROUND(_xlfn.STDEV.S(_xlpm.v),3),"0.000"))} -> 0.723 ± 0.025 | H10: Label-aware greedy | I10: Cascaded Pipeline (CRF + Consistency) | J10: {=_xlfn.LET(_xlpm.v,_xlfn._xlws.FILTER(all_runs!$O$2:$O$4321,(all_runs!$C$2:$C$4321=J$5)*(all_runs!$E$2:$E$4321=$I10)*(all_runs!$F$2:$F$4321="exp07")*(all_runs!$I$2:$I$4321=$H10)),TEXT(ROUND(AVERAGE(_xlpm.v),3),"0.000")&" ± "&TEXT(ROUND(_xlfn.STDEV.S(_xlpm.v),3),"0.000"))} -> 0.790 ± 0.022 | K10: {=_xlfn.LET(_xlpm.v,_xlfn._xlws.FILTER(all_runs!$O$2:$O$4321,(all_runs!$C$2:$C$4321=K$5)*(all_runs!$E$2:$E$4321=$I10)*(all_runs!$F$2:$F$4321="exp07")*(all_runs!$I$2:$I$4321=$H10)),TEXT(ROUND(AVERAGE(_xlpm.v),3),"0.000")&" ± "&TEXT(ROUND(_xlfn.STDEV.S(_xlpm.v),3),"0.000"))} -> 0.760 ± 0.069 | L10: {=_xlfn.LET(_xlpm.v,_xlfn._xlws.FILTER(all_runs!$O$2:$O$4321,(all_runs!$C$2:$C$4321=L$5)*(all_runs!$E$2:$E$4321=$I10)*(all_runs!$F$2:$F$4321="exp07")*(all_runs!$I$2:$I$4321=$H10)),TEXT(ROUND(AVERAGE(_xlpm.v),3),"0.000")&" ± "&TEXT(ROUND(_xlfn.STDEV.S(_xlpm.v),3),"0.000"))} -> 0.805 ± 0.015 | M10: {=_xlfn.LET(_xlpm.v,_xlfn._xlws.FILTER(all_runs!$O$2:$O$4321,(all_runs!$C$2:$C$4321=M$5)*(all_runs!$E$2:$E$4321=$I10)*(all_runs!$F$2:$F$4321="exp07")*(all_runs!$I$2:$I$4321=$H10)),TEXT(ROUND(AVERAGE(_xlpm.v),3),"0.000")&" ± "&TEXT(ROUND(_xlfn.STDEV.S(_xlpm.v),3),"0.000"))} -> 0.782 ± 0.012
A11: Label-aware greedy | B11: SVM Router Fusion (Ready) | C11: {=_xlfn.LET(_xlpm.v,_xlfn._xlws.FILTER(all_runs!$O$2:$O$4321,(all_runs!$C$2:$C$4321=C$5)*(all_runs!$E$2:$E$4321=$B11)*(all_runs!$F$2:$F$4321="exp07")*(all_runs!$I$2:$I$4321=$A11)),TEXT(ROUND(AVERAGE(_xlpm.v),3),"0.000")&" ± "&TEXT(ROUND(_xlfn.STDEV.S(_xlpm.v),3),"0.000"))} -> 0.811 ± 0.013 | D11: {=_xlfn.LET(_xlpm.v,_xlfn._xlws.FILTER(all_runs!$O$2:$O$4321,(all_runs!$C$2:$C$4321=D$5)*(all_runs!$E$2:$E$4321=$B11)*(all_runs!$F$2:$F$4321="exp07")*(all_runs!$I$2:$I$4321=$A11)),TEXT(ROUND(AVERAGE(_xlpm.v),3),"0.000")&" ± "&TEXT(ROUND(_xlfn.STDEV.S(_xlpm.v),3),"0.000"))} -> 0.790 ± 0.028 | E11: {=_xlfn.LET(_xlpm.v,_xlfn._xlws.FILTER(all_runs!$O$2:$O$4321,(all_runs!$C$2:$C$4321=E$5)*(all_runs!$E$2:$E$4321=$B11)*(all_runs!$F$2:$F$4321="exp07")*(all_runs!$I$2:$I$4321=$A11)),TEXT(ROUND(AVERAGE(_xlpm.v),3),"0.000")&" ± "&TEXT(ROUND(_xlfn.STDEV.S(_xlpm.v),3),"0.000"))} -> 0.799 ± 0.012 | F11: {=_xlfn.LET(_xlpm.v,_xlfn._xlws.FILTER(all_runs!$O$2:$O$4321,(all_runs!$C$2:$C$4321=F$5)*(all_runs!$E$2:$E$4321=$B11)*(all_runs!$F$2:$F$4321="exp07")*(all_runs!$I$2:$I$4321=$A11)),TEXT(ROUND(AVERAGE(_xlpm.v),3),"0.000")&" ± "&TEXT(ROUND(_xlfn.STDEV.S(_xlpm.v),3),"0.000"))} -> 0.763 ± 0.011 | H11: Label-aware greedy | I11: SVM Router Fusion CRF (Ready) | J11: {=_xlfn.LET(_xlpm.v,_xlfn._xlws.FILTER(all_runs!$O$2:$O$4321,(all_runs!$C$2:$C$4321=J$5)*(all_runs!$E$2:$E$4321=$I11)*(all_runs!$F$2:$F$4321="exp07")*(all_runs!$I$2:$I$4321=$H11)),TEXT(ROUND(AVERAGE(_xlpm.v),3),"0.000")&" ± "&TEXT(ROUND(_xlfn.STDEV.S(_xlpm.v),3),"0.000"))} -> 0.827 ± 0.021 | K11: {=_xlfn.LET(_xlpm.v,_xlfn._xlws.FILTER(all_runs!$O$2:$O$4321,(all_runs!$C$2:$C$4321=K$5)*(all_runs!$E$2:$E$4321=$I11)*(all_runs!$F$2:$F$4321="exp07")*(all_runs!$I$2:$I$4321=$H11)),TEXT(ROUND(AVERAGE(_xlpm.v),3),"0.000")&" ± "&TEXT(ROUND(_xlfn.STDEV.S(_xlpm.v),3),"0.000"))} -> 0.781 ± 0.016 | L11: {=_xlfn.LET(_xlpm.v,_xlfn._xlws.FILTER(all_runs!$O$2:$O$4321,(all_runs!$C$2:$C$4321=L$5)*(all_runs!$E$2:$E$4321=$I11)*(all_runs!$F$2:$F$4321="exp07")*(all_runs!$I$2:$I$4321=$H11)),TEXT(ROUND(AVERAGE(_xlpm.v),3),"0.000")&" ± "&TEXT(ROUND(_xlfn.STDEV.S(_xlpm.v),3),"0.000"))} -> 0.841 ± 0.018 | M11: {=_xlfn.LET(_xlpm.v,_xlfn._xlws.FILTER(all_runs!$O$2:$O$4321,(all_runs!$C$2:$C$4321=M$5)*(all_runs!$E$2:$E$4321=$I11)*(all_runs!$F$2:$F$4321="exp07")*(all_runs!$I$2:$I$4321=$H11)),TEXT(ROUND(AVERAGE(_xlpm.v),3),"0.000")&" ± "&TEXT(ROUND(_xlfn.STDEV.S(_xlpm.v),3),"0.000"))} -> 0.797 ± 0.013
A12: Multilabel stratified (paper-style) | B12: Regular NER | C12: {=_xlfn.LET(_xlpm.v,_xlfn._xlws.FILTER(all_runs!$O$2:$O$4321,(all_runs!$C$2:$C$4321=C$5)*(all_runs!$E$2:$E$4321=$B12)*(all_runs!$F$2:$F$4321="exp07")*(all_runs!$I$2:$I$4321=$A12)),TEXT(ROUND(AVERAGE(_xlpm.v),3),"0.000")&" ± "&TEXT(ROUND(_xlfn.STDEV.S(_xlpm.v),3),"0.000"))} -> 0.738 ± 0.000 | D12: {=_xlfn.LET(_xlpm.v,_xlfn._xlws.FILTER(all_runs!$O$2:$O$4321,(all_runs!$C$2:$C$4321=D$5)*(all_runs!$E$2:$E$4321=$B12)*(all_runs!$F$2:$F$4321="exp07")*(all_runs!$I$2:$I$4321=$A12)),TEXT(ROUND(AVERAGE(_xlpm.v),3),"0.000")&" ± "&TEXT(ROUND(_xlfn.STDEV.S(_xlpm.v),3),"0.000"))} -> 0.731 ± 0.006 | E12: {=_xlfn.LET(_xlpm.v,_xlfn._xlws.FILTER(all_runs!$O$2:$O$4321,(all_runs!$C$2:$C$4321=E$5)*(all_runs!$E$2:$E$4321=$B12)*(all_runs!$F$2:$F$4321="exp07")*(all_runs!$I$2:$I$4321=$A12)),TEXT(ROUND(AVERAGE(_xlpm.v),3),"0.000")&" ± "&TEXT(ROUND(_xlfn.STDEV.S(_xlpm.v),3),"0.000"))} -> 0.769 ± 0.000 | F12: {=_xlfn.LET(_xlpm.v,_xlfn._xlws.FILTER(all_runs!$O$2:$O$4321,(all_runs!$C$2:$C$4321=F$5)*(all_runs!$E$2:$E$4321=$B12)*(all_runs!$F$2:$F$4321="exp07")*(all_runs!$I$2:$I$4321=$A12)),TEXT(ROUND(AVERAGE(_xlpm.v),3),"0.000")&" ± "&TEXT(ROUND(_xlfn.STDEV.S(_xlpm.v),3),"0.000"))} -> 0.627 ± 0.004 | H12: Multilabel stratified (paper-style) | I12: Regular NER (BERT-CRF) | J12: {=_xlfn.LET(_xlpm.v,_xlfn._xlws.FILTER(all_runs!$O$2:$O$4321,(all_runs!$C$2:$C$4321=J$5)*(all_runs!$E$2:$E$4321=$I12)*(all_runs!$F$2:$F$4321="exp07")*(all_runs!$I$2:$I$4321=$H12)),TEXT(ROUND(AVERAGE(_xlpm.v),3),"0.000")&" ± "&TEXT(ROUND(_xlfn.STDEV.S(_xlpm.v),3),"0.000"))} -> 0.775 ± 0.000 | K12: {=_xlfn.LET(_xlpm.v,_xlfn._xlws.FILTER(all_runs!$O$2:$O$4321,(all_runs!$C$2:$C$4321=K$5)*(all_runs!$E$2:$E$4321=$I12)*(all_runs!$F$2:$F$4321="exp07")*(all_runs!$I$2:$I$4321=$H12)),TEXT(ROUND(AVERAGE(_xlpm.v),3),"0.000")&" ± "&TEXT(ROUND(_xlfn.STDEV.S(_xlpm.v),3),"0.000"))} -> 0.696 ± 0.000 | L12: {=_xlfn.LET(_xlpm.v,_xlfn._xlws.FILTER(all_runs!$O$2:$O$4321,(all_runs!$C$2:$C$4321=L$5)*(all_runs!$E$2:$E$4321=$I12)*(all_runs!$F$2:$F$4321="exp07")*(all_runs!$I$2:$I$4321=$H12)),TEXT(ROUND(AVERAGE(_xlpm.v),3),"0.000")&" ± "&TEXT(ROUND(_xlfn.STDEV.S(_xlpm.v),3),"0.000"))} -> 0.814 ± 0.000 | M12: {=_xlfn.LET(_xlpm.v,_xlfn._xlws.FILTER(all_runs!$O$2:$O$4321,(all_runs!$C$2:$C$4321=M$5)*(all_runs!$E$2:$E$4321=$I12)*(all_runs!$F$2:$F$4321="exp07")*(all_runs!$I$2:$I$4321=$H12)),TEXT(ROUND(AVERAGE(_xlpm.v),3),"0.000")&" ± "&TEXT(ROUND(_xlfn.STDEV.S(_xlpm.v),3),"0.000"))} -> 0.655 ± 0.000
A13: Multilabel stratified (paper-style) | B13: AUC Cascaded Step-3 Consistency (Ready) | C13: {=_xlfn.LET(_xlpm.v,_xlfn._xlws.FILTER(all_runs!$O$2:$O$4321,(all_runs!$C$2:$C$4321=C$5)*(all_runs!$E$2:$E$4321=$B13)*(all_runs!$F$2:$F$4321="exp07")*(all_runs!$I$2:$I$4321=$A13)),TEXT(ROUND(AVERAGE(_xlpm.v),3),"0.000")&" ± "&TEXT(ROUND(_xlfn.STDEV.S(_xlpm.v),3),"0.000"))} -> 0.764 ± 0.024 | D13: {=_xlfn.LET(_xlpm.v,_xlfn._xlws.FILTER(all_runs!$O$2:$O$4321,(all_runs!$C$2:$C$4321=D$5)*(all_runs!$E$2:$E$4321=$B13)*(all_runs!$F$2:$F$4321="exp07")*(all_runs!$I$2:$I$4321=$A13)),TEXT(ROUND(AVERAGE(_xlpm.v),3),"0.000")&" ± "&TEXT(ROUND(_xlfn.STDEV.S(_xlpm.v),3),"0.000"))} -> 0.639 ± 0.147 | E13: {=_xlfn.LET(_xlpm.v,_xlfn._xlws.FILTER(all_runs!$O$2:$O$4321,(all_runs!$C$2:$C$4321=E$5)*(all_runs!$E$2:$E$4321=$B13)*(all_runs!$F$2:$F$4321="exp07")*(all_runs!$I$2:$I$4321=$A13)),TEXT(ROUND(AVERAGE(_xlpm.v),3),"0.000")&" ± "&TEXT(ROUND(_xlfn.STDEV.S(_xlpm.v),3),"0.000"))} -> 0.750 ± 0.022 | F13: {=_xlfn.LET(_xlpm.v,_xlfn._xlws.FILTER(all_runs!$O$2:$O$4321,(all_runs!$C$2:$C$4321=F$5)*(all_runs!$E$2:$E$4321=$B13)*(all_runs!$F$2:$F$4321="exp07")*(all_runs!$I$2:$I$4321=$A13)),TEXT(ROUND(AVERAGE(_xlpm.v),3),"0.000")&" ± "&TEXT(ROUND(_xlfn.STDEV.S(_xlpm.v),3),"0.000"))} -> 0.728 ± 0.031 | H13: Multilabel stratified (paper-style) | I13: Cascaded Pipeline (CRF + Consistency) | J13: {=_xlfn.LET(_xlpm.v,_xlfn._xlws.FILTER(all_runs!$O$2:$O$4321,(all_runs!$C$2:$C$4321=J$5)*(all_runs!$E$2:$E$4321=$I13)*(all_runs!$F$2:$F$4321="exp07")*(all_runs!$I$2:$I$4321=$H13)),TEXT(ROUND(AVERAGE(_xlpm.v),3),"0.000")&" ± "&TEXT(ROUND(_xlfn.STDEV.S(_xlpm.v),3),"0.000"))} -> 0.799 ± 0.017 | K13: {=_xlfn.LET(_xlpm.v,_xlfn._xlws.FILTER(all_runs!$O$2:$O$4321,(all_runs!$C$2:$C$4321=K$5)*(all_runs!$E$2:$E$4321=$I13)*(all_runs!$F$2:$F$4321="exp07")*(all_runs!$I$2:$I$4321=$H13)),TEXT(ROUND(AVERAGE(_xlpm.v),3),"0.000")&" ± "&TEXT(ROUND(_xlfn.STDEV.S(_xlpm.v),3),"0.000"))} -> 0.759 ± 0.080 | L13: {=_xlfn.LET(_xlpm.v,_xlfn._xlws.FILTER(all_runs!$O$2:$O$4321,(all_runs!$C$2:$C$4321=L$5)*(all_runs!$E$2:$E$4321=$I13)*(all_runs!$F$2:$F$4321="exp07")*(all_runs!$I$2:$I$4321=$H13)),TEXT(ROUND(AVERAGE(_xlpm.v),3),"0.000")&" ± "&TEXT(ROUND(_xlfn.STDEV.S(_xlpm.v),3),"0.000"))} -> 0.831 ± 0.010 | M13: {=_xlfn.LET(_xlpm.v,_xlfn._xlws.FILTER(all_runs!$O$2:$O$4321,(all_runs!$C$2:$C$4321=M$5)*(all_runs!$E$2:$E$4321=$I13)*(all_runs!$F$2:$F$4321="exp07")*(all_runs!$I$2:$I$4321=$H13)),TEXT(ROUND(AVERAGE(_xlpm.v),3),"0.000")&" ± "&TEXT(ROUND(_xlfn.STDEV.S(_xlpm.v),3),"0.000"))} -> 0.753 ± 0.024
A14: Multilabel stratified (paper-style) | B14: SVM Router Fusion (Ready) | C14: {=_xlfn.LET(_xlpm.v,_xlfn._xlws.FILTER(all_runs!$O$2:$O$4321,(all_runs!$C$2:$C$4321=C$5)*(all_runs!$E$2:$E$4321=$B14)*(all_runs!$F$2:$F$4321="exp07")*(all_runs!$I$2:$I$4321=$A14)),TEXT(ROUND(AVERAGE(_xlpm.v),3),"0.000")&" ± "&TEXT(ROUND(_xlfn.STDEV.S(_xlpm.v),3),"0.000"))} -> 0.807 ± 0.010 | D14: {=_xlfn.LET(_xlpm.v,_xlfn._xlws.FILTER(all_runs!$O$2:$O$4321,(all_runs!$C$2:$C$4321=D$5)*(all_runs!$E$2:$E$4321=$B14)*(all_runs!$F$2:$F$4321="exp07")*(all_runs!$I$2:$I$4321=$A14)),TEXT(ROUND(AVERAGE(_xlpm.v),3),"0.000")&" ± "&TEXT(ROUND(_xlfn.STDEV.S(_xlpm.v),3),"0.000"))} -> 0.795 ± 0.030 | E14: {=_xlfn.LET(_xlpm.v,_xlfn._xlws.FILTER(all_runs!$O$2:$O$4321,(all_runs!$C$2:$C$4321=E$5)*(all_runs!$E$2:$E$4321=$B14)*(all_runs!$F$2:$F$4321="exp07")*(all_runs!$I$2:$I$4321=$A14)),TEXT(ROUND(AVERAGE(_xlpm.v),3),"0.000")&" ± "&TEXT(ROUND(_xlfn.STDEV.S(_xlpm.v),3),"0.000"))} -> 0.805 ± 0.011 | F14: {=_xlfn.LET(_xlpm.v,_xlfn._xlws.FILTER(all_runs!$O$2:$O$4321,(all_runs!$C$2:$C$4321=F$5)*(all_runs!$E$2:$E$4321=$B14)*(all_runs!$F$2:$F$4321="exp07")*(all_runs!$I$2:$I$4321=$A14)),TEXT(ROUND(AVERAGE(_xlpm.v),3),"0.000")&" ± "&TEXT(ROUND(_xlfn.STDEV.S(_xlpm.v),3),"0.000"))} -> 0.766 ± 0.015 | H14: Multilabel stratified (paper-style) | I14: SVM Router Fusion CRF (Ready) | J14: {=_xlfn.LET(_xlpm.v,_xlfn._xlws.FILTER(all_runs!$O$2:$O$4321,(all_runs!$C$2:$C$4321=J$5)*(all_runs!$E$2:$E$4321=$I14)*(all_runs!$F$2:$F$4321="exp07")*(all_runs!$I$2:$I$4321=$H14)),TEXT(ROUND(AVERAGE(_xlpm.v),3),"0.000")&" ± "&TEXT(ROUND(_xlfn.STDEV.S(_xlpm.v),3),"0.000"))} -> 0.822 ± 0.013 | K14: {=_xlfn.LET(_xlpm.v,_xlfn._xlws.FILTER(all_runs!$O$2:$O$4321,(all_runs!$C$2:$C$4321=K$5)*(all_runs!$E$2:$E$4321=$I14)*(all_runs!$F$2:$F$4321="exp07")*(all_runs!$I$2:$I$4321=$H14)),TEXT(ROUND(AVERAGE(_xlpm.v),3),"0.000")&" ± "&TEXT(ROUND(_xlfn.STDEV.S(_xlpm.v),3),"0.000"))} -> 0.761 ± 0.023 | L14: {=_xlfn.LET(_xlpm.v,_xlfn._xlws.FILTER(all_runs!$O$2:$O$4321,(all_runs!$C$2:$C$4321=L$5)*(all_runs!$E$2:$E$4321=$I14)*(all_runs!$F$2:$F$4321="exp07")*(all_runs!$I$2:$I$4321=$H14)),TEXT(ROUND(AVERAGE(_xlpm.v),3),"0.000")&" ± "&TEXT(ROUND(_xlfn.STDEV.S(_xlpm.v),3),"0.000"))} -> 0.854 ± 0.007 | M14: {=_xlfn.LET(_xlpm.v,_xlfn._xlws.FILTER(all_runs!$O$2:$O$4321,(all_runs!$C$2:$C$4321=M$5)*(all_runs!$E$2:$E$4321=$I14)*(all_runs!$F$2:$F$4321="exp07")*(all_runs!$I$2:$I$4321=$H14)),TEXT(ROUND(AVERAGE(_xlpm.v),3),"0.000")&" ± "&TEXT(ROUND(_xlfn.STDEV.S(_xlpm.v),3),"0.000"))} -> 0.746 ± 0.018
A18: AUGMENTED — NON-CRF EXPERIMENTS | H18: AUGMENTED — EXPERIMENT 10 CRF
A19: Split Method | B19: Experiment | C19: DictaBERT | D19: BEREL 3.0 | E19: HeRo | F19: AlephBERT-Gimmel | H19: Split Method | I19: Experiment | J19: DictaBERT | K19: BEREL 3.0 | L19: HeRo | M19: AlephBERT-Gimmel
A20: Baseline (simple random split) | B20: Regular NER | C20: {=_xlfn.LET(_xlpm.v,_xlfn._xlws.FILTER(all_runs!$O$2:$O$4321,(all_runs!$C$2:$C$4321=C$19)*(all_runs!$E$2:$E$4321=$B20)*(all_runs!$F$2:$F$4321="exp07+aug")*(all_runs!$I$2:$I$4321=$A20&" + Aug")),TEXT(ROUND(AVERAGE(_xlpm.v),3),"0.000")&" ± "&TEXT(ROUND(_xlfn.STDEV.S(_xlpm.v),3),"0.000"))} -> 0.781 ± 0.011 | D20: {=_xlfn.LET(_xlpm.v,_xlfn._xlws.FILTER(all_runs!$O$2:$O$4321,(all_runs!$C$2:$C$4321=D$19)*(all_runs!$E$2:$E$4321=$B20)*(all_runs!$F$2:$F$4321="exp07+aug")*(all_runs!$I$2:$I$4321=$A20&" + Aug")),TEXT(ROUND(AVERAGE(_xlpm.v),3),"0.000")&" ± "&TEXT(ROUND(_xlfn.STDEV.S(_xlpm.v),3),"0.000"))} -> 0.836 ± 0.007 | E20: {=_xlfn.LET(_xlpm.v,_xlfn._xlws.FILTER(all_runs!$O$2:$O$4321,(all_runs!$C$2:$C$4321=E$19)*(all_runs!$E$2:$E$4321=$B20)*(all_runs!$F$2:$F$4321="exp07+aug")*(all_runs!$I$2:$I$4321=$A20&" + Aug")),TEXT(ROUND(AVERAGE(_xlpm.v),3),"0.000")&" ± "&TEXT(ROUND(_xlfn.STDEV.S(_xlpm.v),3),"0.000"))} -> 0.792 ± 0.011 | F20: {=_xlfn.LET(_xlpm.v,_xlfn._xlws.FILTER(all_runs!$O$2:$O$4321,(all_runs!$C$2:$C$4321=F$19)*(all_runs!$E$2:$E$4321=$B20)*(all_runs!$F$2:$F$4321="exp07+aug")*(all_runs!$I$2:$I$4321=$A20&" + Aug")),TEXT(ROUND(AVERAGE(_xlpm.v),3),"0.000")&" ± "&TEXT(ROUND(_xlfn.STDEV.S(_xlpm.v),3),"0.000"))} -> 0.781 ± 0.008 | H20: Baseline (simple random split) | I20: Regular NER (BERT-CRF) | J20: {=_xlfn.LET(_xlpm.v,_xlfn._xlws.FILTER(all_runs!$O$2:$O$4321,(all_runs!$C$2:$C$4321=J$19)*(all_runs!$E$2:$E$4321=$I20)*(all_runs!$F$2:$F$4321="exp07+aug")*(all_runs!$I$2:$I$4321=$H20&" + Aug")),TEXT(ROUND(AVERAGE(_xlpm.v),3),"0.000")&" ± "&TEXT(ROUND(_xlfn.STDEV.S(_xlpm.v),3),"0.000"))} -> 0.820 ± 0.012 | K20: {=_xlfn.LET(_xlpm.v,_xlfn._xlws.FILTER(all_runs!$O$2:$O$4321,(all_runs!$C$2:$C$4321=K$19)*(all_runs!$E$2:$E$4321=$I20)*(all_runs!$F$2:$F$4321="exp07+aug")*(all_runs!$I$2:$I$4321=$H20&" + Aug")),TEXT(ROUND(AVERAGE(_xlpm.v),3),"0.000")&" ± "&TEXT(ROUND(_xlfn.STDEV.S(_xlpm.v),3),"0.000"))} -> 0.856 ± 0.010 | L20: {=_xlfn.LET(_xlpm.v,_xlfn._xlws.FILTER(all_runs!$O$2:$O$4321,(all_runs!$C$2:$C$4321=L$19)*(all_runs!$E$2:$E$4321=$I20)*(all_runs!$F$2:$F$4321="exp07+aug")*(all_runs!$I$2:$I$4321=$H20&" + Aug")),TEXT(ROUND(AVERAGE(_xlpm.v),3),"0.000")&" ± "&TEXT(ROUND(_xlfn.STDEV.S(_xlpm.v),3),"0.000"))} -> 0.833 ± 0.014 | M20: {=_xlfn.LET(_xlpm.v,_xlfn._xlws.FILTER(all_runs!$O$2:$O$4321,(all_runs!$C$2:$C$4321=M$19)*(all_runs!$E$2:$E$4321=$I20)*(all_runs!$F$2:$F$4321="exp07+aug")*(all_runs!$I$2:$I$4321=$H20&" + Aug")),TEXT(ROUND(AVERAGE(_xlpm.v),3),"0.000")&" ± "&TEXT(ROUND(_xlfn.STDEV.S(_xlpm.v),3),"0.000"))} -> 0.796 ± 0.007
A21: Baseline (simple random split) | B21: AUC Cascaded Step-3 Consistency (Ready) | C21: {=_xlfn.LET(_xlpm.v,_xlfn._xlws.FILTER(all_runs!$O$2:$O$4321,(all_runs!$C$2:$C$4321=C$19)*(all_runs!$E$2:$E$4321=$B21)*(all_runs!$F$2:$F$4321="exp07+aug")*(all_runs!$I$2:$I$4321=$A21&" + Aug")),TEXT(ROUND(AVERAGE(_xlpm.v),3),"0.000")&" ± "&TEXT(ROUND(_xlfn.STDEV.S(_xlpm.v),3),"0.000"))} -> 0.790 ± 0.011 | D21: {=_xlfn.LET(_xlpm.v,_xlfn._xlws.FILTER(all_runs!$O$2:$O$4321,(all_runs!$C$2:$C$4321=D$19)*(all_runs!$E$2:$E$4321=$B21)*(all_runs!$F$2:$F$4321="exp07+aug")*(all_runs!$I$2:$I$4321=$A21&" + Aug")),TEXT(ROUND(AVERAGE(_xlpm.v),3),"0.000")&" ± "&TEXT(ROUND(_xlfn.STDEV.S(_xlpm.v),3),"0.000"))} -> 0.838 ± 0.010 | E21: {=_xlfn.LET(_xlpm.v,_xlfn._xlws.FILTER(all_runs!$O$2:$O$4321,(all_runs!$C$2:$C$4321=E$19)*(all_runs!$E$2:$E$4321=$B21)*(all_runs!$F$2:$F$4321="exp07+aug")*(all_runs!$I$2:$I$4321=$A21&" + Aug")),TEXT(ROUND(AVERAGE(_xlpm.v),3),"0.000")&" ± "&TEXT(ROUND(_xlfn.STDEV.S(_xlpm.v),3),"0.000"))} -> 0.796 ± 0.009 | F21: {=_xlfn.LET(_xlpm.v,_xlfn._xlws.FILTER(all_runs!$O$2:$O$4321,(all_runs!$C$2:$C$4321=F$19)*(all_runs!$E$2:$E$4321=$B21)*(all_runs!$F$2:$F$4321="exp07+aug")*(all_runs!$I$2:$I$4321=$A21&" + Aug")),TEXT(ROUND(AVERAGE(_xlpm.v),3),"0.000")&" ± "&TEXT(ROUND(_xlfn.STDEV.S(_xlpm.v),3),"0.000"))} -> 0.784 ± 0.011 | H21: Baseline (simple random split) | I21: Cascaded Pipeline (CRF + Consistency) | J21: {=_xlfn.LET(_xlpm.v,_xlfn._xlws.FILTER(all_runs!$O$2:$O$4321,(all_runs!$C$2:$C$4321=J$19)*(all_runs!$E$2:$E$4321=$I21)*(all_runs!$F$2:$F$4321="exp07+aug")*(all_runs!$I$2:$I$4321=$H21&" + Aug")),TEXT(ROUND(AVERAGE(_xlpm.v),3),"0.000")&" ± "&TEXT(ROUND(_xlfn.STDEV.S(_xlpm.v),3),"0.000"))} -> 0.832 ± 0.008 | K21: {=_xlfn.LET(_xlpm.v,_xlfn._xlws.FILTER(all_runs!$O$2:$O$4321,(all_runs!$C$2:$C$4321=K$19)*(all_runs!$E$2:$E$4321=$I21)*(all_runs!$F$2:$F$4321="exp07+aug")*(all_runs!$I$2:$I$4321=$H21&" + Aug")),TEXT(ROUND(AVERAGE(_xlpm.v),3),"0.000")&" ± "&TEXT(ROUND(_xlfn.STDEV.S(_xlpm.v),3),"0.000"))} -> 0.875 ± 0.006 | L21: {=_xlfn.LET(_xlpm.v,_xlfn._xlws.FILTER(all_runs!$O$2:$O$4321,(all_runs!$C$2:$C$4321=L$19)*(all_runs!$E$2:$E$4321=$I21)*(all_runs!$F$2:$F$4321="exp07+aug")*(all_runs!$I$2:$I$4321=$H21&" + Aug")),TEXT(ROUND(AVERAGE(_xlpm.v),3),"0.000")&" ± "&TEXT(ROUND(_xlfn.STDEV.S(_xlpm.v),3),"0.000"))} -> 0.844 ± 0.015 | M21: {=_xlfn.LET(_xlpm.v,_xlfn._xlws.FILTER(all_runs!$O$2:$O$4321,(all_runs!$C$2:$C$4321=M$19)*(all_runs!$E$2:$E$4321=$I21)*(all_runs!$F$2:$F$4321="exp07+aug")*(all_runs!$I$2:$I$4321=$H21&" + Aug")),TEXT(ROUND(AVERAGE(_xlpm.v),3),"0.000")&" ± "&TEXT(ROUND(_xlfn.STDEV.S(_xlpm.v),3),"0.000"))} -> 0.825 ± 0.010
A22: Baseline (simple random split) | B22: SVM Router Fusion (Ready) | C22: {=_xlfn.LET(_xlpm.v,_xlfn._xlws.FILTER(all_runs!$O$2:$O$4321,(all_runs!$C$2:$C$4321=C$19)*(all_runs!$E$2:$E$4321=$B22)*(all_runs!$F$2:$F$4321="exp07+aug")*(all_runs!$I$2:$I$4321=$A22&" + Aug")),TEXT(ROUND(AVERAGE(_xlpm.v),3),"0.000")&" ± "&TEXT(ROUND(_xlfn.STDEV.S(_xlpm.v),3),"0.000"))} -> 0.813 ± 0.012 | D22: {=_xlfn.LET(_xlpm.v,_xlfn._xlws.FILTER(all_runs!$O$2:$O$4321,(all_runs!$C$2:$C$4321=D$19)*(all_runs!$E$2:$E$4321=$B22)*(all_runs!$F$2:$F$4321="exp07+aug")*(all_runs!$I$2:$I$4321=$A22&" + Aug")),TEXT(ROUND(AVERAGE(_xlpm.v),3),"0.000")&" ± "&TEXT(ROUND(_xlfn.STDEV.S(_xlpm.v),3),"0.000"))} -> 0.857 ± 0.008 | E22: {=_xlfn.LET(_xlpm.v,_xlfn._xlws.FILTER(all_runs!$O$2:$O$4321,(all_runs!$C$2:$C$4321=E$19)*(all_runs!$E$2:$E$4321=$B22)*(all_runs!$F$2:$F$4321="exp07+aug")*(all_runs!$I$2:$I$4321=$A22&" + Aug")),TEXT(ROUND(AVERAGE(_xlpm.v),3),"0.000")&" ± "&TEXT(ROUND(_xlfn.STDEV.S(_xlpm.v),3),"0.000"))} -> 0.825 ± 0.015 | F22: {=_xlfn.LET(_xlpm.v,_xlfn._xlws.FILTER(all_runs!$O$2:$O$4321,(all_runs!$C$2:$C$4321=F$19)*(all_runs!$E$2:$E$4321=$B22)*(all_runs!$F$2:$F$4321="exp07+aug")*(all_runs!$I$2:$I$4321=$A22&" + Aug")),TEXT(ROUND(AVERAGE(_xlpm.v),3),"0.000")&" ± "&TEXT(ROUND(_xlfn.STDEV.S(_xlpm.v),3),"0.000"))} -> 0.809 ± 0.010 | H22: Baseline (simple random split) | I22: SVM Router Fusion CRF (Ready) | J22: {=_xlfn.LET(_xlpm.v,_xlfn._xlws.FILTER(all_runs!$O$2:$O$4321,(all_runs!$C$2:$C$4321=J$19)*(all_runs!$E$2:$E$4321=$I22)*(all_runs!$F$2:$F$4321="exp07+aug")*(all_runs!$I$2:$I$4321=$H22&" + Aug")),TEXT(ROUND(AVERAGE(_xlpm.v),3),"0.000")&" ± "&TEXT(ROUND(_xlfn.STDEV.S(_xlpm.v),3),"0.000"))} -> 0.852 ± 0.011 | K22: {=_xlfn.LET(_xlpm.v,_xlfn._xlws.FILTER(all_runs!$O$2:$O$4321,(all_runs!$C$2:$C$4321=K$19)*(all_runs!$E$2:$E$4321=$I22)*(all_runs!$F$2:$F$4321="exp07+aug")*(all_runs!$I$2:$I$4321=$H22&" + Aug")),TEXT(ROUND(AVERAGE(_xlpm.v),3),"0.000")&" ± "&TEXT(ROUND(_xlfn.STDEV.S(_xlpm.v),3),"0.000"))} -> 0.887 ± 0.009 | L22: {=_xlfn.LET(_xlpm.v,_xlfn._xlws.FILTER(all_runs!$O$2:$O$4321,(all_runs!$C$2:$C$4321=L$19)*(all_runs!$E$2:$E$4321=$I22)*(all_runs!$F$2:$F$4321="exp07+aug")*(all_runs!$I$2:$I$4321=$H22&" + Aug")),TEXT(ROUND(AVERAGE(_xlpm.v),3),"0.000")&" ± "&TEXT(ROUND(_xlfn.STDEV.S(_xlpm.v),3),"0.000"))} -> 0.867 ± 0.015 | M22: {=_xlfn.LET(_xlpm.v,_xlfn._xlws.FILTER(all_runs!$O$2:$O$4321,(all_runs!$C$2:$C$4321=M$19)*(all_runs!$E$2:$E$4321=$I22)*(all_runs!$F$2:$F$4321="exp07+aug")*(all_runs!$I$2:$I$4321=$H22&" + Aug")),TEXT(ROUND(AVERAGE(_xlpm.v),3),"0.000")&" ± "&TEXT(ROUND(_xlfn.STDEV.S(_xlpm.v),3),"0.000"))} -> 0.836 ± 0.008
A23: Label-aware greedy | B23: Regular NER | C23: {=_xlfn.LET(_xlpm.v,_xlfn._xlws.FILTER(all_runs!$O$2:$O$4321,(all_runs!$C$2:$C$4321=C$19)*(all_runs!$E$2:$E$4321=$B23)*(all_runs!$F$2:$F$4321="exp07+aug")*(all_runs!$I$2:$I$4321=$A23&" + Aug")),TEXT(ROUND(AVERAGE(_xlpm.v),3),"0.000")&" ± "&TEXT(ROUND(_xlfn.STDEV.S(_xlpm.v),3),"0.000"))} -> 0.802 ± 0.011 | D23: {=_xlfn.LET(_xlpm.v,_xlfn._xlws.FILTER(all_runs!$O$2:$O$4321,(all_runs!$C$2:$C$4321=D$19)*(all_runs!$E$2:$E$4321=$B23)*(all_runs!$F$2:$F$4321="exp07+aug")*(all_runs!$I$2:$I$4321=$A23&" + Aug")),TEXT(ROUND(AVERAGE(_xlpm.v),3),"0.000")&" ± "&TEXT(ROUND(_xlfn.STDEV.S(_xlpm.v),3),"0.000"))} -> 0.824 ± 0.013 | E23: {=_xlfn.LET(_xlpm.v,_xlfn._xlws.FILTER(all_runs!$O$2:$O$4321,(all_runs!$C$2:$C$4321=E$19)*(all_runs!$E$2:$E$4321=$B23)*(all_runs!$F$2:$F$4321="exp07+aug")*(all_runs!$I$2:$I$4321=$A23&" + Aug")),TEXT(ROUND(AVERAGE(_xlpm.v),3),"0.000")&" ± "&TEXT(ROUND(_xlfn.STDEV.S(_xlpm.v),3),"0.000"))} -> 0.797 ± 0.015 | F23: {=_xlfn.LET(_xlpm.v,_xlfn._xlws.FILTER(all_runs!$O$2:$O$4321,(all_runs!$C$2:$C$4321=F$19)*(all_runs!$E$2:$E$4321=$B23)*(all_runs!$F$2:$F$4321="exp07+aug")*(all_runs!$I$2:$I$4321=$A23&" + Aug")),TEXT(ROUND(AVERAGE(_xlpm.v),3),"0.000")&" ± "&TEXT(ROUND(_xlfn.STDEV.S(_xlpm.v),3),"0.000"))} -> 0.813 ± 0.010 | H23: Label-aware greedy | I23: Regular NER (BERT-CRF) | J23: {=_xlfn.LET(_xlpm.v,_xlfn._xlws.FILTER(all_runs!$O$2:$O$4321,(all_runs!$C$2:$C$4321=J$19)*(all_runs!$E$2:$E$4321=$I23)*(all_runs!$F$2:$F$4321="exp07+aug")*(all_runs!$I$2:$I$4321=$H23&" + Aug")),TEXT(ROUND(AVERAGE(_xlpm.v),3),"0.000")&" ± "&TEXT(ROUND(_xlfn.STDEV.S(_xlpm.v),3),"0.000"))} -> 0.833 ± 0.012 | K23: {=_xlfn.LET(_xlpm.v,_xlfn._xlws.FILTER(all_runs!$O$2:$O$4321,(all_runs!$C$2:$C$4321=K$19)*(all_runs!$E$2:$E$4321=$I23)*(all_runs!$F$2:$F$4321="exp07+aug")*(all_runs!$I$2:$I$4321=$H23&" + Aug")),TEXT(ROUND(AVERAGE(_xlpm.v),3),"0.000")&" ± "&TEXT(ROUND(_xlfn.STDEV.S(_xlpm.v),3),"0.000"))} -> 0.840 ± 0.016 | L23: {=_xlfn.LET(_xlpm.v,_xlfn._xlws.FILTER(all_runs!$O$2:$O$4321,(all_runs!$C$2:$C$4321=L$19)*(all_runs!$E$2:$E$4321=$I23)*(all_runs!$F$2:$F$4321="exp07+aug")*(all_runs!$I$2:$I$4321=$H23&" + Aug")),TEXT(ROUND(AVERAGE(_xlpm.v),3),"0.000")&" ± "&TEXT(ROUND(_xlfn.STDEV.S(_xlpm.v),3),"0.000"))} -> 0.839 ± 0.013 | M23: {=_xlfn.LET(_xlpm.v,_xlfn._xlws.FILTER(all_runs!$O$2:$O$4321,(all_runs!$C$2:$C$4321=M$19)*(all_runs!$E$2:$E$4321=$I23)*(all_runs!$F$2:$F$4321="exp07+aug")*(all_runs!$I$2:$I$4321=$H23&" + Aug")),TEXT(ROUND(AVERAGE(_xlpm.v),3),"0.000")&" ± "&TEXT(ROUND(_xlfn.STDEV.S(_xlpm.v),3),"0.000"))} -> 0.836 ± 0.012
A24: Label-aware greedy | B24: AUC Cascaded Step-3 Consistency (Ready) | C24: {=_xlfn.LET(_xlpm.v,_xlfn._xlws.FILTER(all_runs!$O$2:$O$4321,(all_runs!$C$2:$C$4321=C$19)*(all_runs!$E$2:$E$4321=$B24)*(all_runs!$F$2:$F$4321="exp07+aug")*(all_runs!$I$2:$I$4321=$A24&" + Aug")),TEXT(ROUND(AVERAGE(_xlpm.v),3),"0.000")&" ± "&TEXT(ROUND(_xlfn.STDEV.S(_xlpm.v),3),"0.000"))} -> 0.805 ± 0.017 | D24: {=_xlfn.LET(_xlpm.v,_xlfn._xlws.FILTER(all_runs!$O$2:$O$4321,(all_runs!$C$2:$C$4321=D$19)*(all_runs!$E$2:$E$4321=$B24)*(all_runs!$F$2:$F$4321="exp07+aug")*(all_runs!$I$2:$I$4321=$A24&" + Aug")),TEXT(ROUND(AVERAGE(_xlpm.v),3),"0.000")&" ± "&TEXT(ROUND(_xlfn.STDEV.S(_xlpm.v),3),"0.000"))} -> 0.822 ± 0.007 | E24: {=_xlfn.LET(_xlpm.v,_xlfn._xlws.FILTER(all_runs!$O$2:$O$4321,(all_runs!$C$2:$C$4321=E$19)*(all_runs!$E$2:$E$4321=$B24)*(all_runs!$F$2:$F$4321="exp07+aug")*(all_runs!$I$2:$I$4321=$A24&" + Aug")),TEXT(ROUND(AVERAGE(_xlpm.v),3),"0.000")&" ± "&TEXT(ROUND(_xlfn.STDEV.S(_xlpm.v),3),"0.000"))} -> 0.785 ± 0.016 | F24: {=_xlfn.LET(_xlpm.v,_xlfn._xlws.FILTER(all_runs!$O$2:$O$4321,(all_runs!$C$2:$C$4321=F$19)*(all_runs!$E$2:$E$4321=$B24)*(all_runs!$F$2:$F$4321="exp07+aug")*(all_runs!$I$2:$I$4321=$A24&" + Aug")),TEXT(ROUND(AVERAGE(_xlpm.v),3),"0.000")&" ± "&TEXT(ROUND(_xlfn.STDEV.S(_xlpm.v),3),"0.000"))} -> 0.799 ± 0.011 | H24: Label-aware greedy | I24: Cascaded Pipeline (CRF + Consistency) | J24: {=_xlfn.LET(_xlpm.v,_xlfn._xlws.FILTER(all_runs!$O$2:$O$4321,(all_runs!$C$2:$C$4321=J$19)*(all_runs!$E$2:$E$4321=$I24)*(all_runs!$F$2:$F$4321="exp07+aug")*(all_runs!$I$2:$I$4321=$H24&" + Aug")),TEXT(ROUND(AVERAGE(_xlpm.v),3),"0.000")&" ± "&TEXT(ROUND(_xlfn.STDEV.S(_xlpm.v),3),"0.000"))} -> 0.840 ± 0.016 | K24: {=_xlfn.LET(_xlpm.v,_xlfn._xlws.FILTER(all_runs!$O$2:$O$4321,(all_runs!$C$2:$C$4321=K$19)*(all_runs!$E$2:$E$4321=$I24)*(all_runs!$F$2:$F$4321="exp07+aug")*(all_runs!$I$2:$I$4321=$H24&" + Aug")),TEXT(ROUND(AVERAGE(_xlpm.v),3),"0.000")&" ± "&TEXT(ROUND(_xlfn.STDEV.S(_xlpm.v),3),"0.000"))} -> 0.872 ± 0.011 | L24: {=_xlfn.LET(_xlpm.v,_xlfn._xlws.FILTER(all_runs!$O$2:$O$4321,(all_runs!$C$2:$C$4321=L$19)*(all_runs!$E$2:$E$4321=$I24)*(all_runs!$F$2:$F$4321="exp07+aug")*(all_runs!$I$2:$I$4321=$H24&" + Aug")),TEXT(ROUND(AVERAGE(_xlpm.v),3),"0.000")&" ± "&TEXT(ROUND(_xlfn.STDEV.S(_xlpm.v),3),"0.000"))} -> 0.841 ± 0.015 | M24: {=_xlfn.LET(_xlpm.v,_xlfn._xlws.FILTER(all_runs!$O$2:$O$4321,(all_runs!$C$2:$C$4321=M$19)*(all_runs!$E$2:$E$4321=$I24)*(all_runs!$F$2:$F$4321="exp07+aug")*(all_runs!$I$2:$I$4321=$H24&" + Aug")),TEXT(ROUND(AVERAGE(_xlpm.v),3),"0.000")&" ± "&TEXT(ROUND(_xlfn.STDEV.S(_xlpm.v),3),"0.000"))} -> 0.837 ± 0.012
