Workbook

Sheet dataset_details
A1: benchmark_key | B1: benchmark_label | C1: regime | D1: variant | E1: variant_label | F1: seed | G1: pool_n_sentences | H1: split_ratio_train | I1: train_n_sentences | J1: train_n_tokens | K1: train_n_entity_spans | L1: train_entity_spans_by_type | M1: train_entity_tokens_by_type | N1: eval_n_sentences | O1: eval_n_tokens | P1: eval_n_entity_spans | Q1: eval_entity_spans_by_type | R1: eval_entity_tokens_by_type
A2: conll2003_bert | B2: CoNLL-2003 + bert-base-uncased | C2: small_300 | D2: before_exp01_baseline | E2: Baseline (simple random split) | F2: 42 | G2: 300 | H2: 0.7 | I2: 210 | J2: 3027 | K2: 376 | L2: {"LOC": 124, "MISC": 59, "ORG": 98, "PER": 95} | M2: {"LOC": 141, "MISC": 77, "ORG": 159, "PER": 153} | N2: 90 | O2: 1194 | P2: 133 | Q2: {"LOC": 43, "MISC": 16, "ORG": 44, "PER": 30} | R2: {"LOC": 49, "MISC": 19, "ORG": 56, "PER": 51}
A3: conll2003_bert | B3: CoNLL-2003 + bert-base-uncased | C3: small_300 | D3: before_exp01_baseline | E3: Baseline (simple random split) | F3: 43 | G3: 300 | H3: 0.7 | I3: 210 | J3: 3072 | K3: 356 | L3: {"LOC": 112, "MISC": 54, "ORG": 105, "PER": 85} | M3: {"LOC": 127, "MISC": 71, "ORG": 165, "PER": 134} | N3: 90 | O3: 1149 | P3: 153 | Q3: {"LOC": 55, "MISC": 21, "ORG": 37, "PER": 40} | R3: {"LOC": 63, "MISC": 25, "ORG": 50, "PER": 70}
A4: conll2003_bert | B4: CoNLL-2003 + bert-base-uncased | C4: small_300 | D4: before_exp01_baseline | E4: Baseline (simple random split) | F4: 44 | G4: 300 | H4: 0.7 | I4: 210 | J4: 2852 | K4: 358 | L4: {"LOC": 116, "MISC": 50, "ORG": 98, "PER": 94} | M4: {"LOC": 129, "MISC": 62, "ORG": 150, "PER": 145} | N4: 90 | O4: 1369 | P4: 151 | Q4: {"LOC": 51, "MISC": 25, "ORG": 44, "PER": 31} | R4: {"LOC": 61, "MISC": 34, "ORG": 65, "PER": 59}
A5: conll2003_bert | B5: CoNLL-2003 + bert-base-uncased | C5: small_300 | D5: before_exp01_baseline | E5: Baseline (simple random split) | F5: 45 | G5: 300 | H5: 0.7 | I5: 210 | J5: 2947 | K5: 362 | L5: {"LOC": 120, "MISC": 51, "ORG": 107, "PER": 84} | M5: {"LOC": 136, "MISC": 61, "ORG": 160, "PER": 137} | N5: 90 | O5: 1274 | P5: 147 | Q5: {"LOC": 47, "MISC": 24, "ORG": 35, "PER": 41} | R5: {"LOC": 54, "MISC": 35, "ORG": 55, "PER": 67}
A6: conll2003_bert | B6: CoNLL-2003 + bert-base-uncased | C6: small_300 | D6: before_exp01_baseline | E6: Baseline (simple random split) | F6: 46 | G6: 300 | H6: 0.7 | I6: 210 | J6: 3074 | K6: 377 | L6: {"LOC": 121, "MISC": 59, "ORG": 104, "PER": 93} | M6: {"LOC": 142, "MISC": 77, "ORG": 162, "PER": 148} | N6: 90 | O6: 1147 | P6: 132 | Q6: {"LOC": 46, "MISC": 16, "ORG": 38, "PER": 32} | R6: {"LOC": 48, "MISC": 19, "ORG": 53, "PER": 56}
A7: conll2003_bert | B7: CoNLL-2003 + bert-base-uncased | C7: small_300 | D7: before_exp01_baseline | E7: Baseline (simple random split) | F7: 47 | G7: 300 | H7: 0.7 | I7: 210 | J7: 2940 | K7: 341 | L7: {"LOC": 112, "MISC": 51, "ORG": 101, "PER": 77} | M7: {"LOC": 131, "MISC": 69, "ORG": 152, "PER": 123} | N7: 90 | O7: 1281 | P7: 168 | Q7: {"LOC": 55, "MISC": 24, "ORG": 41, "PER": 48} | R7: {"LOC": 59, "MISC": 27, "ORG": 63, "PER": 81}
A8: conll2003_bert | B8: CoNLL-2003 + bert-base-uncased | C8: small_300 | D8: before_exp01_baseline | E8: Baseline (simple random split) | F8: 48 | G8: 300 | H8: 0.7 | I8: 210 | J8: 2938 | K8: 359 | L8: {"LOC": 116, "MISC": 53, "ORG": 102, "PER": 88} | M8: {"LOC": 135, "MISC": 68, "ORG": 147, "PER": 146} | N8: 90 | O8: 1283 | P8: 150 | Q8: {"LOC": 51, "MISC": 22, "ORG": 40, "PER": 37} | R8: {"LOC": 55, "MISC": 28, "ORG": 68, "PER": 58}
A9: conll2003_bert | B9: CoNLL-2003 + bert-base-uncased | C9: small_300 | D9: before_exp01_baseline | E9: Baseline (simple random split) | F9: 49 | G9: 300 | H9: 0.7 | I9: 210 | J9: 3080 | K9: 359 | L9: {"LOC": 118, "MISC": 52, "ORG": 93, "PER": 96} | M9: {"LOC": 132, "MISC": 69, "ORG": 145, "PER": 157} | N9: 90 | O9: 1141 | P9: 150 | Q9: {"LOC": 49, "MISC": 23, "ORG": 49, "PER": 29} | R9: {"LOC": 58, "MISC": 27, "ORG": 70, "PER": 47}
A10: conll2003_bert | B10: CoNLL-2003 + bert-base-uncased | C10: small_300 | D10: before_exp01_baseline | E10: Baseline (simple random split) | F10: 50 | G10: 300 | H10: 0.7 | I10: 210 | J10: 3007 | K10: 378 | L10: {"LOC": 127, "MISC": 54, "ORG": 101, "PER": 96} | M10: {"LOC": 143, "MISC": 67, "ORG": 157, "PER": 156} | N10: 90 | O10: 1214 | P10: 131 | Q10: {"LOC": 40, "MISC": 21, "ORG": 41, "PER": 29} | R10: {"LOC": 47, "MISC": 29, "ORG": 58, "PER": 48}
A11: conll2003_bert | B11: CoNLL-2003 + bert-base-uncased | C11: small_300 | D11: before_exp01_baseline | E11: Baseline (simple random split) | F11: 51 | G11: 300 | H11: 0.7 | I11: 210 | J11: 2858 | K11: 365 | L11: {"LOC": 132, "MISC": 55, "ORG": 91, "PER": 87} | M11: {"LOC": 149, "MISC": 69, "ORG": 143, "PER": 140} | N11: 90 | O11: 1363 | P11: 144 | Q11: {"LOC": 35, "MISC": 20, "ORG": 51, "PER": 38} | R11: {"LOC": 41, "MISC": 27, "ORG": 72, "PER": 64}
A12: conll2003_bert | B12: CoNLL-2003 + bert-base-uncased | C12: small_300 | D12: before_exp01_baseline | E12: Baseline (simple random split) | F12: 52 | G12: 300 | H12: 0.7 | I12: 210 | J12: 2864 | K12: 342 | L12: {"LOC": 110, "MISC": 45, "ORG": 97, "PER": 90} | M12: {"LOC": 127, "MISC": 60, "ORG": 154, "PER": 144} | N12: 90 | O12: 1357 | P12: 167 | Q12: {"LOC": 57, "MISC": 30, "ORG": 45, "PER": 35} | R12: {"LOC": 63, "MISC": 36, "ORG": 61, "PER": 60}
A13: conll2003_bert | B13: CoNLL-2003 + bert-base-uncased | C13: small_300 | D13: before_exp01_baseline | E13: Baseline (simple random split) | F13: 53 | G13: 300 | H13: 0.7 | I13: 210 | J13: 3125 | K13: 367 | L13: {"LOC": 129, "MISC": 59, "ORG": 85, "PER": 94} | M13: {"LOC": 142, "MISC": 74, "ORG": 133, "PER": 158} | N13: 90 | O13: 1096 | P13: 142 | Q13: {"LOC": 38, "MISC": 16, "ORG": 57, "PER": 31} | R13: {"LOC": 48, "MISC": 22, "ORG": 82, "PER": 46}
... A121: bc5cdr_pubmedbert | B121: BC5CDR + PubMedBERT | C121: small_300 | D121: after_multilabel_iterative_paper | E121: Multilabel stratified (paper-style) | F121: 61 | G121: 300 | H121: 0.7 | I121: 210 | J121: 4436 | K121: 290 | L121: {"ORG": 99, "PER": 191} | M121: {"ORG": 119, "PER": 367} | N121: 90 | O121: 1831 | P121: 137 | Q121: {"ORG": 52, "PER": 85} | R121: {"ORG": 60, "PER": 156}

Sheet summary_pivot
A1: benchmark | B1: experiment_id | C1: regime | D1: split_variant | E1: f1_mean | F1: f1_std | G1: n_seeds
A2: BC5CDR + PubMedBERT | B2: exp10_cascade | C2: small_300 | D2: Baseline (simple random split) | E2: 0.62173846 | F2: 0.045572292 | G2: 40
A3: BC5CDR + PubMedBERT | B3: exp10_cascade | C3: small_300 | D3: Multilabel stratified (paper-style) | E3: 0.62764395 | F3: 0.03097933 | G3: 40
A4: BC5CDR + PubMedBERT | B4: exp10_regular | C4: small_300 | D4: Baseline (simple random split) | E4: 0.74763303 | F4: 0.067302727 | G4: 40
A5: BC5CDR + PubMedBERT | B5: exp10_regular | C5: small_300 | D5: Multilabel stratified (paper-style) | E5: 0.74730314 | F5: 0.074337283 | G5: 40
A6: BC5CDR + PubMedBERT | B6: exp10_svm_ready | C6: small_300 | D6: Baseline (simple random split) | E6: 0.7606799 | F6: 0.067153102 | G6: 40
A7: BC5CDR + PubMedBERT | B7: exp10_svm_ready | C7: small_300 | D7: Multilabel stratified (paper-style) | E7: 0.76595126 | F7: 0.071015353 | G7: 40
A8: CoNLL-2003 + bert-base-uncased | B8: exp10_cascade | C8: small_300 | D8: Baseline (simple random split) | E8: 0.67403304 | F8: 0.12569874 | G8: 40
A9: CoNLL-2003 + bert-base-uncased | B9: exp10_cascade | C9: small_300 | D9: Multilabel stratified (paper-style) | E9: 0.70850563 | F9: 0.07355812 | G9: 40
A10: CoNLL-2003 + bert-base-uncased | B10: exp10_regular | C10: small_300 | D10: Baseline (simple random split) | E10: 0.69111911 | F10: 0.11154515 | G10: 40
A11: CoNLL-2003 + bert-base-uncased | B11: exp10_regular | C11: small_300 | D11: Multilabel stratified (paper-style) | E11: 0.70771167 | F11: 0.095865284 | G11: 40
A12: CoNLL-2003 + bert-base-uncased | B12: exp10_svm_ready | C12: small_300 | D12: Baseline (simple random split) | E12: 0.74117305 | F12: 0.10257745 | G12: 40
A13: CoNLL-2003 + bert-base-uncased | B13: exp10_svm_ready | C13: small_300 | D13: Multilabel stratified (paper-style) | E13: 0.7548556 | F13: 0.084578066 | G13: 40
... A19: NEMO + DictaBERT | B19: exp10_svm_ready | C19: small_300 | D19: Multilabel stratified (paper-style) | E19: 0.6605081 | F19: 0.11378707 | G19: 40

Sheet summary_by_train_mode
A1: NON-AUGMENTED RESULTS | I1: AUGMENTED RESULTS
A2: benchmark | B2: experiment_id | C2: regime | D2: split_variant | E2: f1_mean | F2: f1_std | G2: n_seeds | I2: benchmark | J2: experiment_id | K2: regime | L2: split_variant | M2: f1_mean | N2: f1_std | O2: n_seeds
A3: BC5CDR + PubMedBERT | B3: exp10_cascade | C3: small_300 | D3: Baseline (simple random split) | E3: =AVERAGEIFS(all_runs!$S$2:$S$721,all_runs!$B$2:$B$721,$A3,all_runs!$E$2:$E$721,$B3,all_runs!$H$2:$H$721,$C3,all_runs!$J$2:$J$721,$D3,all_runs!$AB$2:$AB$721,"<>augmented") -> 0.60246709 | F3: {=_xlfn.STDEV.S(_xlfn._xlws.FILTER(all_runs!$S$2:$S$721,(all_runs!$B$2:$B$721=$A3)*(all_runs!$E$2:$E$721=$B3)*(all_runs!$H$2:$H$721=$C3)*(all_runs!$J$2:$J$721=$D3)*(all_runs!$AB$2:$AB$721<>"augmented")))} -> 0.052403855 | G3: =COUNTIFS(all_runs!$B$2:$B$721,$A3,all_runs!$E$2:$E$721,$B3,all_runs!$H$2:$H$721,$C3,all_runs!$J$2:$J$721,$D3,all_runs!$AB$2:$AB$721,"<>augmented") -> 20 | I3: BC5CDR + PubMedBERT | J3: exp10_cascade | K3: small_300 | L3: Baseline (simple random split) | M3: =AVERAGEIFS(all_runs!$S$2:$S$721,all_runs!$B$2:$B$721,$I3,all_runs!$E$2:$E$721,$J3,all_runs!$H$2:$H$721,$K3,all_runs!$J$2:$J$721,$L3,all_runs!$AB$2:$AB$721,"augmented") -> 0.64100983 | N3: {=_xlfn.STDEV.S(_xlfn._xlws.FILTER(all_runs!$S$2:$S$721,(all_runs!$B$2:$B$721=$I3)*(all_runs!$E$2:$E$721=$J3)*(all_runs!$H$2:$H$721=$K3)*(all_runs!$J$2:$J$721=$L3)*(all_runs!$AB$2:$AB$721="augmented")))} -> 0.027109881 | O3: =COUNTIFS(all_runs!$B$2:$B$721,$I3,all_runs!$E$2:$E$721,$J3,all_runs!$H$2:$H$721,$K3,all_runs!$J$2:$J$721,$L3,all_runs!$AB$2:$AB$721,"augmented") -> 20
A4: BC5CDR + PubMedBERT | B4: exp10_cascade | C4: small_300 | D4: Multilabel stratified (paper-style) | E4: =AVERAGEIFS(all_runs!$S$2:$S$721,all_runs!$B$2:$B$721,$A4,all_runs!$E$2:$E$721,$B4,all_runs!$H$2:$H$721,$C4,all_runs!$J$2:$J$721,$D4,all_runs!$AB$2:$AB$721,"<>augmented") -> 0.6063987 | F4: {=_xlfn.STDEV.S(_xlfn._xlws.FILTER(all_runs!$S$2:$S$721,(all_runs!$B$2:$B$721=$A4)*(all_runs!$E$2:$E$721=$B4)*(all_runs!$H$2:$H$721=$C4)*(all_runs!$J$2:$J$721=$D4)*(all_runs!$AB$2:$AB$721<>"augmented")))} -> 0.024495259 | G4: =COUNTIFS(all_runs!$B$2:$B$721,$A4,all_runs!$E$2:$E$721,$B4,all_runs!$H$2:$H$721,$C4,all_runs!$J$2:$J$721,$D4,all_runs!$AB$2:$AB$721,"<>augmented") -> 20 | I4: BC5CDR + PubMedBERT | J4: exp10_cascade | K4: small_300 | L4: Multilabel stratified (paper-style) | M4: =AVERAGEIFS(all_runs!$S$2:$S$721,all_runs!$B$2:$B$721,$I4,all_runs!$E$2:$E$721,$J4,all_runs!$H$2:$H$721,$K4,all_runs!$J$2:$J$721,$L4,all_runs!$AB$2:$AB$721,"augmented") -> 0.64888919 | N4: {=_xlfn.STDEV.S(_xlfn._xlws.FILTER(all_runs!$S$2:$S$721,(all_runs!$B$2:$B$721=$I4)*(all_runs!$E$2:$E$721=$J4)*(all_runs!$H$2:$H$721=$K4)*(all_runs!$J$2:$J$721=$L4)*(all_runs!$AB$2:$AB$721="augmented")))} -> 0.020486561 | O4: =COUNTIFS(all_runs!$B$2:$B$721,$I4,all_runs!$E$2:$E$721,$J4,all_runs!$H$2:$H$721,$K4,all_runs!$J$2:$J$721,$L4,all_runs!$AB$2:$AB$721,"augmented") -> 20
A5: BC5CDR + PubMedBERT | B5: exp10_regular | C5: small_300 | D5: Baseline (simple random split) | E5: =AVERAGEIFS(all_runs!$S$2:$S$721,all_runs!$B$2:$B$721,$A5,all_runs!$E$2:$E$721,$B5,all_runs!$H$2:$H$721,$C5,all_runs!$J$2:$J$721,$D5,all_runs!$AB$2:$AB$721,"<>augmented") -> 0.68791002 | F5: {=_xlfn.STDEV.S(_xlfn._xlws.FILTER(all_runs!$S$2:$S$721,(all_runs!$B$2:$B$721=$A5)*(all_runs!$E$2:$E$721=$B5)*(all_runs!$H$2:$H$721=$C5)*(all_runs!$J$2:$J$721=$D5)*(all_runs!$AB$2:$AB$721<>"augmented")))} -> 0.032834187 | G5: =COUNTIFS(all_runs!$B$2:$B$721,$A5,all_runs!$E$2:$E$721,$B5,all_runs!$H$2:$H$721,$C5,all_runs!$J$2:$J$721,$D5,all_runs!$AB$2:$AB$721,"<>augmented") -> 20 | I5: BC5CDR + PubMedBERT | J5: exp10_regular | K5: small_300 | L5: Baseline (simple random split) | M5: =AVERAGEIFS(all_runs!$S$2:$S$721,all_runs!$B$2:$B$721,$I5,all_runs!$E$2:$E$721,$J5,all_runs!$H$2:$H$721,$K5,all_runs!$J$2:$J$721,$L5,all_runs!$AB$2:$AB$721,"augmented") -> 0.80735604 | N5: {=_xlfn.STDEV.S(_xlfn._xlws.FILTER(all_runs!$S$2:$S$721,(all_runs!$B$2:$B$721=$I5)*(all_runs!$E$2:$E$721=$J5)*(all_runs!$H$2:$H$721=$K5)*(all_runs!$J$2:$J$721=$L5)*(all_runs!$AB$2:$AB$721="augmented")))} -> 0.026655219 | O5: =COUNTIFS(all_runs!$B$2:$B$721,$I5,all_runs!$E$2:$E$721,$J5,all_runs!$H$2:$H$721,$K5,all_runs!$J$2:$J$721,$L5,all_runs!$AB$2:$AB$721,"augmented") -> 20
A6: BC5CDR + PubMedBERT | B6: exp10_regular | C6: small_300 | D6: Multilabel stratified (paper-style) | E6: =AVERAGEIFS(all_runs!$S$2:$S$721,all_runs!$B$2:$B$721,$A6,all_runs!$E$2:$E$721,$B6,all_runs!$H$2:$H$721,$C6,all_runs!$J$2:$J$721,$D6,all_runs!$AB$2:$AB$721,"<>augmented") -> 0.68303504 | F6: {=_xlfn.STDEV.S(_xlfn._xlws.FILTER(all_runs!$S$2:$S$721,(all_runs!$B$2:$B$721=$A6)*(all_runs!$E$2:$E$721=$B6)*(all_runs!$H$2:$H$721=$C6)*(all_runs!$J$2:$J$721=$D6)*(all_runs!$AB$2:$AB$721<>"augmented")))} -> 0.046267696 | G6: =COUNTIFS(all_runs!$B$2:$B$721,$A6,all_runs!$E$2:$E$721,$B6,all_runs!$H$2:$H$721,$C6,all_runs!$J$2:$J$721,$D6,all_runs!$AB$2:$AB$721,"<>augmented") -> 20 | I6: BC5CDR + PubMedBERT | J6: exp10_regular | K6: small_300 | L6: Multilabel stratified (paper-style) | M6: =AVERAGEIFS(all_runs!$S$2:$S$721,all_runs!$B$2:$B$721,$I6,all_runs!$E$2:$E$721,$J6,all_runs!$H$2:$H$721,$K6,all_runs!$J$2:$J$721,$L6,all_runs!$AB$2:$AB$721,"augmented") -> 0.81157125 | N6: {=_xlfn.STDEV.S(_xlfn._xlws.FILTER(all_runs!$S$2:$S$721,(all_runs!$B$2:$B$721=$I6)*(all_runs!$E$2:$E$721=$J6)*(all_runs!$H$2:$H$721=$K6)*(all_runs!$J$2:$J$721=$L6)*(all_runs!$AB$2:$AB$721="augmented")))} -> 0.022508898 | O6: =COUNTIFS(all_runs!$B$2:$B$721,$I6,all_runs!$E$2:$E$721,$J6,all_runs!$H$2:$H$721,$K6,all_runs!$J$2:$J$721,$L6,all_runs!$AB$2:$AB$721,"augmented") -> 20
A7: BC5CDR + PubMedBERT | B7: exp10_svm_ready | C7: small_300 | D7: Baseline (simple random split) | E7: =AVERAGEIFS(all_runs!$S$2:$S$721,all_runs!$B$2:$B$721,$A7,all_runs!$E$2:$E$721,$B7,all_runs!$H$2:$H$721,$C7,all_runs!$J$2:$J$721,$D7,all_runs!$AB$2:$AB$721,"<>augmented") -> 0.70804581 | F7: {=_xlfn.STDEV.S(_xlfn._xlws.FILTER(all_runs!$S$2:$S$721,(all_runs!$B$2:$B$721=$A7)*(all_runs!$E$2:$E$721=$B7)*(all_runs!$H$2:$H$721=$C7)*(all_runs!$J$2:$J$721=$D7)*(all_runs!$AB$2:$AB$721<>"augmented")))} -> 0.051462267 | G7: =COUNTIFS(all_runs!$B$2:$B$721,$A7,all_runs!$E$2:$E$721,$B7,all_runs!$H$2:$H$721,$C7,all_runs!$J$2:$J$721,$D7,all_runs!$AB$2:$AB$721,"<>augmented") -> 20 | I7: BC5CDR + PubMedBERT | J7: exp10_svm_ready | K7: small_300 | L7: Baseline (simple random split) | M7: =AVERAGEIFS(all_runs!$S$2:$S$721,all_runs!$B$2:$B$721,$I7,all_runs!$E$2:$E$721,$J7,all_runs!$H$2:$H$721,$K7,all_runs!$J$2:$J$721,$L7,all_runs!$AB$2:$AB$721,"augmented") -> 0.81331399 | N7: {=_xlfn.STDEV.S(_xlfn._xlws.FILTER(all_runs!$S$2:$S$721,(all_runs!$B$2:$B$721=$I7)*(all_runs!$E$2:$E$721=$J7)*(all_runs!$H$2:$H$721=$K7)*(all_runs!$J$2:$J$721=$L7)*(all_runs!$AB$2:$AB$721="augmented")))} -> 0.027852241 | O7: =COUNTIFS(all_runs!$B$2:$B$721,$I7,all_runs!$E$2:$E$721,$J7,all_runs!$H$2:$H$721,$K7,all_runs!$J$2:$J$721,$L7,all_runs!$AB$2:$AB$721,"augmented") -> 20
A8: BC5CDR + PubMedBERT | B8: exp10_svm_ready | C8: small_300 | D8: Multilabel stratified (paper-style) | E8: =AVERAGEIFS(all_runs!$S$2:$S$721,all_runs!$B$2:$B$721,$A8,all_runs!$E$2:$E$721,$B8,all_runs!$H$2:$H$721,$C8,all_runs!$J$2:$J$721,$D8,all_runs!$AB$2:$AB$721,"<>augmented") -> 0.70808852 | F8: {=_xlfn.STDEV.S(_xlfn._xlws.FILTER(all_runs!$S$2:$S$721,(all_runs!$B$2:$B$721=$A8)*(all_runs!$E$2:$E$721=$B8)*(all_runs!$H$2:$H$721=$C8)*(all_runs!$J$2:$J$721=$D8)*(all_runs!$AB$2:$AB$721<>"augmented")))} -> 0.051352003 | G8: =COUNTIFS(all_runs!$B$2:$B$721,$A8,all_runs!$E$2:$E$721,$B8,all_runs!$H$2:$H$721,$C8,all_runs!$J$2:$J$721,$D8,all_runs!$AB$2:$AB$721,"<>augmented") -> 20 | I8: BC5CDR + PubMedBERT | J8: exp10_svm_ready | K8: small_300 | L8: Multilabel stratified (paper-style) | M8: =AVERAGEIFS(all_runs!$S$2:$S$721,all_runs!$B$2:$B$721,$I8,all_runs!$E$2:$E$721,$J8,all_runs!$H$2:$H$721,$K8,all_runs!$J$2:$J$721,$L8,all_runs!$AB$2:$AB$721,"augmented") -> 0.82381399 | N8: {=_xlfn.STDEV.S(_xlfn._xlws.FILTER(all_runs!$S$2:$S$721,(all_runs!$B$2:$B$721=$I8)*(all_runs!$E$2:$E$721=$J8)*(all_runs!$H$2:$H$721=$K8)*(all_runs!$J$2:$J$721=$L8)*(all_runs!$AB$2:$AB$721="augmented")))} -> 0.025809682 | O8: =COUNTIFS(all_runs!$B$2:$B$721,$I8,all_runs!$E$2:$E$721,$J8,all_runs!$H$2:$H$721,$K8,all_runs!$J$2:$J$721,$L8,all_runs!$AB$2:$AB$721,"augmented") -> 20
A9: CoNLL-2003 + bert-base-uncased | B9: exp10_cascade | C9: small_300 | D9: Baseline (simple random split) | E9: =AVERAGEIFS(all_runs!$S$2:$S$721,all_runs!$B$2:$B$721,$A9,all_runs!$E$2:$E$721,$B9,all_runs!$H$2:$H$721,$C9,all_runs!$J$2:$J$721,$D9,all_runs!$AB$2:$AB$721,"<>augmented") -> 0.57401274 | F9: {=_xlfn.STDEV.S(_xlfn._xlws.FILTER(all_runs!$S$2:$S$721,(all_runs!$B$2:$B$721=$A9)*(all_runs!$E$2:$E$721=$B9)*(all_runs!$H$2:$H$721=$C9)*(all_runs!$J$2:$J$721=$D9)*(all_runs!$AB$2:$AB$721<>"augmented")))} -> 0.098690914 | G9: =COUNTIFS(all_runs!$B$2:$B$721,$A9,all_runs!$E$2:$E$721,$B9,all_runs!$H$2:$H$721,$C9,all_runs!$J$2:$J$721,$D9,all_runs!$AB$2:$AB$721,"<>augmented") -> 20 | I9: CoNLL-2003 + bert-base-uncased | J9: exp10_cascade | K9: small_300 | L9: Baseline (simple random split) | M9: =AVERAGEIFS(all_runs!$S$2:$S$721,all_runs!$B$2:$B$721,$I9,all_runs!$E$2:$E$721,$J9,all_runs!$H$2:$H$721,$K9,all_runs!$J$2:$J$721,$L9,all_runs!$AB$2:$AB$721,"augmented") -> 0.77405335 | N9: {=_xlfn.STDEV.S(_xlfn._xlws.FILTER(all_runs!$S$2:$S$721,(all_runs!$B$2:$B$721=$I9)*(all_runs!$E$2:$E$721=$J9)*(all_runs!$H$2:$H$721=$K9)*(all_runs!$J$2:$J$721=$L9)*(all_runs!$AB$2:$AB$721="augmented")))} -> 0.040383855 | O9: =COUNTIFS(all_runs!$B$2:$B$721,$I9,all_runs!$E$2:$E$721,$J9,all_runs!$H$2:$H$721,$K9,all_runs!$J$2:$J$721,$L9,all_runs!$AB$2:$AB$721,"augmented") -> 20
A10: CoNLL-2003 + bert-base-uncased | B10: exp10_cascade | C10: small_300 | D10: Multilabel stratified (paper-style) | E10: =AVERAGEIFS(all_runs!$S$2:$S$721,all_runs!$B$2:$B$721,$A10,all_runs!$E$2:$E$721,$B10,all_runs!$H$2:$H$721,$C10,all_runs!$J$2:$J$721,$D10,all_runs!$AB$2:$AB$721,"<>augmented") -> 0.64210807 | F10: {=_xlfn.STDEV.S(_xlfn._xlws.FILTER(all_runs!$S$2:$S$721,(all_runs!$B$2:$B$721=$A10)*(all_runs!$E$2:$E$721=$B10)*(all_runs!$H$2:$H$721=$C10)*(all_runs!$J$2:$J$721=$D10)*(all_runs!$AB$2:$AB$721<>"augmented")))} -> 0.031472505 | G10: =COUNTIFS(all_runs!$B$2:$B$721,$A10,all_runs!$E$2:$E$721,$B10,all_runs!$H$2:$H$721,$C10,all_runs!$J$2:$J$721,$D10,all_runs!$AB$2:$AB$721,"<>augmented") -> 20 | I10: CoNLL-2003 + bert-base-uncased | J10: exp10_cascade | K10: small_300 | L10: Multilabel stratified (paper-style) | M10: =AVERAGEIFS(all_runs!$S$2:$S$721,all_runs!$B$2:$B$721,$I10,all_runs!$E$2:$E$721,$J10,all_runs!$H$2:$H$721,$K10,all_runs!$J$2:$J$721,$L10,all_runs!$AB$2:$AB$721,"augmented") -> 0.77490319 | N10: {=_xlfn.STDEV.S(_xlfn._xlws.FILTER(all_runs!$S$2:$S$721,(all_runs!$B$2:$B$721=$I10)*(all_runs!$E$2:$E$721=$J10)*(all_runs!$H$2:$H$721=$K10)*(all_runs!$J$2:$J$721=$L10)*(all_runs!$AB$2:$AB$721="augmented")))} -> 0.028887989 | O10: =COUNTIFS(all_runs!$B$2:$B$721,$I10,all_runs!$E$2:$E$721,$J10,all_runs!$H$2:$H$721,$K10,all_runs!$J$2:$J$721,$L10,all_runs!$AB$2:$AB$721,"augmented") -> 20
A11: CoNLL-2003 + bert-base-uncased | B11: exp10_regular | C11: small_300 | D11: Baseline (simple random split) | E11: =AVERAGEIFS(all_runs!$S$2:$S$721,all_runs!$B$2:$B$721,$A11,all_runs!$E$2:$E$721,$B11,all_runs!$H$2:$H$721,$C11,all_runs!$J$2:$J$721,$D11,all_runs!$AB$2:$AB$721,"<>augmented") -> 0.58682867 | F11: {=_xlfn.STDEV.S(_xlfn._xlws.FILTER(all_runs!$S$2:$S$721,(all_runs!$B$2:$B$721=$A11)*(all_runs!$E$2:$E$721=$B11)*(all_runs!$H$2:$H$721=$C11)*(all_runs!$J$2:$J$721=$D11)*(all_runs!$AB$2:$AB$721<>"augmented")))} -> 0.033086539 | G11: =COUNTIFS(all_runs!$B$2:$B$721,$A11,all_runs!$E$2:$E$721,$B11,all_runs!$H$2:$H$721,$C11,all_runs!$J$2:$J$721,$D11,all_runs!$AB$2:$AB$721,"<>augmented") -> 20 | I11: CoNLL-2003 + bert-base-uncased | J11: exp10_regular | K11: small_300 | L11: Baseline (simple random split) | M11: =AVERAGEIFS(all_runs!$S$2:$S$721,all_runs!$B$2:$B$721,$I11,all_runs!$E$2:$E$721,$J11,all_runs!$H$2:$H$721,$K11,all_runs!$J$2:$J$721,$L11,all_runs!$AB$2:$AB$721,"augmented") -> 0.79540954 | N11: {=_xlfn.STDEV.S(_xlfn._xlws.FILTER(all_runs!$S$2:$S$721,(all_runs!$B$2:$B$721=$I11)*(all_runs!$E$2:$E$721=$J11)*(all_runs!$H$2:$H$721=$K11)*(all_runs!$J$2:$J$721=$L11)*(all_runs!$AB$2:$AB$721="augmented")))} -> 0.039330608 | O11: =COUNTIFS(all_runs!$B$2:$B$721,$I11,all_runs!$E$2:$E$721,$J11,all_runs!$H$2:$H$721,$K11,all_runs!$J$2:$J$721,$L11,all_runs!$AB$2:$AB$721,"augmented") -> 20
A12: CoNLL-2003 + bert-base-uncased | B12: exp10_regular | C12: small_300 | D12: Multilabel stratified (paper-style) | E12: =AVERAGEIFS(all_runs!$S$2:$S$721,all_runs!$B$2:$B$721,$A12,all_runs!$E$2:$E$721,$B12,all_runs!$H$2:$H$721,$C12,all_runs!$J$2:$J$721,$D12,all_runs!$AB$2:$AB$721,"<>augmented") -> 0.61788983 | F12: {=_xlfn.STDEV.S(_xlfn._xlws.FILTER(all_runs!$S$2:$S$721,(all_runs!$B$2:$B$721=$A12)*(all_runs!$E$2:$E$721=$B12)*(all_runs!$H$2:$H$721=$C12)*(all_runs!$J$2:$J$721=$D12)*(all_runs!$AB$2:$AB$721<>"augmented")))} -> 0.027045759 | G12: =COUNTIFS(all_runs!$B$2:$B$721,$A12,all_runs!$E$2:$E$721,$B12,all_runs!$H$2:$H$721,$C12,all_runs!$J$2:$J$721,$D12,all_runs!$AB$2:$AB$721,"<>augmented") -> 20 | I12: CoNLL-2003 + bert-base-uncased | J12: exp10_regular | K12: small_300 | L12: Multilabel stratified (paper-style) | M12: =AVERAGEIFS(all_runs!$S$2:$S$721,all_runs!$B$2:$B$721,$I12,all_runs!$E$2:$E$721,$J12,all_runs!$H$2:$H$721,$K12,all_runs!$J$2:$J$721,$L12,all_runs!$AB$2:$AB$721,"augmented") -> 0.7975335 | N12: {=_xlfn.STDEV.S(_xlfn._xlws.FILTER(all_runs!$S$2:$S$721,(all_runs!$B$2:$B$721=$I12)*(all_runs!$E$2:$E$721=$J12)*(all_runs!$H$2:$H$721=$K12)*(all_runs!$J$2:$J$721=$L12)*(all_runs!$AB$2:$AB$721="augmented")))} -> 0.033872428 | O12: =COUNTIFS(all_runs!$B$2:$B$721,$I12,all_runs!$E$2:$E$721,$J12,all_runs!$H$2:$H$721,$K12,all_runs!$J$2:$J$721,$L12,all_runs!$AB$2:$AB$721,"augmented") -> 20
A13: CoNLL-2003 + bert-base-uncased | B13: exp10_svm_ready | C13: small_300 | D13: Baseline (simple random split) | E13: =AVERAGEIFS(all_runs!$S$2:$S$721,all_runs!$B$2:$B$721,$A13,all_runs!$E$2:$E$721,$B13,all_runs!$H$2:$H$721,$C13,all_runs!$J$2:$J$721,$D13,all_runs!$AB$2:$AB$721,"<>augmented") -> 0.64811017 | F13: {=_xlfn.STDEV.S(_xlfn._xlws.FILTER(all_runs!$S$2:$S$721,(all_runs!$B$2:$B$721=$A13)*(all_runs!$E$2:$E$721=$B13)*(all_runs!$H$2:$H$721=$C13)*(all_runs!$J$2:$J$721=$D13)*(all_runs!$AB$2:$AB$721<>"augmented")))} -> 0.041227839 | G13: =COUNTIFS(all_runs!$B$2:$B$721,$A13,all_runs!$E$2:$E$721,$B13,all_runs!$H$2:$H$721,$C13,all_runs!$J$2:$J$721,$D13,all_runs!$AB$2:$AB$721,"<>augmented") -> 20 | I13: CoNLL-2003 + bert-base-uncased | J13: exp10_svm_ready | K13: small_300 | L13: Baseline (simple random split) | M13: =AVERAGEIFS(all_runs!$S$2:$S$721,all_runs!$B$2:$B$721,$I13,all_runs!$E$2:$E$721,$J13,all_runs!$H$2:$H$721,$K13,all_runs!$J$2:$J$721,$L13,all_runs!$AB$2:$AB$721,"augmented") -> 0.83423594 | N13: {=_xlfn.STDEV.S(_xlfn._xlws.FILTER(all_runs!$S$2:$S$721,(all_runs!$B$2:$B$721=$I13)*(all_runs!$E$2:$E$721=$J13)*(all_runs!$H$2:$H$721=$K13)*(all_runs!$J$2:$J$721=$L13)*(all_runs!$AB$2:$AB$721="augmented")))} -> 0.040807797 | O13: =COUNTIFS(all_runs!$B$2:$B$721,$I13,all_runs!$E$2:$E$721,$J13,all_runs!$H$2:$H$721,$K13,all_runs!$J$2:$J$721,$L13,all_runs!$AB$2:$AB$721,"augmented") -> 20
A14: CoNLL-2003 + bert-base-uncased | B14: exp10_svm_ready | C14: small_300 | D14: Multilabel stratified (paper-style) | E14: =AVERAGEIFS(all_runs!$S$2:$S$721,all_runs!$B$2:$B$721,$A14,all_runs!$E$2:$E$721,$B14,all_runs!$H$2:$H$721,$C14,all_runs!$J$2:$J$721,$D14,all_runs!$AB$2:$AB$721,"<>augmented") -> 0.67590087 | F14: {=_xlfn.STDEV.S(_xlfn._xlws.FILTER(all_runs!$S$2:$S$721,(all_runs!$B$2:$B$721=$A14)*(all_runs!$E$2:$E$721=$B14)*(all_runs!$H$2:$H$721=$C14)*(all_runs!$J$2:$J$721=$D14)*(all_runs!$AB$2:$AB$721<>"augmented")))} -> 0.026383569 | G14: =COUNTIFS(all_runs!$B$2:$B$721,$A14,all_runs!$E$2:$E$721,$B14,all_runs!$H$2:$H$721,$C14,all_runs!$J$2:$J$721,$D14,all_runs!$AB$2:$AB$721,"<>augmented") -> 20 | I14: CoNLL-2003 + bert-base-uncased | J14: exp10_svm_ready | K14: small_300 | L14: Multilabel stratified (paper-style) | M14: =AVERAGEIFS(all_runs!$S$2:$S$721,all_runs!$B$2:$B$721,$I14,all_runs!$E$2:$E$721,$J14,all_runs!$H$2:$H$721,$K14,all_runs!$J$2:$J$721,$L14,all_runs!$AB$2:$AB$721,"augmented") -> 0.83381033 | N14: {=_xlfn.STDEV.S(_xlfn._xlws.FILTER(all_runs!$S$2:$S$721,(all_runs!$B$2:$B$721=$I14)*(all_runs!$E$2:$E$721=$J14)*(all_runs!$H$2:$H$721=$K14)*(all_runs!$J$2:$J$721=$L14)*(all_runs!$AB$2:$AB$721="augmented")))} -> 0.029383834 | O14: =COUNTIFS(all_runs!$B$2:$B$721,$I14,all_runs!$E$2:$E$721,$J14,all_runs!$H$2:$H$721,$K14,all_runs!$J$2:$J$721,$L14,all_runs!$AB$2:$AB$721,"augmented") -> 20
... A20: NEMO + DictaBERT | B20: exp10_svm_ready | C20: small_300 | D20: Multilabel stratified (paper-style) | E20: =AVERAGEIFS(all_runs!$S$2:$S$721,all_runs!$B$2:$B$721,$A20,all_runs!$E$2:$E$721,$B20,all_runs!$H$2:$H$721,$C20,all_runs!$J$2:$J$721,$D20,all_runs!$AB$2:$AB$721,"<>augmented") -> 0.56688177 | F20: {=_xlfn.STDEV.S(_xlfn._xlws.FILTER(all_runs!$S$2:$S$721,(all_runs!$B$2:$B$721=$A20)*(all_runs!$E$2:$E$721=$B20)*(all_runs!$H$2:$H$721=$C20)*(all_runs!$J$2:$J$721=$D20)*(all_runs!$AB$2:$AB$721<>"augmented")))} -> 0.067641856 | G20: =COUNTIFS(all_runs!$B$2:$B$721,$A20,all_runs!$E$2:$E$721,$B20,all_runs!$H$2:$H$721,$C20,all_runs!$J$2:$J$721,$D20,all_runs!$AB$2:$AB$721,"<>augmented") -> 20 | I20: NEMO + DictaBERT | J20: exp10_svm_ready | K20: small_300 | L20: Multilabel stratified (paper-style) | M20: =AVERAGEIFS(all_runs!$S$2:$S$721,all_runs!$B$2:$B$721,$I20,all_runs!$E$2:$E$721,$J20,all_runs!$H$2:$H$721,$K20,all_runs!$J$2:$J$721,$L20,all_runs!$AB$2:$AB$721,"augmented") -> 0.75413443 | N20: {=_xlfn.STDEV.S(_xlfn._xlws.FILTER(all_runs!$S$2:$S$721,(all_runs!$B$2:$B$721=$I20)*(all_runs!$E$2:$E$721=$J20)*(all_runs!$H$2:$H$721=$K20)*(all_runs!$J$2:$J$721=$L20)*(all_runs!$AB$2:$AB$721="augmented")))} -> 0.059552645 | O20: =COUNTIFS(all_runs!$B$2:$B$721,$I20,all_runs!$E$2:$E$721,$J20,all_runs!$H$2:$H$721,$K20,all_runs!$J$2:$J$721,$L20,all_runs!$AB$2:$AB$721,"augmented") -> 20

Sheet all_runs
A1: benchmark_key | B1: benchmark_label | C1: model_id | D1: model_name | E1: experiment_id | F1: experiment_name | G1: data_source | H1: regime | I1: variant | J1: variant_label | K1: condition_key | L1: condition_group_key | M1: condition_group_short | N1: condition_label | O1: condition_short | P1: condition_description | Q1: seed | R1: is_baseline | S1: f1 | T1: precision | U1: recall | V1: status | W1: result_file | X1: metrics_file | Y1: base_artifacts_reused | Z1: base_mode | AA1: elapsed_seconds | AB1: train_mode
A2: conll2003_bert | B2: CoNLL-2003 + bert-base-uncased | C2: bert-base-uncased | D2: CoNLL-2003 + bert-base-uncased | E2: exp10_regular | F2: Regular NER (BERT-CRF) | G2: small_300 | H2: small_300 | I2: before_exp01_baseline | J2: Baseline (simple random split) | K2: conll2003_bert__small_300__before_exp01_baseline__seed42 | L2: conll2003_bert__small_300__before_exp01_baseline | M2: small_300 / Baseline (simple random split) | N2: [CoNLL-2003 + bert-base-uncased] [small_300] Baseline (simple random split) [seed 42] | O2: small_300 / Baseline (simple random split) [s42] | P2: Regular NER with DictaBERT | Q2: 42 | R2: TRUE | S2: 0.58823529 | T2: 0.54487179 | U2: 0.63909774 | V2: ok | W2: /content/drive/MyDrive/thesis_project/thesis/outputs/exp10_regular/regular_ner_crf_20260807_070538.json | X2: /content/drive/MyDrive/thesis_project/thesis/outputs/exp10_regular/regular_ner_crf_results_20260807_070535.xlsx | Y2: FALSE | Z2: auto | AA2: 121.8
A3: conll2003_bert | B3: CoNLL-2003 + bert-base-uncased | C3: bert-base-uncased | D3: CoNLL-2003 + bert-base-uncased | E3: exp10_regular | F3: Regular NER (BERT-CRF) | G3: small_300 | H3: small_300 | I3: before_exp01_baseline | J3: Baseline (simple random split) | K3: conll2003_bert__small_300__before_exp01_baseline__seed43 | L3: conll2003_bert__small_300__before_exp01_baseline | M3: small_300 / Baseline (simple random split) | N3: [CoNLL-2003 + bert-base-uncased] [small_300] Baseline (simple random split) [seed 43] | O3: small_300 / Baseline (simple random split) [s43] | P3: Regular NER with DictaBERT | Q3: 43 | R3: TRUE | S3: 0.6163142 | T3: 0.57303371 | U3: 0.66666667 | V3: ok | W3: /content/drive/MyDrive/thesis_project/thesis/outputs/exp10_regular/regular_ner_crf_20260807_070730.json | X3: /content/drive/MyDrive/thesis_project/thesis/outputs/exp10_regular/regular_ner_crf_results_20260807_070730.xlsx | Y3: FALSE | Z3: auto | AA3: 108.2
A4: conll2003_bert | B4: CoNLL-2003 + bert-base-uncased | C4: bert-base-uncased | D4: CoNLL-2003 + bert-base-uncased | E4: exp10_regular | F4: Regular NER (BERT-CRF) | G4: small_300 | H4: small_300 | I4: before_exp01_baseline | J4: Baseline (simple random split) | K4: conll2003_bert__small_300__before_exp01_baseline__seed44 | L4: conll2003_bert__small_300__before_exp01_baseline | M4: small_300 / Baseline (simple random split) | N4: [CoNLL-2003 + bert-base-uncased] [small_300] Baseline (simple random split) [seed 44] | O4: small_300 / Baseline (simple random split) [s44] | P4: Regular NER with DictaBERT | Q4: 44 | R4: TRUE | S4: 0.58385093 | T4: 0.5497076 | U4: 0.62251656 | V4: ok | W4: /content/drive/MyDrive/thesis_project/thesis/outputs/exp10_regular/regular_ner_crf_20260807_070918.json | X4: /content/drive/MyDrive/thesis_project/thesis/outputs/exp10_regular/regular_ner_crf_results_20260807_070918.xlsx | Y4: FALSE | Z4: auto | AA4: 111.2
A5: conll2003_bert | B5: CoNLL-2003 + bert-base-uncased | C5: bert-base-uncased | D5: CoNLL-2003 + bert-base-uncased | E5: exp10_regular | F5: Regular NER (BERT-CRF) | G5: small_300 | H5: small_300 | I5: before_exp01_baseline | J5: Baseline (simple random split) | K5: conll2003_bert__small_300__before_exp01_baseline__seed45 | L5: conll2003_bert__small_300__before_exp01_baseline | M5: small_300 / Baseline (simple random split) | N5: [CoNLL-2003 + bert-base-uncased] [small_300] Baseline (simple random split) [seed 45] | O5: small_300 / Baseline (simple random split) [s45] | P5: Regular NER with DictaBERT | Q5: 45 | R5: TRUE | S5: 0.62745098 | T5: 0.60377358 | U5: 0.65306122 | V5: ok | W5: /content/drive/MyDrive/thesis_project/thesis/outputs/exp10_regular/regular_ner_crf_20260807_071110.json | X5: /content/drive/MyDrive/thesis_project/thesis/outputs/exp10_regular/regular_ner_crf_results_20260807_071109.xlsx | Y5: FALSE | Z5: auto | AA5: 111.2
A6: conll2003_bert | B6: CoNLL-2003 + bert-base-uncased | C6: bert-base-uncased | D6: CoNLL-2003 + bert-base-uncased | E6: exp10_regular | F6: Regular NER (BERT-CRF) | G6: small_300 | H6: small_300 | I6: before_exp01_baseline | J6: Baseline (simple random split) | K6: conll2003_bert__small_300__before_exp01_baseline__seed46 | L6: conll2003_bert__small_300__before_exp01_baseline | M6: small_300 / Baseline (simple random split) | N6: [CoNLL-2003 + bert-base-uncased] [small_300] Baseline (simple random split) [seed 46] | O6: small_300 / Baseline (simple random split) [s46] | P6: Regular NER with DictaBERT | Q6: 46 | R6: TRUE | S6: 0.63043478 | T6: 0.60416667 | U6: 0.65909091 | V6: ok | W6: /content/drive/MyDrive/thesis_project/thesis/outputs/exp10_regular/regular_ner_crf_20260807_071301.json | X6: /content/drive/MyDrive/thesis_project/thesis/outputs/exp10_regular/regular_ner_crf_results_20260807_071300.xlsx | Y6: FALSE | Z6: auto | AA6: 107.8
A7: conll2003_bert | B7: CoNLL-2003 + bert-base-uncased | C7: bert-base-uncased | D7: CoNLL-2003 + bert-base-uncased | E7: exp10_regular | F7: Regular NER (BERT-CRF) | G7: small_300 | H7: small_300 | I7: before_exp01_baseline | J7: Baseline (simple random split) | K7: conll2003_bert__small_300__before_exp01_baseline__seed47 | L7: conll2003_bert__small_300__before_exp01_baseline | M7: small_300 / Baseline (simple random split) | N7: [CoNLL-2003 + bert-base-uncased] [small_300] Baseline (simple random split) [seed 47] | O7: small_300 / Baseline (simple random split) [s47] | P7: Regular NER with DictaBERT | Q7: 47 | R7: TRUE | S7: 0.62889518 | T7: 0.6 | U7: 0.66071429 | V7: ok | W7: /content/drive/MyDrive/thesis_project/thesis/outputs/exp10_regular/regular_ner_crf_20260807_071449.json | X7: /content/drive/MyDrive/thesis_project/thesis/outputs/exp10_regular/regular_ner_crf_results_20260807_071449.xlsx | Y7: FALSE | Z7: auto | AA7: 69.5
A8: conll2003_bert | B8: CoNLL-2003 + bert-base-uncased | C8: bert-base-uncased | D8: CoNLL-2003 + bert-base-uncased | E8: exp10_regular | F8: Regular NER (BERT-CRF) | G8: small_300 | H8: small_300 | I8: before_exp01_baseline | J8: Baseline (simple random split) | K8: conll2003_bert__small_300__before_exp01_baseline__seed48 | L8: conll2003_bert__small_300__before_exp01_baseline | M8: small_300 / Baseline (simple random split) | N8: [CoNLL-2003 + bert-base-uncased] [small_300] Baseline (simple random split) [seed 48] | O8: small_300 / Baseline (simple random split) [s48] | P8: Regular NER with DictaBERT | Q8: 48 | R8: TRUE | S8: 0.60493827 | T8: 0.56321839 | U8: 0.65333333 | V8: ok | W8: /content/drive/MyDrive/thesis_project/thesis/outputs/exp10_regular/regular_ner_crf_20260807_071558.json | X8: /content/drive/MyDrive/thesis_project/thesis/outputs/exp10_regular/regular_ner_crf_results_20260807_071557.xlsx | Y8: FALSE | Z8: auto | AA8: 109.9
A9: conll2003_bert | B9: CoNLL-2003 + bert-base-uncased | C9: bert-base-uncased | D9: CoNLL-2003 + bert-base-uncased | E9: exp10_regular | F9: Regular NER (BERT-CRF) | G9: small_300 | H9: small_300 | I9: before_exp01_baseline | J9: Baseline (simple random split) | K9: conll2003_bert__small_300__before_exp01_baseline__seed49 | L9: conll2003_bert__small_300__before_exp01_baseline | M9: small_300 / Baseline (simple random split) | N9: [CoNLL-2003 + bert-base-uncased] [small_300] Baseline (simple random split) [seed 49] | O9: small_300 / Baseline (simple random split) [s49] | P9: Regular NER with DictaBERT | Q9: 49 | R9: TRUE | S9: 0.55238095 | T9: 0.52727273 | U9: 0.58 | V9: ok | W9: /content/drive/MyDrive/thesis_project/thesis/outputs/exp10_regular/regular_ner_crf_20260807_071747.json | X9: /content/drive/MyDrive/thesis_project/thesis/outputs/exp10_regular/regular_ner_crf_results_20260807_071747.xlsx | Y9: FALSE | Z9: auto | AA9: 67.5
A10: conll2003_bert | B10: CoNLL-2003 + bert-base-uncased | C10: bert-base-uncased | D10: CoNLL-2003 + bert-base-uncased | E10: exp10_regular | F10: Regular NER (BERT-CRF) | G10: small_300 | H10: small_300 | I10: before_exp01_baseline | J10: Baseline (simple random split) | K10: conll2003_bert__small_300__before_exp01_baseline__seed50 | L10: conll2003_bert__small_300__before_exp01_baseline | M10: small_300 / Baseline (simple random split) | N10: [CoNLL-2003 + bert-base-uncased] [small_300] Baseline (simple random split) [seed 50] | O10: small_300 / Baseline (simple random split) [s50] | P10: Regular NER with DictaBERT | Q10: 50 | R10: TRUE | S10: 0.55319149 | T10: 0.51655629 | U10: 0.59541985 | V10: ok | W10: /content/drive/MyDrive/thesis_project/thesis/outputs/exp10_regular/regular_ner_crf_20260807_071856.json | X10: /content/drive/MyDrive/thesis_project/thesis/outputs/exp10_regular/regular_ner_crf_results_20260807_071856.xlsx | Y10: FALSE | Z10: auto | AA10: 110.1
A11: conll2003_bert | B11: CoNLL-2003 + bert-base-uncased | C11: bert-base-uncased | D11: CoNLL-2003 + bert-base-uncased | E11: exp10_regular | F11: Regular NER (BERT-CRF) | G11: small_300 | H11: small_300 | I11: before_exp01_baseline | J11: Baseline (simple random split) | K11: conll2003_bert__small_300__before_exp01_baseline__seed51 | L11: conll2003_bert__small_300__before_exp01_baseline | M11: small_300 / Baseline (simple random split) | N11: [CoNLL-2003 + bert-base-uncased] [small_300] Baseline (simple random split) [seed 51] | O11: small_300 / Baseline (simple random split) [s51] | P11: Regular NER with DictaBERT | Q11: 51 | R11: TRUE | S11: 0.62987013 | T11: 0.59146341 | U11: 0.67361111 | V11: ok | W11: /content/drive/MyDrive/thesis_project/thesis/outputs/exp10_regular/regular_ner_crf_20260807_072046.json | X11: /content/drive/MyDrive/thesis_project/thesis/outputs/exp10_regular/regular_ner_crf_results_20260807_072045.xlsx | Y11: FALSE | Z11: auto | AA11: 70.4
A12: conll2003_bert | B12: CoNLL-2003 + bert-base-uncased | C12: bert-base-uncased | D12: CoNLL-2003 + bert-base-uncased | E12: exp10_regular | F12: Regular NER (BERT-CRF) | G12: small_300 | H12: small_300 | I12: before_exp01_baseline | J12: Baseline (simple random split) | K12: conll2003_bert__small_300__before_exp01_baseline__seed52 | L12: conll2003_bert__small_300__before_exp01_baseline | M12: small_300 / Baseline (simple random split) | N12: [CoNLL-2003 + bert-base-uncased] [small_300] Baseline (simple random split) [seed 52] | O12: small_300 / Baseline (simple random split) [s52] | P12: Regular NER with DictaBERT | Q12: 52 | R12: TRUE | S12: 0.55270655 | T12: 0.52717391 | U12: 0.58083832 | V12: ok | W12: /content/drive/MyDrive/thesis_project/thesis/outputs/exp10_regular/regular_ner_crf_20260807_072156.json | X12: /content/drive/MyDrive/thesis_project/thesis/outputs/exp10_regular/regular_ner_crf_results_20260807_072155.xlsx | Y12: FALSE | Z12: auto | AA12: 108.3
A13: conll2003_bert | B13: CoNLL-2003 + bert-base-uncased | C13: bert-base-uncased | D13: CoNLL-2003 + bert-base-uncased | E13: exp10_regular | F13: Regular NER (BERT-CRF) | G13: small_300 | H13: small_300 | I13: before_exp01_baseline | J13: Baseline (simple random split) | K13: conll2003_bert__small_300__before_exp01_baseline__seed53 | L13: conll2003_bert__small_300__before_exp01_baseline | M13: small_300 / Baseline (simple random split) | N13: [CoNLL-2003 + bert-base-uncased] [small_300] Baseline (simple random split) [seed 53] | O13: small_300 / Baseline (simple random split) [s53] | P13: Regular NER with DictaBERT | Q13: 53 | R13: TRUE | S13: 0.57605178 | T13: 0.53293413 | U13: 0.62676056 | V13: ok | W13: /content/drive/MyDrive/thesis_project/thesis/outputs/exp10_regular/regular_ner_crf_20260807_072343.json | X13: /content/drive/MyDrive/thesis_project/thesis/outputs/exp10_regular/regular_ner_crf_results_20260807_072343.xlsx | Y13: FALSE | Z13: auto | AA13: 107.7
... A41: conll2003_bert | B41: CoNLL-2003 + bert-base-uncased | C41: bert-base-uncased | D41: CoNLL-2003 + bert-base-uncased | E41: exp10_regular | F41: Regular NER (BERT-CRF) | G41: small_300 | H41: small_300 | I41: after_multilabel_iterative_paper | J41: Multilabel stratified (paper-style) | K41: conll2003_bert__small_300__after_multilabel_iterative_paper__seed61 | L41: conll2003_bert__small_300__after_multilabel_iterative_paper | M41: small_300 / Multilabel stratified (paper-style) | N41: [CoNLL-2003 + bert-base-uncased] [small_300] Multilabel stratified (paper-style) [seed 61] | O41: small_300 / Multilabel stratified (paper-style) [s61] | P41: Paper-style iterative stratification: rarest-label-first with tie-breaks by per-label need, then fold capacity, then random | Q41: 61 | R41: FALSE | S41: 0.60674157 | T41: 0.57754011 | U41: 0.63905325 | V41: ok | W41: /content/drive/MyDrive/thesis_project/thesis/outputs/exp10_regular/regular_ner_crf_20260807_100913.json | X41: /content/drive/MyDrive/thesis_project/thesis/outputs/exp10_regular/regular_ner_crf_results_20260807_100912.xlsx | Y41: FALSE | Z41: auto | AA41: 107
A42: conll2003_bert | B42: CoNLL-2003 + bert-base-uncased | C42: bert-base-uncased | D42: CoNLL-2003 + bert-base-uncased | E42: exp10_cascade | F42: Cascaded Pipeline (CRF + Consistency) | G42: small_300 | H42: small_300 | I42: before_exp01_baseline | J42: Baseline (simple random split) | K42: conll2003_bert__small_300__before_exp01_baseline__seed42 | L42: conll2003_bert__small_300__before_exp01_baseline | M42: small_300 / Baseline (simple random split) | N42: [CoNLL-2003 + bert-base-uncased] [small_300] Baseline (simple random split) [seed 42] | O42: small_300 / Baseline (simple random split) [s42] | P42: Regular NER with DictaBERT | Q42: 42 | R42: TRUE | S42: 0.64748201 | V42: ok_reused_base | W42: /content/drive/MyDrive/thesis_project/thesis/outputs/exp10_cascade/cascaded_pipeline_crf_20260807_070708.json | X42: /content/drive/MyDrive/thesis_project/thesis/outputs/exp10_cascade/cascaded_pipeline_crf_results_20260807_070703.xlsx | Y42: TRUE | Z42: auto | AA42: 0.2
A43: conll2003_bert | B43: CoNLL-2003 + bert-base-uncased | C43: bert-base-uncased | D43: CoNLL-2003 + bert-base-uncased | E43: exp10_cascade | F43: Cascaded Pipeline (CRF + Consistency) | G43: small_300 | H43: small_300 | I43: before_exp01_baseline | J43: Baseline (simple random split) | K43: conll2003_bert__small_300__before_exp01_baseline__seed43 | L43: conll2003_bert__small_300__before_exp01_baseline | M43: small_300 / Baseline (simple random split) | N43: [CoNLL-2003 + bert-base-uncased] [small_300] Baseline (simple random split) [seed 43] | O43: small_300 / Baseline (simple random split) [s43] | P43: Regular NER with DictaBERT | Q43: 43 | R43: TRUE | S43: 0.63722397 | V43: ok_reused_base | W43: /content/drive/MyDrive/thesis_project/thesis/outputs/exp10_cascade/cascaded_pipeline_crf_20260807_070856.json | X43: /content/drive/MyDrive/thesis_project/thesis/outputs/exp10_cascade/cascaded_pipeline_crf_results_20260807_070855.xlsx | Y43: TRUE | Z43: auto | AA43: 0.2
A44: conll2003_bert | B44: CoNLL-2003 + bert-base-uncased | C44: bert-base-uncased | D44: CoNLL-2003 + bert-base-uncased | E44: exp10_cascade | F44: Cascaded Pipeline (CRF + Consistency) | G44: small_300 | H44: small_300 | I44: before_exp01_baseline | J44: Baseline (simple random split) | K44: conll2003_bert__small_300__before_exp01_baseline__seed44 | L44: conll2003_bert__small_300__before_exp01_baseline | M44: small_300 / Baseline (simple random split) | N44: [CoNLL-2003 + bert-base-uncased] [small_300] Baseline (simple random split) [seed 44] | O44: small_300 / Baseline (simple random split) [s44] | P44: Regular NER with DictaBERT | Q44: 44 | R44: TRUE | S44: 0.56426332 | V44: ok_reused_base | W44: /content/drive/MyDrive/thesis_project/thesis/outputs/exp10_cascade/cascaded_pipeline_crf_20260807_071047.json | X44: /content/drive/MyDrive/thesis_project/thesis/outputs/exp10_cascade/cascaded_pipeline_crf_results_20260807_071046.xlsx | Y44: TRUE | Z44: auto | AA44: 0.2
A45: conll2003_bert | B45: CoNLL-2003 + bert-base-uncased | C45: bert-base-uncased | D45: CoNLL-2003 + bert-base-uncased | E45: exp10_cascade | F45: Cascaded Pipeline (CRF + Consistency) | G45: small_300 | H45: small_300 | I45: before_exp01_baseline | J45: Baseline (simple random split) | K45: conll2003_bert__small_300__before_exp01_baseline__seed45 | L45: conll2003_bert__small_300__before_exp01_baseline | M45: small_300 / Baseline (simple random split) | N45: [CoNLL-2003 + bert-base-uncased] [small_300] Baseline (simple random split) [seed 45] | O45: small_300 / Baseline (simple random split) [s45] | P45: Regular NER with DictaBERT | Q45: 45 | R45: TRUE | S45: 0.62626263 | V45: ok_reused_base | W45: /content/drive/MyDrive/thesis_project/thesis/outputs/exp10_cascade/cascaded_pipeline_crf_20260807_071239.json | X45: /content/drive/MyDrive/thesis_project/thesis/outputs/exp10_cascade/cascaded_pipeline_crf_results_20260807_071237.xlsx | Y45: TRUE | Z45: auto | AA45: 0.2
A46: conll2003_bert | B46: CoNLL-2003 + bert-base-uncased | C46: bert-base-uncased | D46: CoNLL-2003 + bert-base-uncased | E46: exp10_cascade | F46: Cascaded Pipeline (CRF + Consistency) | G46: small_300 | H46: small_300 | I46: before_exp01_baseline | J46: Baseline (simple random split) | K46: conll2003_bert__small_300__before_exp01_baseline__seed46 | L46: conll2003_bert__small_300__before_exp01_baseline | M46: small_300 / Baseline (simple random split) | N46: [CoNLL-2003 + bert-base-uncased] [small_300] Baseline (simple random split) [seed 46] | O46: small_300 / Baseline (simple random split) [s46] | P46: Regular NER with DictaBERT | Q46: 46 | R46: TRUE | S46: 0.61538462 | V46: ok_reused_base | W46: /content/drive/MyDrive/thesis_project/thesis/outputs/exp10_cascade/cascaded_pipeline_crf_20260807_071427.json | X46: /content/drive/MyDrive/thesis_project/thesis/outputs/exp10_cascade/cascaded_pipeline_crf_results_20260807_071426.xlsx | Y46: TRUE | Z46: auto | AA46: 0.2
A47: conll2003_bert | B47: CoNLL-2003 + bert-base-uncased | C47: bert-base-uncased | D47: CoNLL-2003 + bert-base-uncased | E47: exp10_cascade | F47: Cascaded Pipeline (CRF + Consistency) | G47: small_300 | H47: small_300 | I47: before_exp01_baseline | J47: Baseline (simple random split) | K47: conll2003_bert__small_300__before_exp01_baseline__seed47 | L47: conll2003_bert__small_300__before_exp01_baseline | M47: small_300 / Baseline (simple random split) | N47: [CoNLL-2003 + bert-base-uncased] [small_300] Baseline (simple random split) [seed 47] | O47: small_300 / Baseline (simple random split) [s47] | P47: Regular NER with DictaBERT | Q47: 47 | R47: TRUE | S47: 0.31404959 | V47: ok_reused_base | W47: /content/drive/MyDrive/thesis_project/thesis/outputs/exp10_cascade/cascaded_pipeline_crf_20260807_071536.json | X47: /content/drive/MyDrive/thesis_project/thesis/outputs/exp10_cascade/cascaded_pipeline_crf_results_20260807_071535.xlsx | Y47: TRUE | Z47: auto | AA47: 0.2
A48: conll2003_bert | B48: CoNLL-2003 + bert-base-uncased | C48: bert-base-uncased | D48: CoNLL-2003 + bert-base-uncased | E48: exp10_cascade | F48: Cascaded Pipeline (CRF + Consistency) | G48: small_300 | H48: small_300 | I48: before_exp01_baseline | J48: Baseline (simple random split) | K48: conll2003_bert__small_300__before_exp01_baseline__seed48 | L48: conll2003_bert__small_300__before_exp01_baseline | M48: small_300 / Baseline (simple random split) | N48: [CoNLL-2003 + bert-base-uncased] [small_300] Baseline (simple random split) [seed 48] | O48: small_300 / Baseline (simple random split) [s48] | P48: Regular NER with DictaBERT | Q48: 48 | R48: TRUE | S48: 0.61442006 | V48: ok_reused_base | W48: /content/drive/MyDrive/thesis_project/thesis/outputs/exp10_cascade/cascaded_pipeline_crf_20260807_071726.json | X48: /content/drive/MyDrive/thesis_project/thesis/outputs/exp10_cascade/cascaded_pipeline_crf_results_20260807_071724.xlsx | Y48: TRUE | Z48: auto | AA48: 0.2
A49: conll2003_bert | B49: CoNLL-2003 + bert-base-uncased | C49: bert-base-uncased | D49: CoNLL-2003 + bert-base-uncased | E49: exp10_cascade | F49: Cascaded Pipeline (CRF + Consistency) | G49: small_300 | H49: small_300 | I49: before_exp01_baseline | J49: Baseline (simple random split) | K49: conll2003_bert__small_300__before_exp01_baseline__seed49 | L49: conll2003_bert__small_300__before_exp01_baseline | M49: small_300 / Baseline (simple random split) | N49: [CoNLL-2003 + bert-base-uncased] [small_300] Baseline (simple random split) [seed 49] | O49: small_300 / Baseline (simple random split) [s49] | P49: Regular NER with DictaBERT | Q49: 49 | R49: TRUE | S49: 0.406639 | V49: ok_reused_base | W49: /content/drive/MyDrive/thesis_project/thesis/outputs/exp10_cascade/cascaded_pipeline_crf_20260807_071833.json | X49: /content/drive/MyDrive/thesis_project/thesis/outputs/exp10_cascade/cascaded_pipeline_crf_results_20260807_071833.xlsx | Y49: TRUE | Z49: auto | AA49: 0.2
A50: conll2003_bert | B50: CoNLL-2003 + bert-base-uncased | C50: bert-base-uncased | D50: CoNLL-2003 + bert-base-uncased | E50: exp10_cascade | F50: Cascaded Pipeline (CRF + Consistency) | G50: small_300 | H50: small_300 | I50: before_exp01_baseline | J50: Baseline (simple random split) | K50: conll2003_bert__small_300__before_exp01_baseline__seed50 | L50: conll2003_bert__small_300__before_exp01_baseline | M50: small_300 / Baseline (simple random split) | N50: [CoNLL-2003 + bert-base-uncased] [small_300] Baseline (simple random split) [seed 50] | O50: small_300 / Baseline (simple random split) [s50] | P50: Regular NER with DictaBERT | Q50: 50 | R50: TRUE | S50: 0.5734767 | V50: ok_reused_base | W50: /content/drive/MyDrive/thesis_project/thesis/outputs/exp10_cascade/cascaded_pipeline_crf_20260807_072024.json | X50: /content/drive/MyDrive/thesis_project/thesis/outputs/exp10_cascade/cascaded_pipeline_crf_results_20260807_072023.xlsx | Y50: TRUE | Z50: auto | AA50: 0.2
A51: conll2003_bert | B51: CoNLL-2003 + bert-base-uncased | C51: bert-base-uncased | D51: CoNLL-2003 + bert-base-uncased | E51: exp10_cascade | F51: Cascaded Pipeline (CRF + Consistency) | G51: small_300 | H51: small_300 | I51: before_exp01_baseline | J51: Baseline (simple random split) | K51: conll2003_bert__small_300__before_exp01_baseline__seed51 | L51: conll2003_bert__small_300__before_exp01_baseline | M51: small_300 / Baseline (simple random split) | N51: [CoNLL-2003 + bert-base-uncased] [small_300] Baseline (simple random split) [seed 51] | O51: small_300 / Baseline (simple random split) [s51] | P51: Regular NER with DictaBERT | Q51: 51 | R51: TRUE | S51: 0.425 | V51: ok_reused_base | W51: /content/drive/MyDrive/thesis_project/thesis/outputs/exp10_cascade/cascaded_pipeline_crf_20260807_072134.json | X51: /content/drive/MyDrive/thesis_project/thesis/outputs/exp10_cascade/cascaded_pipeline_crf_results_20260807_072133.xlsx | Y51: TRUE | Z51: auto | AA51: 0.1
A52: conll2003_bert | B52: CoNLL-2003 + bert-base-uncased | C52: bert-base-uncased | D52: CoNLL-2003 + bert-base-uncased | E52: exp10_cascade | F52: Cascaded Pipeline (CRF + Consistency) | G52: small_300 | H52: small_300 | I52: before_exp01_baseline | J52: Baseline (simple random split) | K52: conll2003_bert__small_300__before_exp01_baseline__seed52 | L52: conll2003_bert__small_300__before_exp01_baseline | M52: small_300 / Baseline (simple random split) | N52: [CoNLL-2003 + bert-base-uncased] [small_300] Baseline (simple random split) [seed 52] | O52: small_300 / Baseline (simple random split) [s52] | P52: Regular NER with DictaBERT | Q52: 52 | R52: TRUE | S52: 0.64880952 | V52: ok_reused_base | W52: /content/drive/MyDrive/thesis_project/thesis/outputs/exp10_cascade/cascaded_pipeline_crf_20260807_072322.json | X52: /content/drive/MyDrive/thesis_project/thesis/outputs/exp10_cascade/cascaded_pipeline_crf_results_20260807_072321.xlsx | Y52: TRUE | Z52: auto | AA52: 0.2
A53: conll2003_bert | B53: CoNLL-2003 + bert-base-uncased | C53: bert-base-uncased | D53: CoNLL-2003 + bert-base-uncased | E53: exp10_cascade | F53: Cascaded Pipeline (CRF + Consistency) | G53: small_300 | H53: small_300 | I53: before_exp01_baseline | J53: Baseline (simple random split) | K53: conll2003_bert__small_300__before_exp01_baseline__seed53 | L53: conll2003_bert__small_300__before_exp01_baseline | M53: small_300 / Baseline (simple random split) | N53: [CoNLL-2003 + bert-base-uncased] [small_300] Baseline (simple random split) [seed 53] | O53: small_300 / Baseline (simple random split) [s53] | P53: Regular NER with DictaBERT | Q53: 53 | R53: TRUE | S53: 0.56862745 | V53: ok_reused_base | W53: /content/drive/MyDrive/thesis_project/thesis/outputs/exp10_cascade/cascaded_pipeline_crf_20260807_072510.json | X53: /content/drive/MyDrive/thesis_project/thesis/outputs/exp10_cascade/cascaded_pipeline_crf_results_20260807_072509.xlsx | Y53: TRUE | Z53: auto | AA53: 0.2
... A81: conll2003_bert | B81: CoNLL-2003 + bert-base-uncased | C81: bert-base-uncased | D81: CoNLL-2003 + bert-base-uncased | E81: exp10_cascade | F81: Cascaded Pipeline (CRF + Consistency) | G81: small_300 | H81: small_300 | I81: after_multilabel_iterative_paper | J81: Multilabel stratified (paper-style) | K81: conll2003_bert__small_300__after_multilabel_iterative_paper__seed61 | L81: conll2003_bert__small_300__after_multilabel_iterative_paper | M81: small_300 / Multilabel stratified (paper-style) | N81: [CoNLL-2003 + bert-base-uncased] [small_300] Multilabel stratified (paper-style) [seed 61] | O81: small_300 / Multilabel stratified (paper-style) [s61] | P81: Paper-style iterative stratification: rarest-label-first with tie-breaks by per-label need, then fold capacity, then random | Q81: 61 | R81: FALSE | S81: 0.64880952 | V81: ok_reused_base | W81: /content/drive/MyDrive/thesis_project/thesis/outputs/exp10_cascade/cascaded_pipeline_crf_20260807_101039.json | X81: /content/drive/MyDrive/thesis_project/thesis/outputs/exp10_cascade/cascaded_pipeline_crf_results_20260807_101038.xlsx | Y81: TRUE | Z81: auto | AA81: 0
A82: conll2003_bert | B82: CoNLL-2003 + bert-base-uncased | C82: bert-base-uncased | D82: CoNLL-2003 + bert-base-uncased | E82: exp10_svm_ready | F82: SVM Router Fusion CRF (Ready) | G82: small_300 | H82: small_300 | I82: before_exp01_baseline | J82: Baseline (simple random split) | K82: conll2003_bert__small_300__before_exp01_baseline__seed42 | L82: conll2003_bert__small_300__before_exp01_baseline | M82: small_300 / Baseline (simple random split) | N82: [CoNLL-2003 + bert-base-uncased] [small_300] Baseline (simple random split) [seed 42] | O82: small_300 / Baseline (simple random split) [s42] | P82: Regular NER with DictaBERT | Q82: 42 | R82: TRUE | S82: 0.6953405 | T82: 0.66438356 | U82: 0.72932331 | V82: ok | W82: /content/drive/MyDrive/thesis_project/thesis/outputs/exp10_svm_ready/fusion_svm_crf_ready_20260807_101049.json | X82: /content/drive/MyDrive/thesis_project/thesis/outputs/exp10_svm_ready/fusion_svm_crf_ready_results_20260807_101046.xlsx | Y82: TRUE | Z82: auto | AA82: 6.3
A83: conll2003_bert | B83: CoNLL-2003 + bert-base-uncased | C83: bert-base-uncased | D83: CoNLL-2003 + bert-base-uncased | E83: exp10_svm_ready | F83: SVM Router Fusion CRF (Ready) | G83: small_300 | H83: small_300 | I83: before_exp01_baseline | J83: Baseline (simple random split) | K83: conll2003_bert__small_300__before_exp01_baseline__seed43 | L83: conll2003_bert__small_300__before_exp01_baseline | M83: small_300 / Baseline (simple random split) | N83: [CoNLL-2003 + bert-base-uncased] [small_300] Baseline (simple random split) [seed 43] | O83: small_300 / Baseline (simple random split) [s43] | P83: Regular NER with DictaBERT | Q83: 43 | R83: TRUE | S83: 0.71028037 | T83: 0.67857143 | U83: 0.74509804 | V83: ok | W83: /content/drive/MyDrive/thesis_project/thesis/outputs/exp10_svm_ready/fusion_svm_crf_ready_20260807_101053.json | X83: /content/drive/MyDrive/thesis_project/thesis/outputs/exp10_svm_ready/fusion_svm_crf_ready_results_20260807_101052.xlsx | Y83: TRUE | Z83: auto | AA83: 3.3
A84: conll2003_bert | B84: CoNLL-2003 + bert-base-uncased | C84: bert-base-uncased | D84: CoNLL-2003 + bert-base-uncased | E84: exp10_svm_ready | F84: SVM Router Fusion CRF (Ready) | G84: small_300 | H84: small_300 | I84: before_exp01_baseline | J84: Baseline (simple random split) | K84: conll2003_bert__small_300__before_exp01_baseline__seed44 | L84: conll2003_bert__small_300__before_exp01_baseline | M84: small_300 / Baseline (simple random split) | N84: [CoNLL-2003 + bert-base-uncased] [small_300] Baseline (simple random split) [seed 44] | O84: small_300 / Baseline (simple random split) [s44] | P84: Regular NER with DictaBERT | Q84: 44 | R84: TRUE | S84: 0.64556962 | T84: 0.61818182 | U84: 0.67549669 | V84: ok | W84: /content/drive/MyDrive/thesis_project/thesis/outputs/exp10_svm_ready/fusion_svm_crf_ready_20260807_101055.json | X84: /content/drive/MyDrive/thesis_project/thesis/outputs/exp10_svm_ready/fusion_svm_crf_ready_results_20260807_101054.xlsx | Y84: TRUE | Z84: auto | AA84: 2
A85: conll2003_bert | B85: CoNLL-2003 + bert-base-uncased | C85: bert-base-uncased | D85: CoNLL-2003 + bert-base-uncased | E85: exp10_svm_ready | F85: SVM Router Fusion CRF (Ready) | G85: small_300 | H85: small_300 | I85: before_exp01_baseline | J85: Baseline (simple random split) | K85: conll2003_bert__small_300__before_exp01_baseline__seed45 | L85: conll2003_bert__small_300__before_exp01_baseline | M85: small_300 / Baseline (simple random split) | N85: [CoNLL-2003 + bert-base-uncased] [small_300] Baseline (simple random split) [seed 45] | O85: small_300 / Baseline (simple random split) [s45] | P85: Regular NER with DictaBERT | Q85: 45 | R85: TRUE | S85: 0.66666667 | T85: 0.64150943 | U85: 0.69387755 | V85: ok | W85: /content/drive/MyDrive/thesis_project/thesis/outputs/exp10_svm_ready/fusion_svm_crf_ready_20260807_101057.json | X85: /content/drive/MyDrive/thesis_project/thesis/outputs/exp10_svm_ready/fusion_svm_crf_ready_results_20260807_101056.xlsx | Y85: TRUE | Z85: auto | AA85: 2.3
A86: conll2003_bert | B86: CoNLL-2003 + bert-base-uncased | C86: bert-base-uncased | D86: CoNLL-2003 + bert-base-uncased | E86: exp10_svm_ready | F86: SVM Router Fusion CRF (Ready) | G86: small_300 | H86: small_300 | I86: before_exp01_baseline | J86: Baseline (simple random split) | K86: conll2003_bert__small_300__before_exp01_baseline__seed46 | L86: conll2003_bert__small_300__before_exp01_baseline | M86: small_300 / Baseline (simple random split) | N86: [CoNLL-2003 + bert-base-uncased] [small_300] Baseline (simple random split) [seed 46] | O86: small_300 / Baseline (simple random split) [s46] | P86: Regular NER with DictaBERT | Q86: 46 | R86: TRUE | S86: 0.69117647 | T86: 0.67142857 | U86: 0.71212121 | V86: ok | W86: /content/drive/MyDrive/thesis_project/thesis/outputs/exp10_svm_ready/fusion_svm_crf_ready_20260807_101059.json | X86: /content/drive/MyDrive/thesis_project/thesis/outputs/exp10_svm_ready/fusion_svm_crf_ready_results_20260807_101058.xlsx | Y86: TRUE | Z86: auto | AA86: 1.8
A87: conll2003_bert | B87: CoNLL-2003 + bert-base-uncased | C87: bert-base-uncased | D87: CoNLL-2003 + bert-base-uncased | E87: exp10_svm_ready | F87: SVM Router Fusion CRF (Ready) | G87: small_300 | H87: small_300 | I87: before_exp01_baseline | J87: Baseline (simple random split) | K87: conll2003_bert__small_300__before_exp01_baseline__seed47 | L87: conll2003_bert__small_300__before_exp01_baseline | M87: small_300 / Baseline (simple random split) | N87: [CoNLL-2003 + bert-base-uncased] [small_300] Baseline (simple random split) [seed 47] | O87: small_300 / Baseline (simple random split) [s47] | P87: Regular NER with DictaBERT | Q87: 47 | R87: TRUE | S87: 0.6626506 | T87: 0.67073171 | U87: 0.6547619 | V87: ok | W87: /content/drive/MyDrive/thesis_project/thesis/outputs/exp10_svm_ready/fusion_svm_crf_ready_20260807_101101.json | X87: /content/drive/MyDrive/thesis_project/thesis/outputs/exp10_svm_ready/fusion_svm_crf_ready_results_20260807_101100.xlsx | Y87: TRUE | Z87: auto | AA87: 1.9
A88: conll2003_bert | B88: CoNLL-2003 + bert-base-uncased | C88: bert-base-uncased | D88: CoNLL-2003 + bert-base-uncased | E88: exp10_svm_ready | F88: SVM Router Fusion CRF (Ready) | G88: small_300 | H88: small_300 | I88: before_exp01_baseline | J88: Baseline (simple random split) | K88: conll2003_bert__small_300__before_exp01_baseline__seed48 | L88: conll2003_bert__small_300__before_exp01_baseline | M88: small_300 / Baseline (simple random split) | N88: [CoNLL-2003 + bert-base-uncased] [small_300] Baseline (simple random split) [seed 48] | O88: small_300 / Baseline (simple random split) [s48] | P88: Regular NER with DictaBERT | Q88: 48 | R88: TRUE | S88: 0.64174455 | T88: 0.60233918 | U88: 0.68666667 | V88: ok | W88: /content/drive/MyDrive/thesis_project/thesis/outputs/exp10_svm_ready/fusion_svm_crf_ready_20260807_101103.json | X88: /content/drive/MyDrive/thesis_project/thesis/outputs/exp10_svm_ready/fusion_svm_crf_ready_results_20260807_101102.xlsx | Y88: TRUE | Z88: auto | AA88: 2.3
A89: conll2003_bert | B89: CoNLL-2003 + bert-base-uncased | C89: bert-base-uncased | D89: CoNLL-2003 + bert-base-uncased | E89: exp10_svm_ready | F89: SVM Router Fusion CRF (Ready) | G89: small_300 | H89: small_300 | I89: before_exp01_baseline | J89: Baseline (simple random split) | K89: conll2003_bert__small_300__before_exp01_baseline__seed49 | L89: conll2003_bert__small_300__before_exp01_baseline | M89: small_300 / Baseline (simple random split) | N89: [CoNLL-2003 + bert-base-uncased] [small_300] Baseline (simple random split) [seed 49] | O89: small_300 / Baseline (simple random split) [s49] | P89: Regular NER with DictaBERT | Q89: 49 | R89: TRUE | S89: 0.56164384 | T89: 0.57746479 | U89: 0.54666667 | V89: ok | W89: /content/drive/MyDrive/thesis_project/thesis/outputs/exp10_svm_ready/fusion_svm_crf_ready_20260807_101106.json | X89: /content/drive/MyDrive/thesis_project/thesis/outputs/exp10_svm_ready/fusion_svm_crf_ready_results_20260807_101105.xlsx | Y89: TRUE | Z89: auto | AA89: 2.8
A90: conll2003_bert | B90: CoNLL-2003 + bert-base-uncased | C90: bert-base-uncased | D90: CoNLL-2003 + bert-base-uncased | E90: exp10_svm_ready | F90: SVM Router Fusion CRF (Ready) | G90: small_300 | H90: small_300 | I90: before_exp01_baseline | J90: Baseline (simple random split) | K90: conll2003_bert__small_300__before_exp01_baseline__seed50 | L90: conll2003_bert__small_300__before_exp01_baseline | M90: small_300 / Baseline (simple random split) | N90: [CoNLL-2003 + bert-base-uncased] [small_300] Baseline (simple random split) [seed 50] | O90: small_300 / Baseline (simple random split) [s50] | P90: Regular NER with DictaBERT | Q90: 50 | R90: TRUE | S90: 0.63003663 | T90: 0.6056338 | U90: 0.65648855 | V90: ok | W90: /content/drive/MyDrive/thesis_project/thesis/outputs/exp10_svm_ready/fusion_svm_crf_ready_20260807_101108.json | X90: /content/drive/MyDrive/thesis_project/thesis/outputs/exp10_svm_ready/fusion_svm_crf_ready_results_20260807_101107.xlsx | Y90: TRUE | Z90: auto | AA90: 2.5
A91: conll2003_bert | B91: CoNLL-2003 + bert-base-uncased | C91: bert-base-uncased | D91: CoNLL-2003 + bert-base-uncased | E91: exp10_svm_ready | F91: SVM Router Fusion CRF (Ready) | G91: small_300 | H91: small_300 | I91: before_exp01_baseline | J91: Baseline (simple random split) | K91: conll2003_bert__small_300__before_exp01_baseline__seed51 | L91: conll2003_bert__small_300__before_exp01_baseline | M91: small_300 / Baseline (simple random split) | N91: [CoNLL-2003 + bert-base-uncased] [small_300] Baseline (simple random split) [seed 51] | O91: small_300 / Baseline (simple random split) [s51] | P91: Regular NER with DictaBERT | Q91: 51 | R91: TRUE | S91: 0.61591696 | T91: 0.6137931 | U91: 0.61805556 | V91: ok | W91: /content/drive/MyDrive/thesis_project/thesis/outputs/exp10_svm_ready/fusion_svm_crf_ready_20260807_101110.json | X91: /content/drive/MyDrive/thesis_project/thesis/outputs/exp10_svm_ready/fusion_svm_crf_ready_results_20260807_101110.xlsx | Y91: TRUE | Z91: auto | AA91: 2
A92: conll2003_bert | B92: CoNLL-2003 + bert-base-uncased | C92: bert-base-uncased | D92: CoNLL-2003 + bert-base-uncased | E92: exp10_svm_ready | F92: SVM Router Fusion CRF (Ready) | G92: small_300 | H92: small_300 | I92: before_exp01_baseline | J92: Baseline (simple random split) | K92: conll2003_bert__small_300__before_exp01_baseline__seed52 | L92: conll2003_bert__small_300__before_exp01_baseline | M92: small_300 / Baseline (simple random split) | N92: [CoNLL-2003 + bert-base-uncased] [small_300] Baseline (simple random split) [seed 52] | O92: small_300 / Baseline (simple random split) [s52] | P92: Regular NER with DictaBERT | Q92: 52 | R92: TRUE | S92: 0.67256637 | T92: 0.6627907 | U92: 0.68263473 | V92: ok | W92: /content/drive/MyDrive/thesis_project/thesis/outputs/exp10_svm_ready/fusion_svm_crf_ready_20260807_101112.json | X92: /content/drive/MyDrive/thesis_project/thesis/outputs/exp10_svm_ready/fusion_svm_crf_ready_results_20260807_101112.xlsx | Y92: TRUE | Z92: auto | AA92: 1.9
A93: conll2003_bert | B93: CoNLL-2003 + bert-base-uncased | C93: bert-base-uncased | D93: CoNLL-2003 + bert-base-uncased | E93: exp10_svm_ready | F93: SVM Router Fusion CRF (Ready) | G93: small_300 | H93: small_300 | I93: before_exp01_baseline | J93: Baseline (simple random split) | K93: conll2003_bert__small_300__before_exp01_baseline__seed53 | L93: conll2003_bert__small_300__before_exp01_baseline | M93: small_300 / Baseline (simple random split) | N93: [CoNLL-2003 + bert-base-uncased] [small_300] Baseline (simple random split) [seed 53] | O93: small_300 / Baseline (simple random split) [s53] | P93: Regular NER with DictaBERT | Q93: 53 | R93: TRUE | S93: 0.59546926 | T93: 0.5508982 | U93: 0.64788732 | V93: ok | W93: /content/drive/MyDrive/thesis_project/thesis/outputs/exp10_svm_ready/fusion_svm_crf_ready_20260807_101115.json | X93: /content/drive/MyDrive/thesis_project/thesis/outputs/exp10_svm_ready/fusion_svm_crf_ready_results_20260807_101114.xlsx | Y93: TRUE | Z93: auto | AA93: 2.1
... A161: nemo_dictabert | B161: NEMO + DictaBERT | C161: dicta-il/dictabert | D161: NEMO + DictaBERT | E161: exp10_regular | F161: Regular NER (BERT-CRF) | G161: small_300 | H161: small_300 | I161: after_multilabel_iterative_paper | J161: Multilabel stratified (paper-style) | K161: nemo_dictabert__small_300__after_multilabel_iterative_paper__seed61 | L161: nemo_dictabert__small_300__after_multilabel_iterative_paper | M161: small_300 / Multilabel stratified (paper-style) | N161: [NEMO + DictaBERT] [small_300] Multilabel stratified (paper-style) [seed 61] | O161: small_300 / Multilabel stratified (paper-style) [s61] | P161: Paper-style iterative stratification: rarest-label-first with tie-breaks by per-label need, then fold capacity, then random | Q161: 61 | R161: FALSE | S161: 0.58986175 | T161: 0.58715596 | U161: 0.59259259 | V161: ok | W161: /content/drive/MyDrive/thesis_project/thesis/outputs/exp10_regular/regular_ner_crf_20260807_110358.json | X161: /content/drive/MyDrive/thesis_project/thesis/outputs/exp10_regular/regular_ner_crf_results_20260807_110357.xlsx | Y161: FALSE | Z161: auto | AA161: 78
A162: nemo_dictabert | B162: NEMO + DictaBERT | C162: dicta-il/dictabert | D162: NEMO + DictaBERT | E162: exp10_cascade | F162: Cascaded Pipeline (CRF + Consistency) | G162: small_300 | H162: small_300 | I162: before_exp01_baseline | J162: Baseline (simple random split) | K162: nemo_dictabert__small_300__before_exp01_baseline__seed42 | L162: nemo_dictabert__small_300__before_exp01_baseline | M162: small_300 / Baseline (simple random split) | N162: [NEMO + DictaBERT] [small_300] Baseline (simple random split) [seed 42] | O162: small_300 / Baseline (simple random split) [s42] | P162: Regular NER with DictaBERT | Q162: 42 | R162: TRUE | S162: 0.23255814 | V162: ok_reused_base | W162: /content/drive/MyDrive/thesis_project/thesis/outputs/exp10_cascade/cascaded_pipeline_crf_20260807_101341.json | X162: /content/drive/MyDrive/thesis_project/thesis/outputs/exp10_cascade/cascaded_pipeline_crf_results_20260807_101339.xlsx | Y162: TRUE | Z162: auto | AA162: 0
A163: nemo_dictabert | B163: NEMO + DictaBERT | C163: dicta-il/dictabert | D163: NEMO + DictaBERT | E163: exp10_cascade | F163: Cascaded Pipeline (CRF + Consistency) | G163: small_300 | H163: small_300 | I163: before_exp01_baseline | J163: Baseline (simple random split) | K163: nemo_dictabert__small_300__before_exp01_baseline__seed43 | L163: nemo_dictabert__small_300__before_exp01_baseline | M163: small_300 / Baseline (simple random split) | N163: [NEMO + DictaBERT] [small_300] Baseline (simple random split) [seed 43] | O163: small_300 / Baseline (simple random split) [s43] | P163: Regular NER with DictaBERT | Q163: 43 | R163: TRUE | S163: 0.19512195 | V163: ok_reused_base | W163: /content/drive/MyDrive/thesis_project/thesis/outputs/exp10_cascade/cascaded_pipeline_crf_20260807_101501.json | X163: /content/drive/MyDrive/thesis_project/thesis/outputs/exp10_cascade/cascaded_pipeline_crf_results_20260807_101500.xlsx | Y163: TRUE | Z163: auto | AA163: 0
A164: nemo_dictabert | B164: NEMO + DictaBERT | C164: dicta-il/dictabert | D164: NEMO + DictaBERT | E164: exp10_cascade | F164: Cascaded Pipeline (CRF + Consistency) | G164: small_300 | H164: small_300 | I164: before_exp01_baseline | J164: Baseline (simple random split) | K164: nemo_dictabert__small_300__before_exp01_baseline__seed44 | L164: nemo_dictabert__small_300__before_exp01_baseline | M164: small_300 / Baseline (simple random split) | N164: [NEMO + DictaBERT] [small_300] Baseline (simple random split) [seed 44] | O164: small_300 / Baseline (simple random split) [s44] | P164: Regular NER with DictaBERT | Q164: 44 | R164: TRUE | S164: 0.19047619 | V164: ok_reused_base | W164: /content/drive/MyDrive/thesis_project/thesis/outputs/exp10_cascade/cascaded_pipeline_crf_20260807_101621.json | X164: /content/drive/MyDrive/thesis_project/thesis/outputs/exp10_cascade/cascaded_pipeline_crf_results_20260807_101620.xlsx | Y164: TRUE | Z164: auto | AA164: 0
A165: nemo_dictabert | B165: NEMO + DictaBERT | C165: dicta-il/dictabert | D165: NEMO + DictaBERT | E165: exp10_cascade | F165: Cascaded Pipeline (CRF + Consistency) | G165: small_300 | H165: small_300 | I165: before_exp01_baseline | J165: Baseline (simple random split) | K165: nemo_dictabert__small_300__before_exp01_baseline__seed45 | L165: nemo_dictabert__small_300__before_exp01_baseline | M165: small_300 / Baseline (simple random split) | N165: [NEMO + DictaBERT] [small_300] Baseline (simple random split) [seed 45] | O165: small_300 / Baseline (simple random split) [s45] | P165: Regular NER with DictaBERT | Q165: 45 | R165: TRUE | S165: 0 | V165: ok_reused_base | W165: /content/drive/MyDrive/thesis_project/thesis/outputs/exp10_cascade/cascaded_pipeline_crf_20260807_101741.json | X165: /content/drive/MyDrive/thesis_project/thesis/outputs/exp10_cascade/cascaded_pipeline_crf_results_20260807_101740.xlsx | Y165: TRUE | Z165: auto | AA165: 0
A166: nemo_dictabert | B166: NEMO + DictaBERT | C166: dicta-il/dictabert | D166: NEMO + DictaBERT | E166: exp10_cascade | F166: Cascaded Pipeline (CRF + Consistency) | G166: small_300 | H166: small_300 | I166: before_exp01_baseline | J166: Baseline (simple random split) | K166: nemo_dictabert__small_300__before_exp01_baseline__seed46 | L166: nemo_dictabert__small_300__before_exp01_baseline | M166: small_300 / Baseline (simple random split) | N166: [NEMO + DictaBERT] [small_300] Baseline (simple random split) [seed 46] | O166: small_300 / Baseline (simple random split) [s46] | P166: Regular NER with DictaBERT | Q166: 46 | R166: TRUE | S166: 0 | V166: ok_reused_base | W166: /content/drive/MyDrive/thesis_project/thesis/outputs/exp10_cascade/cascaded_pipeline_crf_20260807_101859.json | X166: /content/drive/MyDrive/thesis_project/thesis/outputs/exp10_cascade/cascaded_pipeline_crf_results_20260807_101858.xlsx | Y166: TRUE | Z166: auto | AA166: 0
A167: nemo_dictabert | B167: NEMO + DictaBERT | C167: dicta-il/dictabert | D167: NEMO + DictaBERT | E167: exp10_cascade | F167: Cascaded Pipeline (CRF + Consistency) | G167: small_300 | H167: small_300 | I167: before_exp01_baseline | J167: Baseline (simple random split) | K167: nemo_dictabert__small_300__before_exp01_baseline__seed47 | L167: nemo_dictabert__small_300__before_exp01_baseline | M167: small_300 / Baseline (simple random split) | N167: [NEMO + DictaBERT] [small_300] Baseline (simple random split) [seed 47] | O167: small_300 / Baseline (simple random split) [s47] | P167: Regular NER with DictaBERT | Q167: 47 | R167: TRUE | S167: 0.26666667 | V167: ok_reused_base | W167: /content/drive/MyDrive/thesis_project/thesis/outputs/exp10_cascade/cascaded_pipeline_crf_20260807_102019.json | X167: /content/drive/MyDrive/thesis_project/thesis/outputs/exp10_cascade/cascaded_pipeline_crf_results_20260807_102018.xlsx | Y167: TRUE | Z167: auto | AA167: 0
A168: nemo_dictabert | B168: NEMO + DictaBERT | C168: dicta-il/dictabert | D168: NEMO + DictaBERT | E168: exp10_cascade | F168: Cascaded Pipeline (CRF + Consistency) | G168: small_300 | H168: small_300 | I168: before_exp01_baseline | J168: Baseline (simple random split) | K168: nemo_dictabert__small_300__before_exp01_baseline__seed48 | L168: nemo_dictabert__small_300__before_exp01_baseline | M168: small_300 / Baseline (simple random split) | N168: [NEMO + DictaBERT] [small_300] Baseline (simple random split) [seed 48] | O168: small_300 / Baseline (simple random split) [s48] | P168: Regular NER with DictaBERT | Q168: 48 | R168: TRUE | S168: 0.34482759 | V168: ok_reused_base | W168: /content/drive/MyDrive/thesis_project/thesis/outputs/exp10_cascade/cascaded_pipeline_crf_20260807_102139.json | X168: /content/drive/MyDrive/thesis_project/thesis/outputs/exp10_cascade/cascaded_pipeline_crf_results_20260807_102138.xlsx | Y168: TRUE | Z168: auto | AA168: 0
A169: nemo_dictabert | B169: NEMO + DictaBERT | C169: dicta-il/dictabert | D169: NEMO + DictaBERT | E169: exp10_cascade | F169: Cascaded Pipeline (CRF + Consistency) | G169: small_300 | H169: small_300 | I169: before_exp01_baseline | J169: Baseline (simple random split) | K169: nemo_dictabert__small_300__before_exp01_baseline__seed49 | L169: nemo_dictabert__small_300__before_exp01_baseline | M169: small_300 / Baseline (simple random split) | N169: [NEMO + DictaBERT] [small_300] Baseline (simple random split) [seed 49] | O169: small_300 / Baseline (simple random split) [s49] | P169: Regular NER with DictaBERT | Q169: 49 | R169: TRUE | S169: 0.2 | V169: ok_reused_base | W169: /content/drive/MyDrive/thesis_project/thesis/outputs/exp10_cascade/cascaded_pipeline_crf_20260807_102258.json | X169: /content/drive/MyDrive/thesis_project/thesis/outputs/exp10_cascade/cascaded_pipeline_crf_results_20260807_102256.xlsx | Y169: TRUE | Z169: auto | AA169: 0
A170: nemo_dictabert | B170: NEMO + DictaBERT | C170: dicta-il/dictabert | D170: NEMO + DictaBERT | E170: exp10_cascade | F170: Cascaded Pipeline (CRF + Consistency) | G170: small_300 | H170: small_300 | I170: before_exp01_baseline | J170: Baseline (simple random split) | K170: nemo_dictabert__small_300__before_exp01_baseline__seed50 | L170: nemo_dictabert__small_300__before_exp01_baseline | M170: small_300 / Baseline (simple random split) | N170: [NEMO + DictaBERT] [small_300] Baseline (simple random split) [seed 50] | O170: small_300 / Baseline (simple random split) [s50] | P170: Regular NER with DictaBERT | Q170: 50 | R170: TRUE | S170: 0.081632653 | V170: ok_reused_base | W170: /content/drive/MyDrive/thesis_project/thesis/outputs/exp10_cascade/cascaded_pipeline_crf_20260807_102418.json | X170: /content/drive/MyDrive/thesis_project/thesis/outputs/exp10_cascade/cascaded_pipeline_crf_results_20260807_102417.xlsx | Y170: TRUE | Z170: auto | AA170: 0
A171: nemo_dictabert | B171: NEMO + DictaBERT | C171: dicta-il/dictabert | D171: NEMO + DictaBERT | E171: exp10_cascade | F171: Cascaded Pipeline (CRF + Consistency) | G171: small_300 | H171: small_300 | I171: before_exp01_baseline | J171: Baseline (simple random split) | K171: nemo_dictabert__small_300__before_exp01_baseline__seed51 | L171: nemo_dictabert__small_300__before_exp01_baseline | M171: small_300 / Baseline (simple random split) | N171: [NEMO + DictaBERT] [small_300] Baseline (simple random split) [seed 51] | O171: small_300 / Baseline (simple random split) [s51] | P171: Regular NER with DictaBERT | Q171: 51 | R171: TRUE | S171: 0.081632653 | V171: ok_reused_base | W171: /content/drive/MyDrive/thesis_project/thesis/outputs/exp10_cascade/cascaded_pipeline_crf_20260807_102538.json | X171: /content/drive/MyDrive/thesis_project/thesis/outputs/exp10_cascade/cascaded_pipeline_crf_results_20260807_102537.xlsx | Y171: TRUE | Z171: auto | AA171: 0
A172: nemo_dictabert | B172: NEMO + DictaBERT | C172: dicta-il/dictabert | D172: NEMO + DictaBERT | E172: exp10_cascade | F172: Cascaded Pipeline (CRF + Consistency) | G172: small_300 | H172: small_300 | I172: before_exp01_baseline | J172: Baseline (simple random split) | K172: nemo_dictabert__small_300__before_exp01_baseline__seed52 | L172: nemo_dictabert__small_300__before_exp01_baseline | M172: small_300 / Baseline (simple random split) | N172: [NEMO + DictaBERT] [small_300] Baseline (simple random split) [seed 52] | O172: small_300 / Baseline (simple random split) [s52] | P172: Regular NER with DictaBERT | Q172: 52 | R172: TRUE | S172: 0.088888889 | V172: ok_reused_base | W172: /content/drive/MyDrive/thesis_project/thesis/outputs/exp10_cascade/cascaded_pipeline_crf_20260807_102657.json | X172: /content/drive/MyDrive/thesis_project/thesis/outputs/exp10_cascade/cascaded_pipeline_crf_results_20260807_102655.xlsx | Y172: TRUE | Z172: auto | AA172: 0
A173: nemo_dictabert | B173: NEMO + DictaBERT | C173: dicta-il/dictabert | D173: NEMO + DictaBERT | E173: exp10_cascade | F173: Cascaded Pipeline (CRF + Consistency) | G173: small_300 | H173: small_300 | I173: before_exp01_baseline | J173: Baseline (simple random split) | K173: nemo_dictabert__small_300__before_exp01_baseline__seed53 | L173: nemo_dictabert__small_300__before_exp01_baseline | M173: small_300 / Baseline (simple random split) | N173: [NEMO + DictaBERT] [small_300] Baseline (simple random split) [seed 53] | O173: small_300 / Baseline (simple random split) [s53] | P173: Regular NER with DictaBERT | Q173: 53 | R173: TRUE | S173: 0.29508197 | V173: ok_reused_base | W173: /content/drive/MyDrive/thesis_project/thesis/outputs/exp10_cascade/cascaded_pipeline_crf_20260807_102816.json | X173: /content/drive/MyDrive/thesis_project/thesis/outputs/exp10_cascade/cascaded_pipeline_crf_results_20260807_102815.xlsx | Y173: TRUE | Z173: auto | AA173: 0
... A201: nemo_dictabert | B201: NEMO + DictaBERT | C201: dicta-il/dictabert | D201: NEMO + DictaBERT | E201: exp10_cascade | F201: Cascaded Pipeline (CRF + Consistency) | G201: small_300 | H201: small_300 | I201: after_multilabel_iterative_paper | J201: Multilabel stratified (paper-style) | K201: nemo_dictabert__small_300__after_multilabel_iterative_paper__seed61 | L201: nemo_dictabert__small_300__after_multilabel_iterative_paper | M201: small_300 / Multilabel stratified (paper-style) | N201: [NEMO + DictaBERT] [small_300] Multilabel stratified (paper-style) [seed 61] | O201: small_300 / Multilabel stratified (paper-style) [s61] | P201: Paper-style iterative stratification: rarest-label-first with tie-breaks by per-label need, then fold capacity, then random | Q201: 61 | R201: FALSE | S201: 0.043478261 | V201: ok_reused_base | W201: /content/drive/MyDrive/thesis_project/thesis/outputs/exp10_cascade/cascaded_pipeline_crf_20260807_110451.json | X201: /content/drive/MyDrive/thesis_project/thesis/outputs/exp10_cascade/cascaded_pipeline_crf_results_20260807_110449.xlsx | Y201: TRUE | Z201: auto | AA201: 0
A202: nemo_dictabert | B202: NEMO + DictaBERT | C202: dicta-il/dictabert | D202: NEMO + DictaBERT | E202: exp10_svm_ready | F202: SVM Router Fusion CRF (Ready) | G202: small_300 | H202: small_300 | I202: before_exp01_baseline | J202: Baseline (simple random split) | K202: nemo_dictabert__small_300__before_exp01_baseline__seed42 | L202: nemo_dictabert__small_300__before_exp01_baseline | M202: small_300 / Baseline (simple random split) | N202: [NEMO + DictaBERT] [small_300] Baseline (simple random split) [seed 42] | O202: small_300 / Baseline (simple random split) [s42] | P202: Regular NER with DictaBERT | Q202: 42 | R202: TRUE | S202: 0.60335196 | T202: 0.75 | U202: 0.5046729 | V202: ok | W202: /content/drive/MyDrive/thesis_project/thesis/outputs/exp10_svm_ready/fusion_svm_crf_ready_20260807_110454.json | X202: /content/drive/MyDrive/thesis_project/thesis/outputs/exp10_svm_ready/fusion_svm_crf_ready_results_20260807_110453.xlsx | Y202: TRUE | Z202: auto | AA202: 2.4
A203: nemo_dictabert | B203: NEMO + DictaBERT | C203: dicta-il/dictabert | D203: NEMO + DictaBERT | E203: exp10_svm_ready | F203: SVM Router Fusion CRF (Ready) | G203: small_300 | H203: small_300 | I203: before_exp01_baseline | J203: Baseline (simple random split) | K203: nemo_dictabert__small_300__before_exp01_baseline__seed43 | L203: nemo_dictabert__small_300__before_exp01_baseline | M203: small_300 / Baseline (simple random split) | N203: [NEMO + DictaBERT] [small_300] Baseline (simple random split) [seed 43] | O203: small_300 / Baseline (simple random split) [s43] | P203: Regular NER with DictaBERT | Q203: 43 | R203: TRUE | S203: 0.58604651 | T203: 0.63636364 | U203: 0.54310345 | V203: ok | W203: /content/drive/MyDrive/thesis_project/thesis/outputs/exp10_svm_ready/fusion_svm_crf_ready_20260807_110457.json | X203: /content/drive/MyDrive/thesis_project/thesis/outputs/exp10_svm_ready/fusion_svm_crf_ready_results_20260807_110456.xlsx | Y203: TRUE | Z203: auto | AA203: 2.4
A204: nemo_dictabert | B204: NEMO + DictaBERT | C204: dicta-il/dictabert | D204: NEMO + DictaBERT | E204: exp10_svm_ready | F204: SVM Router Fusion CRF (Ready) | G204: small_300 | H204: small_300 | I204: before_exp01_baseline | J204: Baseline (simple random split) | K204: nemo_dictabert__small_300__before_exp01_baseline__seed44 | L204: nemo_dictabert__small_300__before_exp01_baseline | M204: small_300 / Baseline (simple random split) | N204: [NEMO + DictaBERT] [small_300] Baseline (simple random split) [seed 44] | O204: small_300 / Baseline (simple random split) [s44] | P204: Regular NER with DictaBERT | Q204: 44 | R204: TRUE | S204: 0.62711864 | T204: 0.69811321 | U204: 0.56923077 | V204: ok | W204: /content/drive/MyDrive/thesis_project/thesis/outputs/exp10_svm_ready/fusion_svm_crf_ready_20260807_110500.json | X204: /content/drive/MyDrive/thesis_project/thesis/outputs/exp10_svm_ready/fusion_svm_crf_ready_results_20260807_110459.xlsx | Y204: TRUE | Z204: auto | AA204: 3.4
A205: nemo_dictabert | B205: NEMO + DictaBERT | C205: dicta-il/dictabert | D205: NEMO + DictaBERT | E205: exp10_svm_ready | F205: SVM Router Fusion CRF (Ready) | G205: small_300 | H205: small_300 | I205: before_exp01_baseline | J205: Baseline (simple random split) | K205: nemo_dictabert__small_300__before_exp01_baseline__seed45 | L205: nemo_dictabert__small_300__before_exp01_baseline | M205: small_300 / Baseline (simple random split) | N205: [NEMO + DictaBERT] [small_300] Baseline (simple random split) [seed 45] | O205: small_300 / Baseline (simple random split) [s45] | P205: Regular NER with DictaBERT | Q205: 45 | R205: TRUE | S205: 0.65900383 | T205: 0.671875 | U205: 0.64661654 | V205: ok | W205: /content/drive/MyDrive/thesis_project/thesis/outputs/exp10_svm_ready/fusion_svm_crf_ready_20260807_110502.json | X205: /content/drive/MyDrive/thesis_project/thesis/outputs/exp10_svm_ready/fusion_svm_crf_ready_results_20260807_110501.xlsx | Y205: TRUE | Z205: auto | AA205: 1.9
A206: nemo_dictabert | B206: NEMO + DictaBERT | C206: dicta-il/dictabert | D206: NEMO + DictaBERT | E206: exp10_svm_ready | F206: SVM Router Fusion CRF (Ready) | G206: small_300 | H206: small_300 | I206: before_exp01_baseline | J206: Baseline (simple random split) | K206: nemo_dictabert__small_300__before_exp01_baseline__seed46 | L206: nemo_dictabert__small_300__before_exp01_baseline | M206: small_300 / Baseline (simple random split) | N206: [NEMO + DictaBERT] [small_300] Baseline (simple random split) [seed 46] | O206: small_300 / Baseline (simple random split) [s46] | P206: Regular NER with DictaBERT | Q206: 46 | R206: TRUE | S206: 0.57992565 | T206: 0.61904762 | U206: 0.54545455 | V206: ok | W206: /content/drive/MyDrive/thesis_project/thesis/outputs/exp10_svm_ready/fusion_svm_crf_ready_20260807_110505.json | X206: /content/drive/MyDrive/thesis_project/thesis/outputs/exp10_svm_ready/fusion_svm_crf_ready_results_20260807_110503.xlsx | Y206: TRUE | Z206: auto | AA206: 2.4
A207: nemo_dictabert | B207: NEMO + DictaBERT | C207: dicta-il/dictabert | D207: NEMO + DictaBERT | E207: exp10_svm_ready | F207: SVM Router Fusion CRF (Ready) | G207: small_300 | H207: small_300 | I207: before_exp01_baseline | J207: Baseline (simple random split) | K207: nemo_dictabert__small_300__before_exp01_baseline__seed47 | L207: nemo_dictabert__small_300__before_exp01_baseline | M207: small_300 / Baseline (simple random split) | N207: [NEMO + DictaBERT] [small_300] Baseline (simple random split) [seed 47] | O207: small_300 / Baseline (simple random split) [s47] | P207: Regular NER with DictaBERT | Q207: 47 | R207: TRUE | S207: 0.67826087 | T207: 0.8125 | U207: 0.58208955 | V207: ok | W207: /content/drive/MyDrive/thesis_project/thesis/outputs/exp10_svm_ready/fusion_svm_crf_ready_20260807_110507.json | X207: /content/drive/MyDrive/thesis_project/thesis/outputs/exp10_svm_ready/fusion_svm_crf_ready_results_20260807_110506.xlsx | Y207: TRUE | Z207: auto | AA207: 2
A208: nemo_dictabert | B208: NEMO + DictaBERT | C208: dicta-il/dictabert | D208: NEMO + DictaBERT | E208: exp10_svm_ready | F208: SVM Router Fusion CRF (Ready) | G208: small_300 | H208: small_300 | I208: before_exp01_baseline | J208: Baseline (simple random split) | K208: nemo_dictabert__small_300__before_exp01_baseline__seed48 | L208: nemo_dictabert__small_300__before_exp01_baseline | M208: small_300 / Baseline (simple random split) | N208: [NEMO + DictaBERT] [small_300] Baseline (simple random split) [seed 48] | O208: small_300 / Baseline (simple random split) [s48] | P208: Regular NER with DictaBERT | Q208: 48 | R208: TRUE | S208: 0.48484848 | T208: 0.61538462 | U208: 0.4 | V208: ok | W208: /content/drive/MyDrive/thesis_project/thesis/outputs/exp10_svm_ready/fusion_svm_crf_ready_20260807_110509.json | X208: /content/drive/MyDrive/thesis_project/thesis/outputs/exp10_svm_ready/fusion_svm_crf_ready_results_20260807_110508.xlsx | Y208: TRUE | Z208: auto | AA208: 2.5
A209: nemo_dictabert | B209: NEMO + DictaBERT | C209: dicta-il/dictabert | D209: NEMO + DictaBERT | E209: exp10_svm_ready | F209: SVM Router Fusion CRF (Ready) | G209: small_300 | H209: small_300 | I209: before_exp01_baseline | J209: Baseline (simple random split) | K209: nemo_dictabert__small_300__before_exp01_baseline__seed49 | L209: nemo_dictabert__small_300__before_exp01_baseline | M209: small_300 / Baseline (simple random split) | N209: [NEMO + DictaBERT] [small_300] Baseline (simple random split) [seed 49] | O209: small_300 / Baseline (simple random split) [s49] | P209: Regular NER with DictaBERT | Q209: 49 | R209: TRUE | S209: 0.58947368 | T209: 0.68292683 | U209: 0.51851852 | V209: ok | W209: /content/drive/MyDrive/thesis_project/thesis/outputs/exp10_svm_ready/fusion_svm_crf_ready_20260807_110512.json | X209: /content/drive/MyDrive/thesis_project/thesis/outputs/exp10_svm_ready/fusion_svm_crf_ready_results_20260807_110511.xlsx | Y209: TRUE | Z209: auto | AA209: 3
A210: nemo_dictabert | B210: NEMO + DictaBERT | C210: dicta-il/dictabert | D210: NEMO + DictaBERT | E210: exp10_svm_ready | F210: SVM Router Fusion CRF (Ready) | G210: small_300 | H210: small_300 | I210: before_exp01_baseline | J210: Baseline (simple random split) | K210: nemo_dictabert__small_300__before_exp01_baseline__seed50 | L210: nemo_dictabert__small_300__before_exp01_baseline | M210: small_300 / Baseline (simple random split) | N210: [NEMO + DictaBERT] [small_300] Baseline (simple random split) [seed 50] | O210: small_300 / Baseline (simple random split) [s50] | P210: Regular NER with DictaBERT | Q210: 50 | R210: TRUE | S210: 0.39805825 | T210: 0.50617284 | U210: 0.328 | V210: ok | W210: /content/drive/MyDrive/thesis_project/thesis/outputs/exp10_svm_ready/fusion_svm_crf_ready_20260807_110515.json | X210: /content/drive/MyDrive/thesis_project/thesis/outputs/exp10_svm_ready/fusion_svm_crf_ready_results_20260807_110514.xlsx | Y210: TRUE | Z210: auto | AA210: 2.7
A211: nemo_dictabert | B211: NEMO + DictaBERT | C211: dicta-il/dictabert | D211: NEMO + DictaBERT | E211: exp10_svm_ready | F211: SVM Router Fusion CRF (Ready) | G211: small_300 | H211: small_300 | I211: before_exp01_baseline | J211: Baseline (simple random split) | K211: nemo_dictabert__small_300__before_exp01_baseline__seed51 | L211: nemo_dictabert__small_300__before_exp01_baseline | M211: small_300 / Baseline (simple random split) | N211: [NEMO + DictaBERT] [small_300] Baseline (simple random split) [seed 51] | O211: small_300 / Baseline (simple random split) [s51] | P211: Regular NER with DictaBERT | Q211: 51 | R211: TRUE | S211: 0.5388601 | T211: 0.59770115 | U211: 0.49056604 | V211: ok | W211: /content/drive/MyDrive/thesis_project/thesis/outputs/exp10_svm_ready/fusion_svm_crf_ready_20260807_110517.json | X211: /content/drive/MyDrive/thesis_project/thesis/outputs/exp10_svm_ready/fusion_svm_crf_ready_results_20260807_110516.xlsx | Y211: TRUE | Z211: auto | AA211: 2.4
A212: nemo_dictabert | B212: NEMO + DictaBERT | C212: dicta-il/dictabert | D212: NEMO + DictaBERT | E212: exp10_svm_ready | F212: SVM Router Fusion CRF (Ready) | G212: small_300 | H212: small_300 | I212: before_exp01_baseline | J212: Baseline (simple random split) | K212: nemo_dictabert__small_300__before_exp01_baseline__seed52 | L212: nemo_dictabert__small_300__before_exp01_baseline | M212: small_300 / Baseline (simple random split) | N212: [NEMO + DictaBERT] [small_300] Baseline (simple random split) [seed 52] | O212: small_300 / Baseline (simple random split) [s52] | P212: Regular NER with DictaBERT | Q212: 52 | R212: TRUE | S212: 0.65686275 | T212: 0.72043011 | U212: 0.6036036 | V212: ok | W212: /content/drive/MyDrive/thesis_project/thesis/outputs/exp10_svm_ready/fusion_svm_crf_ready_20260807_110519.json | X212: /content/drive/MyDrive/thesis_project/thesis/outputs/exp10_svm_ready/fusion_svm_crf_ready_results_20260807_110518.xlsx | Y212: TRUE | Z212: auto | AA212: 1.9
A213: nemo_dictabert | B213: NEMO + DictaBERT | C213: dicta-il/dictabert | D213: NEMO + DictaBERT | E213: exp10_svm_ready | F213: SVM Router Fusion CRF (Ready) | G213: small_300 | H213: small_300 | I213: before_exp01_baseline | J213: Baseline (simple random split) | K213: nemo_dictabert__small_300__before_exp01_baseline__seed53 | L213: nemo_dictabert__small_300__before_exp01_baseline | M213: small_300 / Baseline (simple random split) | N213: [NEMO + DictaBERT] [small_300] Baseline (simple random split) [seed 53] | O213: small_300 / Baseline (simple random split) [s53] | P213: Regular NER with DictaBERT | Q213: 53 | R213: TRUE | S213: 0.51851852 | T213: 0.66315789 | U213: 0.42567568 | V213: ok | W213: /content/drive/MyDrive/thesis_project/thesis/outputs/exp10_svm_ready/fusion_svm_crf_ready_20260807_110522.json | X213: /content/drive/MyDrive/thesis_project/thesis/outputs/exp10_svm_ready/fusion_svm_crf_ready_results_20260807_110521.xlsx | Y213: TRUE | Z213: auto | AA213: 2.5
... A249: bc5cdr_pubmedbert | B249: BC5CDR + PubMedBERT | C249: microsoft/BiomedNLP-PubMedBERT-base-uncased-abstract-fulltext | D249: BC5CDR + PubMedBERT | E249: exp10_regular | F249: Regular NER (BERT-CRF) | G249: small_300 | H249: small_300 | I249: before_exp01_baseline | J249: Baseline (simple random split) | K249: bc5cdr_pubmedbert__small_300__before_exp01_baseline__seed49 | L249: bc5cdr_pubmedbert__small_300__before_exp01_baseline | M249: small_300 / Baseline (simple random split) | N249: [BC5CDR + PubMedBERT] [small_300] Baseline (simple random split) [seed 49] | O249: small_300 / Baseline (simple random split) [s49] | P249: Regular NER with DictaBERT | Q249: 49 | R249: TRUE | S249: 0.65274151 | T249: 0.73964497 | U249: 0.58411215 | V249: ok | W249: /content/drive/MyDrive/thesis_project/thesis/outputs/exp10_regular/regular_ner_crf_20260807_111812.json | X249: /content/drive/MyDrive/thesis_project/thesis/outputs/exp10_regular/regular_ner_crf_results_20260807_111811.xlsx | Y249: FALSE | Z249: auto | AA249: 128.9
A250: bc5cdr_pubmedbert | B250: BC5CDR + PubMedBERT | C250: microsoft/BiomedNLP-PubMedBERT-base-uncased-abstract-fulltext | D250: BC5CDR + PubMedBERT | E250: exp10_regular | F250: Regular NER (BERT-CRF) | G250: small_300 | H250: small_300 | I250: before_exp01_baseline | J250: Baseline (simple random split) | K250: bc5cdr_pubmedbert__small_300__before_exp01_baseline__seed50 | L250: bc5cdr_pubmedbert__small_300__before_exp01_baseline__baseline | M250: small_300 / Baseline (simple random split) (baseline) | N250: [BC5CDR + PubMedBERT] [small_300] Baseline (simple random split) [baseline] [seed 50] | O250: small_300 / Baseline (simple random split) [s50] | P250: Regular NER with DictaBERT — Baseline (no augmentation) | Q250: 50 | R250: TRUE | S250: 0.73869347 | T250: 0.76963351 | U250: 0.71014493 | V250: ok | W250: /content/drive/MyDrive/thesis_project/thesis/outputs/exp10_regular/regular_ner_crf_20260807_114331.json | X250: /content/drive/MyDrive/thesis_project/thesis/outputs/exp10_regular/regular_ner_crf_results_20260807_114331.xlsx | Y250: FALSE | Z250: auto | AA250: 133.3 | AB250: baseline
A251: bc5cdr_pubmedbert | B251: BC5CDR + PubMedBERT | C251: microsoft/BiomedNLP-PubMedBERT-base-uncased-abstract-fulltext | D251: BC5CDR + PubMedBERT | E251: exp10_regular | F251: Regular NER (BERT-CRF) | G251: small_300 | H251: small_300 | I251: before_exp01_baseline | J251: Baseline (simple random split) | K251: bc5cdr_pubmedbert__small_300__before_exp01_baseline__seed51 | L251: bc5cdr_pubmedbert__small_300__before_exp01_baseline__baseline | M251: small_300 / Baseline (simple random split) (baseline) | N251: [BC5CDR + PubMedBERT] [small_300] Baseline (simple random split) [baseline] [seed 51] | O251: small_300 / Baseline (simple random split) [s51] | P251: Regular NER with DictaBERT — Baseline (no augmentation) | Q251: 51 | R251: TRUE | S251: 0.67857143 | T251: 0.77325581 | U251: 0.60454545 | V251: ok | W251: /content/drive/MyDrive/thesis_project/thesis/outputs/exp10_regular/regular_ner_crf_20260807_114544.json | X251: /content/drive/MyDrive/thesis_project/thesis/outputs/exp10_regular/regular_ner_crf_results_20260807_114543.xlsx | Y251: FALSE | Z251: auto | AA251: 131.9 | AB251: baseline
A252: bc5cdr_pubmedbert | B252: BC5CDR + PubMedBERT | C252: microsoft/BiomedNLP-PubMedBERT-base-uncased-abstract-fulltext | D252: BC5CDR + PubMedBERT | E252: exp10_regular | F252: Regular NER (BERT-CRF) | G252: small_300 | H252: small_300 | I252: before_exp01_baseline | J252: Baseline (simple random split) | K252: bc5cdr_pubmedbert__small_300__before_exp01_baseline__seed52 | L252: bc5cdr_pubmedbert__small_300__before_exp01_baseline__baseline | M252: small_300 / Baseline (simple random split) (baseline) | N252: [BC5CDR + PubMedBERT] [small_300] Baseline (simple random split) [baseline] [seed 52] | O252: small_300 / Baseline (simple random split) [s52] | P252: Regular NER with DictaBERT — Baseline (no augmentation) | Q252: 52 | R252: TRUE | S252: 0.71428571 | T252: 0.74585635 | U252: 0.68527919 | V252: ok | W252: /content/drive/MyDrive/thesis_project/thesis/outputs/exp10_regular/regular_ner_crf_20260807_114756.json | X252: /content/drive/MyDrive/thesis_project/thesis/outputs/exp10_regular/regular_ner_crf_results_20260807_114756.xlsx | Y252: FALSE | Z252: auto | AA252: 132.1 | AB252: baseline
A253: bc5cdr_pubmedbert | B253: BC5CDR + PubMedBERT | C253: microsoft/BiomedNLP-PubMedBERT-base-uncased-abstract-fulltext | D253: BC5CDR + PubMedBERT | E253: exp10_regular | F253: Regular NER (BERT-CRF) | G253: small_300 | H253: small_300 | I253: before_exp01_baseline | J253: Baseline (simple random split) | K253: bc5cdr_pubmedbert__small_300__before_exp01_baseline__seed53 | L253: bc5cdr_pubmedbert__small_300__before_exp01_baseline__baseline | M253: small_300 / Baseline (simple random split) (baseline) | N253: [BC5CDR + PubMedBERT] [small_300] Baseline (simple random split) [baseline] [seed 53] | O253: small_300 / Baseline (simple random split) [s53] | P253: Regular NER with DictaBERT — Baseline (no augmentation) | Q253: 53 | R253: TRUE | S253: 0.67716535 | T253: 0.77710843 | U253: 0.6 | V253: ok | W253: /content/drive/MyDrive/thesis_project/thesis/outputs/exp10_regular/regular_ner_crf_20260807_115008.json | X253: /content/drive/MyDrive/thesis_project/thesis/outputs/exp10_regular/regular_ner_crf_results_20260807_115007.xlsx | Y253: FALSE | Z253: auto | AA253: 134.2 | AB253: baseline
A254: bc5cdr_pubmedbert | B254: BC5CDR + PubMedBERT | C254: microsoft/BiomedNLP-PubMedBERT-base-uncased-abstract-fulltext | D254: BC5CDR + PubMedBERT | E254: exp10_regular | F254: Regular NER (BERT-CRF) | G254: small_300 | H254: small_300 | I254: before_exp01_baseline | J254: Baseline (simple random split) | K254: bc5cdr_pubmedbert__small_300__before_exp01_baseline__seed54 | L254: bc5cdr_pubmedbert__small_300__before_exp01_baseline__baseline | M254: small_300 / Baseline (simple random split) (baseline) | N254: [BC5CDR + PubMedBERT] [small_300] Baseline (simple random split) [baseline] [seed 54] | O254: small_300 / Baseline (simple random split) [s54] | P254: Regular NER with DictaBERT — Baseline (no augmentation) | Q254: 54 | R254: TRUE | S254: 0.71325301 | T254: 0.79569892 | U254: 0.64628821 | V254: ok | W254: /content/drive/MyDrive/thesis_project/thesis/outputs/exp10_regular/regular_ner_crf_20260807_115222.json | X254: /content/drive/MyDrive/thesis_project/thesis/outputs/exp10_regular/regular_ner_crf_results_20260807_115221.xlsx | Y254: FALSE | Z254: auto | AA254: 81.4 | AB254: baseline
A255: bc5cdr_pubmedbert | B255: BC5CDR + PubMedBERT | C255: microsoft/BiomedNLP-PubMedBERT-base-uncased-abstract-fulltext | D255: BC5CDR + PubMedBERT | E255: exp10_regular | F255: Regular NER (BERT-CRF) | G255: small_300 | H255: small_300 | I255: before_exp01_baseline | J255: Baseline (simple random split) | K255: bc5cdr_pubmedbert__small_300__before_exp01_baseline__seed55 | L255: bc5cdr_pubmedbert__small_300__before_exp01_baseline__baseline | M255: small_300 / Baseline (simple random split) (baseline) | N255: [BC5CDR + PubMedBERT] [small_300] Baseline (simple random split) [baseline] [seed 55] | O255: small_300 / Baseline (simple random split) [s55] | P255: Regular NER with DictaBERT — Baseline (no augmentation) | Q255: 55 | R255: TRUE | S255: 0.74519231 | T255: 0.82887701 | U255: 0.6768559 | V255: ok | W255: /content/drive/MyDrive/thesis_project/thesis/outputs/exp10_regular/regular_ner_crf_20260807_115344.json | X255: /content/drive/MyDrive/thesis_project/thesis/outputs/exp10_regular/regular_ner_crf_results_20260807_115343.xlsx | Y255: FALSE | Z255: auto | AA255: 81.3 | AB255: baseline
A256: bc5cdr_pubmedbert | B256: BC5CDR + PubMedBERT | C256: microsoft/BiomedNLP-PubMedBERT-base-uncased-abstract-fulltext | D256: BC5CDR + PubMedBERT | E256: exp10_regular | F256: Regular NER (BERT-CRF) | G256: small_300 | H256: small_300 | I256: before_exp01_baseline | J256: Baseline (simple random split) | K256: bc5cdr_pubmedbert__small_300__before_exp01_baseline__seed56 | L256: bc5cdr_pubmedbert__small_300__before_exp01_baseline__baseline | M256: small_300 / Baseline (simple random split) (baseline) | N256: [BC5CDR + PubMedBERT] [small_300] Baseline (simple random split) [baseline] [seed 56] | O256: small_300 / Baseline (simple random split) [s56] | P256: Regular NER with DictaBERT — Baseline (no augmentation) | Q256: 56 | R256: TRUE | S256: 0.67005076 | T256: 0.78571429 | U256: 0.5840708 | V256: ok | W256: /content/drive/MyDrive/thesis_project/thesis/outputs/exp10_regular/regular_ner_crf_20260807_115505.json | X256: /content/drive/MyDrive/thesis_project/thesis/outputs/exp10_regular/regular_ner_crf_results_20260807_115504.xlsx | Y256: FALSE | Z256: auto | AA256: 81.1 | AB256: baseline
A257: bc5cdr_pubmedbert | B257: BC5CDR + PubMedBERT | C257: microsoft/BiomedNLP-PubMedBERT-base-uncased-abstract-fulltext | D257: BC5CDR + PubMedBERT | E257: exp10_regular | F257: Regular NER (BERT-CRF) | G257: small_300 | H257: small_300 | I257: before_exp01_baseline | J257: Baseline (simple random split) | K257: bc5cdr_pubmedbert__small_300__before_exp01_baseline__seed57 | L257: bc5cdr_pubmedbert__small_300__before_exp01_baseline__baseline | M257: small_300 / Baseline (simple random split) (baseline) | N257: [BC5CDR + PubMedBERT] [small_300] Baseline (simple random split) [baseline] [seed 57] | O257: small_300 / Baseline (simple random split) [s57] | P257: Regular NER with DictaBERT — Baseline (no augmentation) | Q257: 57 | R257: TRUE | S257: 0.7037037 | T257: 0.78235294 | U257: 0.63942308 | V257: ok | W257: /content/drive/MyDrive/thesis_project/thesis/outputs/exp10_regular/regular_ner_crf_20260807_115626.json | X257: /content/drive/MyDrive/thesis_project/thesis/outputs/exp10_regular/regular_ner_crf_results_20260807_115625.xlsx | Y257: FALSE | Z257: auto | AA257: 81.5 | AB257: baseline
A258: bc5cdr_pubmedbert | B258: BC5CDR + PubMedBERT | C258: microsoft/BiomedNLP-PubMedBERT-base-uncased-abstract-fulltext | D258: BC5CDR + PubMedBERT | E258: exp10_regular | F258: Regular NER (BERT-CRF) | G258: small_300 | H258: small_300 | I258: before_exp01_baseline | J258: Baseline (simple random split) | K258: bc5cdr_pubmedbert__small_300__before_exp01_baseline__seed58 | L258: bc5cdr_pubmedbert__small_300__before_exp01_baseline__baseline | M258: small_300 / Baseline (simple random split) (baseline) | N258: [BC5CDR + PubMedBERT] [small_300] Baseline (simple random split) [baseline] [seed 58] | O258: small_300 / Baseline (simple random split) [s58] | P258: Regular NER with DictaBERT — Baseline (no augmentation) | Q258: 58 | R258: TRUE | S258: 0.67320261 | T258: 0.78625954 | U258: 0.58857143 | V258: ok | W258: /content/drive/MyDrive/thesis_project/thesis/outputs/exp10_regular/regular_ner_crf_20260807_115747.json | X258: /content/drive/MyDrive/thesis_project/thesis/outputs/exp10_regular/regular_ner_crf_results_20260807_115746.xlsx | Y258: FALSE | Z258: auto | AA258: 132.2 | AB258: baseline
A259: bc5cdr_pubmedbert | B259: BC5CDR + PubMedBERT | C259: microsoft/BiomedNLP-PubMedBERT-base-uncased-abstract-fulltext | D259: BC5CDR + PubMedBERT | E259: exp10_regular | F259: Regular NER (BERT-CRF) | G259: small_300 | H259: small_300 | I259: before_exp01_baseline | J259: Baseline (simple random split) | K259: bc5cdr_pubmedbert__small_300__before_exp01_baseline__seed59 | L259: bc5cdr_pubmedbert__small_300__before_exp01_baseline__baseline | M259: small_300 / Baseline (simple random split) (baseline) | N259: [BC5CDR + PubMedBERT] [small_300] Baseline (simple random split) [baseline] [seed 59] | O259: small_300 / Baseline (simple random split) [s59] | P259: Regular NER with DictaBERT — Baseline (no augmentation) | Q259: 59 | R259: TRUE | S259: 0.6373057 | T259: 0.62436548 | U259: 0.65079365 | V259: ok | W259: /content/drive/MyDrive/thesis_project/thesis/outputs/exp10_regular/regular_ner_crf_20260807_120000.json | X259: /content/drive/MyDrive/thesis_project/thesis/outputs/exp10_regular/regular_ner_crf_results_20260807_120000.xlsx | Y259: FALSE | Z259: auto | AA259: 81.8 | AB259: baseline
A260: bc5cdr_pubmedbert | B260: BC5CDR + PubMedBERT | C260: microsoft/BiomedNLP-PubMedBERT-base-uncased-abstract-fulltext | D260: BC5CDR + PubMedBERT | E260: exp10_regular | F260: Regular NER (BERT-CRF) | G260: small_300 | H260: small_300 | I260: before_exp01_baseline | J260: Baseline (simple random split) | K260: bc5cdr_pubmedbert__small_300__before_exp01_baseline__seed60 | L260: bc5cdr_pubmedbert__small_300__before_exp01_baseline__baseline | M260: small_300 / Baseline (simple random split) (baseline) | N260: [BC5CDR + PubMedBERT] [small_300] Baseline (simple random split) [baseline] [seed 60] | O260: small_300 / Baseline (simple random split) [s60] | P260: Regular NER with DictaBERT — Baseline (no augmentation) | Q260: 60 | R260: TRUE | S260: 0.66508314 | T260: 0.72916667 | U260: 0.61135371 | V260: ok | W260: /content/drive/MyDrive/thesis_project/thesis/outputs/exp10_regular/regular_ner_crf_20260807_120122.json | X260: /content/drive/MyDrive/thesis_project/thesis/outputs/exp10_regular/regular_ner_crf_results_20260807_120121.xlsx | Y260: FALSE | Z260: auto | AA260: 80.9 | AB260: baseline
A261: bc5cdr_pubmedbert | B261: BC5CDR + PubMedBERT | C261: microsoft/BiomedNLP-PubMedBERT-base-uncased-abstract-fulltext | D261: BC5CDR + PubMedBERT | E261: exp10_regular | F261: Regular NER (BERT-CRF) | G261: small_300 | H261: small_300 | I261: before_exp01_baseline | J261: Baseline (simple random split) | K261: bc5cdr_pubmedbert__small_300__before_exp01_baseline__seed61 | L261: bc5cdr_pubmedbert__small_300__before_exp01_baseline__baseline | M261: small_300 / Baseline (simple random split) (baseline) | N261: [BC5CDR + PubMedBERT] [small_300] Baseline (simple random split) [baseline] [seed 61] | O261: small_300 / Baseline (simple random split) [s61] | P261: Regular NER with DictaBERT — Baseline (no augmentation) | Q261: 61 | R261: TRUE | S261: 0.65238095 | T261: 0.7287234 | U261: 0.59051724 | V261: ok | W261: /content/drive/MyDrive/thesis_project/thesis/outputs/exp10_regular/regular_ner_crf_20260807_120242.json | X261: /content/drive/MyDrive/thesis_project/thesis/outputs/exp10_regular/regular_ner_crf_results_20260807_120241.xlsx | Y261: FALSE | Z261: auto | AA261: 129.4 | AB261: baseline
... A281: bc5cdr_pubmedbert | B281: BC5CDR + PubMedBERT | C281: microsoft/BiomedNLP-PubMedBERT-base-uncased-abstract-fulltext | D281: BC5CDR + PubMedBERT | E281: exp10_regular | F281: Regular NER (BERT-CRF) | G281: small_300 | H281: small_300 | I281: after_multilabel_iterative_paper | J281: Multilabel stratified (paper-style) | K281: bc5cdr_pubmedbert__small_300__after_multilabel_iterative_paper__seed61 | L281: bc5cdr_pubmedbert__small_300__after_multilabel_iterative_paper__baseline | M281: small_300 / Multilabel stratified (paper-style) (baseline) | N281: [BC5CDR + PubMedBERT] [small_300] Multilabel stratified (paper-style) [baseline] [seed 61] | O281: small_300 / Multilabel stratified (paper-style) [s61] | P281: Paper-style iterative stratification: rarest-label-first with tie-breaks by per-label need, then fold capacity, then random — Baseline (no augmentation) | Q281: 61 | R281: FALSE | S281: 0.62015504 | T281: 0.68965517 | U281: 0.56338028 | V281: ok | W281: /content/drive/MyDrive/thesis_project/thesis/outputs/exp10_regular/regular_ner_crf_20260807_123714.json | X281: /content/drive/MyDrive/thesis_project/thesis/outputs/exp10_regular/regular_ner_crf_results_20260807_123714.xlsx | Y281: FALSE | Z281: auto | AA281: 132.8 | AB281: baseline
A282: bc5cdr_pubmedbert | B282: BC5CDR + PubMedBERT | C282: microsoft/BiomedNLP-PubMedBERT-base-uncased-abstract-fulltext | D282: BC5CDR + PubMedBERT | E282: exp10_cascade | F282: Cascaded Pipeline (CRF + Consistency) | G282: small_300 | H282: small_300 | I282: before_exp01_baseline | J282: Baseline (simple random split) | K282: bc5cdr_pubmedbert__small_300__before_exp01_baseline__seed42 | L282: bc5cdr_pubmedbert__small_300__before_exp01_baseline__baseline | M282: small_300 / Baseline (simple random split) (baseline) | N282: [BC5CDR + PubMedBERT] [small_300] Baseline (simple random split) [baseline] [seed 42] | O282: small_300 / Baseline (simple random split) [s42] | P282: Regular NER with DictaBERT — Baseline (no augmentation) | Q282: 42 | R282: TRUE | S282: 0.63436123 | V282: ok_reused_base | W282: /content/drive/MyDrive/thesis_project/thesis/outputs/exp10_cascade/cascaded_pipeline_crf_20260807_110758.json | X282: /content/drive/MyDrive/thesis_project/thesis/outputs/exp10_cascade/cascaded_pipeline_crf_results_20260807_110755.xlsx | Y282: TRUE | Z282: auto | AA282: 0 | AB282: baseline
A283: bc5cdr_pubmedbert | B283: BC5CDR + PubMedBERT | C283: microsoft/BiomedNLP-PubMedBERT-base-uncased-abstract-fulltext | D283: BC5CDR + PubMedBERT | E283: exp10_cascade | F283: Cascaded Pipeline (CRF + Consistency) | G283: small_300 | H283: small_300 | I283: before_exp01_baseline | J283: Baseline (simple random split) | K283: bc5cdr_pubmedbert__small_300__before_exp01_baseline__seed43 | L283: bc5cdr_pubmedbert__small_300__before_exp01_baseline__baseline | M283: small_300 / Baseline (simple random split) (baseline) | N283: [BC5CDR + PubMedBERT] [small_300] Baseline (simple random split) [baseline] [seed 43] | O283: small_300 / Baseline (simple random split) [s43] | P283: Regular NER with DictaBERT — Baseline (no augmentation) | Q283: 43 | R283: TRUE | S283: 0.6179402 | V283: ok_reused_base | W283: /content/drive/MyDrive/thesis_project/thesis/outputs/exp10_cascade/cascaded_pipeline_crf_20260807_111010.json | X283: /content/drive/MyDrive/thesis_project/thesis/outputs/exp10_cascade/cascaded_pipeline_crf_results_20260807_111009.xlsx | Y283: TRUE | Z283: auto | AA283: 0 | AB283: baseline
A284: bc5cdr_pubmedbert | B284: BC5CDR + PubMedBERT | C284: microsoft/BiomedNLP-PubMedBERT-base-uncased-abstract-fulltext | D284: BC5CDR + PubMedBERT | E284: exp10_cascade | F284: Cascaded Pipeline (CRF + Consistency) | G284: small_300 | H284: small_300 | I284: before_exp01_baseline | J284: Baseline (simple random split) | K284: bc5cdr_pubmedbert__small_300__before_exp01_baseline__seed44 | L284: bc5cdr_pubmedbert__small_300__before_exp01_baseline__baseline | M284: small_300 / Baseline (simple random split) (baseline) | N284: [BC5CDR + PubMedBERT] [small_300] Baseline (simple random split) [baseline] [seed 44] | O284: small_300 / Baseline (simple random split) [s44] | P284: Regular NER with DictaBERT — Baseline (no augmentation) | Q284: 44 | R284: TRUE | S284: 0.66956522 | V284: ok_reused_base | W284: /content/drive/MyDrive/thesis_project/thesis/outputs/exp10_cascade/cascaded_pipeline_crf_20260807_111131.json | X284: /content/drive/MyDrive/thesis_project/thesis/outputs/exp10_cascade/cascaded_pipeline_crf_results_20260807_111130.xlsx | Y284: TRUE | Z284: auto | AA284: 0 | AB284: baseline
A285: bc5cdr_pubmedbert | B285: BC5CDR + PubMedBERT | C285: microsoft/BiomedNLP-PubMedBERT-base-uncased-abstract-fulltext | D285: BC5CDR + PubMedBERT | E285: exp10_cascade | F285: Cascaded Pipeline (CRF + Consistency) | G285: small_300 | H285: small_300 | I285: before_exp01_baseline | J285: Baseline (simple random split) | K285: bc5cdr_pubmedbert__small_300__before_exp01_baseline__seed45 | L285: bc5cdr_pubmedbert__small_300__before_exp01_baseline__baseline | M285: small_300 / Baseline (simple random split) (baseline) | N285: [BC5CDR + PubMedBERT] [small_300] Baseline (simple random split) [baseline] [seed 45] | O285: small_300 / Baseline (simple random split) [s45] | P285: Regular NER with DictaBERT — Baseline (no augmentation) | Q285: 45 | R285: TRUE | S285: 0.625 | V285: ok_reused_base | W285: /content/drive/MyDrive/thesis_project/thesis/outputs/exp10_cascade/cascaded_pipeline_crf_20260807_111252.json | X285: /content/drive/MyDrive/thesis_project/thesis/outputs/exp10_cascade/cascaded_pipeline_crf_results_20260807_111250.xlsx | Y285: TRUE | Z285: auto | AA285: 0 | AB285: baseline
A286: bc5cdr_pubmedbert | B286: BC5CDR + PubMedBERT | C286: microsoft/BiomedNLP-PubMedBERT-base-uncased-abstract-fulltext | D286: BC5CDR + PubMedBERT | E286: exp10_cascade | F286: Cascaded Pipeline (CRF + Consistency) | G286: small_300 | H286: small_300 | I286: before_exp01_baseline | J286: Baseline (simple random split) | K286: bc5cdr_pubmedbert__small_300__before_exp01_baseline__seed46 | L286: bc5cdr_pubmedbert__small_300__before_exp01_baseline__baseline | M286: small_300 / Baseline (simple random split) (baseline) | N286: [BC5CDR + PubMedBERT] [small_300] Baseline (simple random split) [baseline] [seed 46] | O286: small_300 / Baseline (simple random split) [s46] | P286: Regular NER with DictaBERT — Baseline (no augmentation) | Q286: 46 | R286: TRUE | S286: 0.60066007 | V286: ok_reused_base | W286: /content/drive/MyDrive/thesis_project/thesis/outputs/exp10_cascade/cascaded_pipeline_crf_20260807_111505.json | X286: /content/drive/MyDrive/thesis_project/thesis/outputs/exp10_cascade/cascaded_pipeline_crf_results_20260807_111504.xlsx | Y286: TRUE | Z286: auto | AA286: 0 | AB286: baseline
A287: bc5cdr_pubmedbert | B287: BC5CDR + PubMedBERT | C287: microsoft/BiomedNLP-PubMedBERT-base-uncased-abstract-fulltext | D287: BC5CDR + PubMedBERT | E287: exp10_cascade | F287: Cascaded Pipeline (CRF + Consistency) | G287: small_300 | H287: small_300 | I287: before_exp01_baseline | J287: Baseline (simple random split) | K287: bc5cdr_pubmedbert__small_300__before_exp01_baseline__seed47 | L287: bc5cdr_pubmedbert__small_300__before_exp01_baseline__baseline | M287: small_300 / Baseline (simple random split) (baseline) | N287: [BC5CDR + PubMedBERT] [small_300] Baseline (simple random split) [baseline] [seed 47] | O287: small_300 / Baseline (simple random split) [s47] | P287: Regular NER with DictaBERT — Baseline (no augmentation) | Q287: 47 | R287: TRUE | S287: 0.53703704 | V287: ok_reused_base | W287: /content/drive/MyDrive/thesis_project/thesis/outputs/exp10_cascade/cascaded_pipeline_crf_20260807_111626.json | X287: /content/drive/MyDrive/thesis_project/thesis/outputs/exp10_cascade/cascaded_pipeline_crf_results_20260807_111625.xlsx | Y287: TRUE | Z287: auto | AA287: 0 | AB287: baseline
A288: bc5cdr_pubmedbert | B288: BC5CDR + PubMedBERT | C288: microsoft/BiomedNLP-PubMedBERT-base-uncased-abstract-fulltext | D288: BC5CDR + PubMedBERT | E288: exp10_cascade | F288: Cascaded Pipeline (CRF + Consistency) | G288: small_300 | H288: small_300 | I288: before_exp01_baseline | J288: Baseline (simple random split) | K288: bc5cdr_pubmedbert__small_300__before_exp01_baseline__seed48 | L288: bc5cdr_pubmedbert__small_300__before_exp01_baseline__baseline | M288: small_300 / Baseline (simple random split) (baseline) | N288: [BC5CDR + PubMedBERT] [small_300] Baseline (simple random split) [baseline] [seed 48] | O288: small_300 / Baseline (simple random split) [s48] | P288: Regular NER with DictaBERT — Baseline (no augmentation) | Q288: 48 | R288: TRUE | S288: 0.64900662 | V288: ok_reused_base | W288: /content/drive/MyDrive/thesis_project/thesis/outputs/exp10_cascade/cascaded_pipeline_crf_20260807_111746.json | X288: /content/drive/MyDrive/thesis_project/thesis/outputs/exp10_cascade/cascaded_pipeline_crf_results_20260807_111744.xlsx | Y288: TRUE | Z288: auto | AA288: 0 | AB288: baseline
A289: bc5cdr_pubmedbert | B289: BC5CDR + PubMedBERT | C289: microsoft/BiomedNLP-PubMedBERT-base-uncased-abstract-fulltext | D289: BC5CDR + PubMedBERT | E289: exp10_cascade | F289: Cascaded Pipeline (CRF + Consistency) | G289: small_300 | H289: small_300 | I289: before_exp01_baseline | J289: Baseline (simple random split) | K289: bc5cdr_pubmedbert__small_300__before_exp01_baseline__seed49 | L289: bc5cdr_pubmedbert__small_300__before_exp01_baseline__baseline | M289: small_300 / Baseline (simple random split) (baseline) | N289: [BC5CDR + PubMedBERT] [small_300] Baseline (simple random split) [baseline] [seed 49] | O289: small_300 / Baseline (simple random split) [s49] | P289: Regular NER with DictaBERT — Baseline (no augmentation) | Q289: 49 | R289: TRUE | S289: 0.5819398 | V289: ok_reused_base | W289: /content/drive/MyDrive/thesis_project/thesis/outputs/exp10_cascade/cascaded_pipeline_crf_20260807_111955.json | X289: /content/drive/MyDrive/thesis_project/thesis/outputs/exp10_cascade/cascaded_pipeline_crf_results_20260807_111953.xlsx | Y289: TRUE | Z289: auto | AA289: 0 | AB289: baseline
A290: bc5cdr_pubmedbert | B290: BC5CDR + PubMedBERT | C290: microsoft/BiomedNLP-PubMedBERT-base-uncased-abstract-fulltext | D290: BC5CDR + PubMedBERT | E290: exp10_cascade | F290: Cascaded Pipeline (CRF + Consistency) | G290: small_300 | H290: small_300 | I290: before_exp01_baseline | J290: Baseline (simple random split) | K290: bc5cdr_pubmedbert__small_300__before_exp01_baseline__seed50 | L290: bc5cdr_pubmedbert__small_300__before_exp01_baseline__baseline | M290: small_300 / Baseline (simple random split) (baseline) | N290: [BC5CDR + PubMedBERT] [small_300] Baseline (simple random split) [baseline] [seed 50] | O290: small_300 / Baseline (simple random split) [s50] | P290: Regular NER with DictaBERT — Baseline (no augmentation) | Q290: 50 | R290: TRUE | S290: 0.65084746 | V290: ok_reused_base | W290: /content/drive/MyDrive/thesis_project/thesis/outputs/exp10_cascade/cascaded_pipeline_crf_20260807_114519.json | X290: /content/drive/MyDrive/thesis_project/thesis/outputs/exp10_cascade/cascaded_pipeline_crf_results_20260807_114518.xlsx | Y290: TRUE | Z290: auto | AA290: 0 | AB290: baseline
A291: bc5cdr_pubmedbert | B291: BC5CDR + PubMedBERT | C291: microsoft/BiomedNLP-PubMedBERT-base-uncased-abstract-fulltext | D291: BC5CDR + PubMedBERT | E291: exp10_cascade | F291: Cascaded Pipeline (CRF + Consistency) | G291: small_300 | H291: small_300 | I291: before_exp01_baseline | J291: Baseline (simple random split) | K291: bc5cdr_pubmedbert__small_300__before_exp01_baseline__seed51 | L291: bc5cdr_pubmedbert__small_300__before_exp01_baseline__baseline | M291: small_300 / Baseline (simple random split) (baseline) | N291: [BC5CDR + PubMedBERT] [small_300] Baseline (simple random split) [baseline] [seed 51] | O291: small_300 / Baseline (simple random split) [s51] | P291: Regular NER with DictaBERT — Baseline (no augmentation) | Q291: 51 | R291: TRUE | S291: 0.64174455 | V291: ok_reused_base | W291: /content/drive/MyDrive/thesis_project/thesis/outputs/exp10_cascade/cascaded_pipeline_crf_20260807_114731.json | X291: /content/drive/MyDrive/thesis_project/thesis/outputs/exp10_cascade/cascaded_pipeline_crf_results_20260807_114729.xlsx | Y291: TRUE | Z291: auto | AA291: 0 | AB291: baseline
A292: bc5cdr_pubmedbert | B292: BC5CDR + PubMedBERT | C292: microsoft/BiomedNLP-PubMedBERT-base-uncased-abstract-fulltext | D292: BC5CDR + PubMedBERT | E292: exp10_cascade | F292: Cascaded Pipeline (CRF + Consistency) | G292: small_300 | H292: small_300 | I292: before_exp01_baseline | J292: Baseline (simple random split) | K292: bc5cdr_pubmedbert__small_300__before_exp01_baseline__seed52 | L292: bc5cdr_pubmedbert__small_300__before_exp01_baseline__baseline | M292: small_300 / Baseline (simple random split) (baseline) | N292: [BC5CDR + PubMedBERT] [small_300] Baseline (simple random split) [baseline] [seed 52] | O292: small_300 / Baseline (simple random split) [s52] | P292: Regular NER with DictaBERT — Baseline (no augmentation) | Q292: 52 | R292: TRUE | S292: 0.66211604 | V292: ok_reused_base | W292: /content/drive/MyDrive/thesis_project/thesis/outputs/exp10_cascade/cascaded_pipeline_crf_20260807_114943.json | X292: /content/drive/MyDrive/thesis_project/thesis/outputs/exp10_cascade/cascaded_pipeline_crf_results_20260807_114942.xlsx | Y292: TRUE | Z292: auto | AA292: 0 | AB292: baseline
A293: bc5cdr_pubmedbert | B293: BC5CDR + PubMedBERT | C293: microsoft/BiomedNLP-PubMedBERT-base-uncased-abstract-fulltext | D293: BC5CDR + PubMedBERT | E293: exp10_cascade | F293: Cascaded Pipeline (CRF + Consistency) | G293: small_300 | H293: small_300 | I293: before_exp01_baseline | J293: Baseline (simple random split) | K293: bc5cdr_pubmedbert__small_300__before_exp01_baseline__seed53 | L293: bc5cdr_pubmedbert__small_300__before_exp01_baseline__baseline | M293: small_300 / Baseline (simple random split) (baseline) | N293: [BC5CDR + PubMedBERT] [small_300] Baseline (simple random split) [baseline] [seed 53] | O293: small_300 / Baseline (simple random split) [s53] | P293: Regular NER with DictaBERT — Baseline (no augmentation) | Q293: 53 | R293: TRUE | S293: 0.57142857 | V293: ok_reused_base | W293: /content/drive/MyDrive/thesis_project/thesis/outputs/exp10_cascade/cascaded_pipeline_crf_20260807_115157.json | X293: /content/drive/MyDrive/thesis_project/thesis/outputs/exp10_cascade/cascaded_pipeline_crf_results_20260807_115156.xlsx | Y293: TRUE | Z293: auto | AA293: 0 | AB293: baseline
... A321: bc5cdr_pubmedbert | B321: BC5CDR + PubMedBERT | C321: microsoft/BiomedNLP-PubMedBERT-base-uncased-abstract-fulltext | D321: BC5CDR + PubMedBERT | E321: exp10_cascade | F321: Cascaded Pipeline (CRF + Consistency) | G321: small_300 | H321: small_300 | I321: after_multilabel_iterative_paper | J321: Multilabel stratified (paper-style) | K321: bc5cdr_pubmedbert__small_300__after_multilabel_iterative_paper__seed61 | L321: bc5cdr_pubmedbert__small_300__after_multilabel_iterative_paper__baseline | M321: small_300 / Multilabel stratified (paper-style) (baseline) | N321: [BC5CDR + PubMedBERT] [small_300] Multilabel stratified (paper-style) [baseline] [seed 61] | O321: small_300 / Multilabel stratified (paper-style) [s61] | P321: Paper-style iterative stratification: rarest-label-first with tie-breaks by per-label need, then fold capacity, then random — Baseline (no augmentation) | Q321: 61 | R321: FALSE | S321: 0.62706271 | V321: ok_reused_base | W321: /content/drive/MyDrive/thesis_project/thesis/outputs/exp10_cascade/cascaded_pipeline_crf_20260807_123902.json | X321: /content/drive/MyDrive/thesis_project/thesis/outputs/exp10_cascade/cascaded_pipeline_crf_results_20260807_123901.xlsx | Y321: TRUE | Z321: auto | AA321: 0 | AB321: baseline
A322: bc5cdr_pubmedbert | B322: BC5CDR + PubMedBERT | C322: microsoft/BiomedNLP-PubMedBERT-base-uncased-abstract-fulltext | D322: BC5CDR + PubMedBERT | E322: exp10_svm_ready | F322: SVM Router Fusion CRF (Ready) | G322: small_300 | H322: small_300 | I322: before_exp01_baseline | J322: Baseline (simple random split) | K322: bc5cdr_pubmedbert__small_300__before_exp01_baseline__seed42 | L322: bc5cdr_pubmedbert__small_300__before_exp01_baseline__baseline | M322: small_300 / Baseline (simple random split) (baseline) | N322: [BC5CDR + PubMedBERT] [small_300] Baseline (simple random split) [baseline] [seed 42] | O322: small_300 / Baseline (simple random split) [s42] | P322: Regular NER with DictaBERT — Baseline (no augmentation) | Q322: 42 | R322: TRUE | S322: 0.71099744 | T322: 0.85276074 | U322: 0.60964912 | V322: ok | W322: /content/drive/MyDrive/thesis_project/thesis/outputs/exp10_svm_ready/fusion_svm_crf_ready_20260807_123908.json | X322: /content/drive/MyDrive/thesis_project/thesis/outputs/exp10_svm_ready/fusion_svm_crf_ready_results_20260807_123905.xlsx | Y322: TRUE | Z322: auto | AA322: 4.1 | AB322: baseline
A323: bc5cdr_pubmedbert | B323: BC5CDR + PubMedBERT | C323: microsoft/BiomedNLP-PubMedBERT-base-uncased-abstract-fulltext | D323: BC5CDR + PubMedBERT | E323: exp10_svm_ready | F323: SVM Router Fusion CRF (Ready) | G323: small_300 | H323: small_300 | I323: before_exp01_baseline | J323: Baseline (simple random split) | K323: bc5cdr_pubmedbert__small_300__before_exp01_baseline__seed43 | L323: bc5cdr_pubmedbert__small_300__before_exp01_baseline__baseline | M323: small_300 / Baseline (simple random split) (baseline) | N323: [BC5CDR + PubMedBERT] [small_300] Baseline (simple random split) [baseline] [seed 43] | O323: small_300 / Baseline (simple random split) [s43] | P323: Regular NER with DictaBERT — Baseline (no augmentation) | Q323: 43 | R323: TRUE | S323: 0.74666667 | T323: 0.8045977 | U323: 0.69651741 | V323: ok | W323: /content/drive/MyDrive/thesis_project/thesis/outputs/exp10_svm_ready/fusion_svm_crf_ready_20260807_123910.json | X323: /content/drive/MyDrive/thesis_project/thesis/outputs/exp10_svm_ready/fusion_svm_crf_ready_results_20260807_123909.xlsx | Y323: TRUE | Z323: auto | AA323: 2 | AB323: baseline
A324: bc5cdr_pubmedbert | B324: BC5CDR + PubMedBERT | C324: microsoft/BiomedNLP-PubMedBERT-base-uncased-abstract-fulltext | D324: BC5CDR + PubMedBERT | E324: exp10_svm_ready | F324: SVM Router Fusion CRF (Ready) | G324: small_300 | H324: small_300 | I324: before_exp01_baseline | J324: Baseline (simple random split) | K324: bc5cdr_pubmedbert__small_300__before_exp01_baseline__seed44 | L324: bc5cdr_pubmedbert__small_300__before_exp01_baseline__baseline | M324: small_300 / Baseline (simple random split) (baseline) | N324: [BC5CDR + PubMedBERT] [small_300] Baseline (simple random split) [baseline] [seed 44] | O324: small_300 / Baseline (simple random split) [s44] | P324: Regular NER with DictaBERT — Baseline (no augmentation) | Q324: 44 | R324: TRUE | S324: 0.69101124 | T324: 0.84246575 | U324: 0.58571429 | V324: ok | W324: /content/drive/MyDrive/thesis_project/thesis/outputs/exp10_svm_ready/fusion_svm_crf_ready_20260807_123912.json | X324: /content/drive/MyDrive/thesis_project/thesis/outputs/exp10_svm_ready/fusion_svm_crf_ready_results_20260807_123911.xlsx | Y324: TRUE | Z324: auto | AA324: 2.6 | AB324: baseline
A325: bc5cdr_pubmedbert | B325: BC5CDR + PubMedBERT | C325: microsoft/BiomedNLP-PubMedBERT-base-uncased-abstract-fulltext | D325: BC5CDR + PubMedBERT | E325: exp10_svm_ready | F325: SVM Router Fusion CRF (Ready) | G325: small_300 | H325: small_300 | I325: before_exp01_baseline | J325: Baseline (simple random split) | K325: bc5cdr_pubmedbert__small_300__before_exp01_baseline__seed45 | L325: bc5cdr_pubmedbert__small_300__before_exp01_baseline__baseline | M325: small_300 / Baseline (simple random split) (baseline) | N325: [BC5CDR + PubMedBERT] [small_300] Baseline (simple random split) [baseline] [seed 45] | O325: small_300 / Baseline (simple random split) [s45] | P325: Regular NER with DictaBERT — Baseline (no augmentation) | Q325: 45 | R325: TRUE | S325: 0.73626374 | T325: 0.8375 | U325: 0.65686275 | V325: ok | W325: /content/drive/MyDrive/thesis_project/thesis/outputs/exp10_svm_ready/fusion_svm_crf_ready_20260807_123914.json | X325: /content/drive/MyDrive/thesis_project/thesis/outputs/exp10_svm_ready/fusion_svm_crf_ready_results_20260807_123913.xlsx | Y325: TRUE | Z325: auto | AA325: 1.9 | AB325: baseline
A326: bc5cdr_pubmedbert | B326: BC5CDR + PubMedBERT | C326: microsoft/BiomedNLP-PubMedBERT-base-uncased-abstract-fulltext | D326: BC5CDR + PubMedBERT | E326: exp10_svm_ready | F326: SVM Router Fusion CRF (Ready) | G326: small_300 | H326: small_300 | I326: before_exp01_baseline | J326: Baseline (simple random split) | K326: bc5cdr_pubmedbert__small_300__before_exp01_baseline__seed46 | L326: bc5cdr_pubmedbert__small_300__before_exp01_baseline__baseline | M326: small_300 / Baseline (simple random split) (baseline) | N326: [BC5CDR + PubMedBERT] [small_300] Baseline (simple random split) [baseline] [seed 46] | O326: small_300 / Baseline (simple random split) [s46] | P326: Regular NER with DictaBERT — Baseline (no augmentation) | Q326: 46 | R326: TRUE | S326: 0.72823219 | T326: 0.81176471 | U326: 0.66028708 | V326: ok | W326: /content/drive/MyDrive/thesis_project/thesis/outputs/exp10_svm_ready/fusion_svm_crf_ready_20260807_123917.json | X326: /content/drive/MyDrive/thesis_project/thesis/outputs/exp10_svm_ready/fusion_svm_crf_ready_results_20260807_123916.xlsx | Y326: TRUE | Z326: auto | AA326: 2.5 | AB326: baseline
A327: bc5cdr_pubmedbert | B327: BC5CDR + PubMedBERT | C327: microsoft/BiomedNLP-PubMedBERT-base-uncased-abstract-fulltext | D327: BC5CDR + PubMedBERT | E327: exp10_svm_ready | F327: SVM Router Fusion CRF (Ready) | G327: small_300 | H327: small_300 | I327: before_exp01_baseline | J327: Baseline (simple random split) | K327: bc5cdr_pubmedbert__small_300__before_exp01_baseline__seed47 | L327: bc5cdr_pubmedbert__small_300__before_exp01_baseline__baseline | M327: small_300 / Baseline (simple random split) (baseline) | N327: [BC5CDR + PubMedBERT] [small_300] Baseline (simple random split) [baseline] [seed 47] | O327: small_300 / Baseline (simple random split) [s47] | P327: Regular NER with DictaBERT — Baseline (no augmentation) | Q327: 47 | R327: TRUE | S327: 0.70136986 | T327: 0.85333333 | U327: 0.59534884 | V327: ok | W327: /content/drive/MyDrive/thesis_project/thesis/outputs/exp10_svm_ready/fusion_svm_crf_ready_20260807_123920.json | X327: /content/drive/MyDrive/thesis_project/thesis/outputs/exp10_svm_ready/fusion_svm_crf_ready_results_20260807_123918.xlsx | Y327: TRUE | Z327: auto | AA327: 3.3 | AB327: baseline
A328: bc5cdr_pubmedbert | B328: BC5CDR + PubMedBERT | C328: microsoft/BiomedNLP-PubMedBERT-base-uncased-abstract-fulltext | D328: BC5CDR + PubMedBERT | E328: exp10_svm_ready | F328: SVM Router Fusion CRF (Ready) | G328: small_300 | H328: small_300 | I328: before_exp01_baseline | J328: Baseline (simple random split) | K328: bc5cdr_pubmedbert__small_300__before_exp01_baseline__seed48 | L328: bc5cdr_pubmedbert__small_300__before_exp01_baseline__baseline | M328: small_300 / Baseline (simple random split) (baseline) | N328: [BC5CDR + PubMedBERT] [small_300] Baseline (simple random split) [baseline] [seed 48] | O328: small_300 / Baseline (simple random split) [s48] | P328: Regular NER with DictaBERT — Baseline (no augmentation) | Q328: 48 | R328: TRUE | S328: 0.632 | T328: 0.75238095 | U328: 0.54482759 | V328: ok | W328: /content/drive/MyDrive/thesis_project/thesis/outputs/exp10_svm_ready/fusion_svm_crf_ready_20260807_123922.json | X328: /content/drive/MyDrive/thesis_project/thesis/outputs/exp10_svm_ready/fusion_svm_crf_ready_results_20260807_123922.xlsx | Y328: TRUE | Z328: auto | AA328: 2.5 | AB328: baseline
A329: bc5cdr_pubmedbert | B329: BC5CDR + PubMedBERT | C329: microsoft/BiomedNLP-PubMedBERT-base-uncased-abstract-fulltext | D329: BC5CDR + PubMedBERT | E329: exp10_svm_ready | F329: SVM Router Fusion CRF (Ready) | G329: small_300 | H329: small_300 | I329: before_exp01_baseline | J329: Baseline (simple random split) | K329: bc5cdr_pubmedbert__small_300__before_exp01_baseline__seed49 | L329: bc5cdr_pubmedbert__small_300__before_exp01_baseline__baseline | M329: small_300 / Baseline (simple random split) (baseline) | N329: [BC5CDR + PubMedBERT] [small_300] Baseline (simple random split) [baseline] [seed 49] | O329: small_300 / Baseline (simple random split) [s49] | P329: Regular NER with DictaBERT — Baseline (no augmentation) | Q329: 49 | R329: TRUE | S329: 0.71018277 | T329: 0.80473373 | U329: 0.63551402 | V329: ok | W329: /content/drive/MyDrive/thesis_project/thesis/outputs/exp10_svm_ready/fusion_svm_crf_ready_20260807_123925.json | X329: /content/drive/MyDrive/thesis_project/thesis/outputs/exp10_svm_ready/fusion_svm_crf_ready_results_20260807_123924.xlsx | Y329: TRUE | Z329: auto | AA329: 2.4 | AB329: baseline
...

Sheet deltas_split_variants
A1: benchmark_key | B1: regime | C1: experiment_id | D1: seed | E1: train_mode | F1: f1_random | G1: f1_paper_stratified | H1: delta_f1_paper_minus_random
A2: bc5cdr_pubmedbert | B2: small_300 | C2: exp10_cascade | D2: 42 | E2: augmented | F2: 0.64444444 | G2: 0.65861027 | H2: 0.014165827
A3: bc5cdr_pubmedbert | B3: small_300 | C3: exp10_cascade | D3: 42 | E3: baseline | F3: 0.63436123 | G3: 0.57798165 | H3: -0.056379582
A4: bc5cdr_pubmedbert | B4: small_300 | C4: exp10_cascade | D4: 43 | E4: augmented | F4: 0.63384615 | G4: 0.60702875 | H4: -0.0268174
A5: bc5cdr_pubmedbert | B5: small_300 | C5: exp10_cascade | D5: 43 | E5: baseline | F5: 0.6179402 | G5: 0.58745875 | H5: -0.030481453
A6: bc5cdr_pubmedbert | B6: small_300 | C6: exp10_cascade | D6: 44 | E6: augmented | F6: 0.69879518 | G6: 0.64417178 | H6: -0.054623402
A7: bc5cdr_pubmedbert | B7: small_300 | C7: exp10_cascade | D7: 44 | E7: baseline | F7: 0.66956522 | G7: 0.62702703 | H7: -0.04253819
A8: bc5cdr_pubmedbert | B8: small_300 | C8: exp10_cascade | D8: 45 | E8: augmented | F8: 0.6407767 | G8: 0.65256798 | H8: 0.011791277
A9: bc5cdr_pubmedbert | B9: small_300 | C9: exp10_cascade | D9: 45 | E9: baseline | F9: 0.625 | G9: 0.60897436 | H9: -0.016025641
A10: bc5cdr_pubmedbert | B10: small_300 | C10: exp10_cascade | D10: 46 | E10: augmented | F10: 0.61111111 | G10: 0.68047337 | H10: 0.069362262
A11: bc5cdr_pubmedbert | B11: small_300 | C11: exp10_cascade | D11: 46 | E11: baseline | F11: 0.60066007 | G11: 0.59555556 | H11: -0.0051045105
A12: bc5cdr_pubmedbert | B12: small_300 | C12: exp10_cascade | D12: 47 | E12: augmented | F12: 0.65895954 | G12: 0.66461538 | H12: 0.005655847
A13: bc5cdr_pubmedbert | B13: small_300 | C13: exp10_cascade | D13: 47 | E13: baseline | F13: 0.53703704 | G13: 0.60550459 | H13: 0.06846755
... A114: conll2003_bert | B114: small_300 | C114: exp10_cascade | D114: 42 | E114: augmented | F114: 0.82352941 | G114: 0.76780186 | H114: -0.055727554
A115: conll2003_bert | B115: small_300 | C115: exp10_cascade | D115: 42 | F115: 0.64748201 | G115: 0.63122924 | H115: -0.016252779
A116: conll2003_bert | B116: small_300 | C116: exp10_cascade | D116: 43 | E116: augmented | F116: 0.7625 | G116: 0.73103448 | H116: -0.031465517
A117: conll2003_bert | B117: small_300 | C117: exp10_cascade | D117: 43 | F117: 0.63722397 | G117: 0.57241379 | H117: -0.064810182
A118: conll2003_bert | B118: small_300 | C118: exp10_cascade | D118: 44 | E118: augmented | F118: 0.7460815 | G118: 0.81388013 | H118: 0.067798621
A119: conll2003_bert | B119: small_300 | C119: exp10_cascade | D119: 44 | F119: 0.56426332 | G119: 0.66043614 | H119: 0.096172814
A120: conll2003_bert | B120: small_300 | C120: exp10_cascade | D120: 45 | E120: augmented | F120: 0.72727273 | G120: 0.81846154 | H120: 0.091188811
A121: conll2003_bert | B121: small_300 | C121: exp10_cascade | D121: 45 | F121: 0.62626263 | G121: 0.6835443 | H121: 0.057281678
A122: conll2003_bert | B122: small_300 | C122: exp10_cascade | D122: 46 | E122: augmented | F122: 0.78947368 | G122: 0.75657895 | H122: -0.032894737
A123: conll2003_bert | B123: small_300 | C123: exp10_cascade | D123: 46 | F123: 0.61538462 | G123: 0.64 | H123: 0.024615385
A124: conll2003_bert | B124: small_300 | C124: exp10_cascade | D124: 47 | E124: augmented | F124: 0.81375358 | G124: 0.7781155 | H124: -0.03563808
A125: conll2003_bert | B125: small_300 | C125: exp10_cascade | D125: 47 | F125: 0.31404959 | G125: 0.63125 | H125: 0.31720041
A126: conll2003_bert | B126: small_300 | C126: exp10_cascade | D126: 48 | E126: augmented | F126: 0.76340694 | G126: 0.76582278 | H126: 0.0024158447
A127: conll2003_bert | B127: small_300 | C127: exp10_cascade | D127: 48 | F127: 0.61442006 | G127: 0.63291139 | H127: 0.01849133
A128: conll2003_bert | B128: small_300 | C128: exp10_cascade | D128: 49 | E128: augmented | F128: 0.75080906 | G128: 0.76452599 | H128: 0.013716932
A129: conll2003_bert | B129: small_300 | C129: exp10_cascade | D129: 49 | F129: 0.406639 | G129: 0.64150943 | H129: 0.23487043
A130: conll2003_bert | B130: small_300 | C130: exp10_cascade | D130: 50 | E130: augmented | F130: 0.79411765 | G130: 0.81311475 | H130: 0.018997107
A131: conll2003_bert | B131: small_300 | C131: exp10_cascade | D131: 50 | F131: 0.5734767 | G131: 0.68013468 | H131: 0.10665798
A132: conll2003_bert | B132: small_300 | C132: exp10_cascade | D132: 51 | E132: augmented | F132: 0.75728155 | G132: 0.77358491 | H132: 0.016303352
A133: conll2003_bert | B133: small_300 | C133: exp10_cascade | D133: 51 | F133: 0.425 | G133: 0.67307692 | H133: 0.24807692
A134: conll2003_bert | B134: small_300 | C134: exp10_cascade | D134: 52 | E134: augmented | F134: 0.84592145 | G134: 0.78395062 | H134: -0.061970833
A135: conll2003_bert | B135: small_300 | C135: exp10_cascade | D135: 52 | F135: 0.64880952 | G135: 0.61490683 | H135: -0.033902692
A136: conll2003_bert | B136: small_300 | C136: exp10_cascade | D136: 53 | E136: augmented | F136: 0.70748299 | G136: 0.74924471 | H136: 0.04176172
A137: conll2003_bert | B137: small_300 | C137: exp10_cascade | D137: 53 | F137: 0.56862745 | G137: 0.65846154 | H137: 0.089834087
A138: conll2003_bert | B138: small_300 | C138: exp10_cascade | D138: 54 | E138: augmented | F138: 0.84488449 | G138: 0.77333333 | H138: -0.071551155
A139: conll2003_bert | B139: small_300 | C139: exp10_cascade | D139: 54 | F139: 0.63448276 | G139: 0.62837838 | H139: -0.0061043802
A140: conll2003_bert | B140: small_300 | C140: exp10_cascade | D140: 55 | E140: augmented | F140: 0.78125 | G140: 0.7345679 | H140: -0.046682099
A141: conll2003_bert | B141: small_300 | C141: exp10_cascade | D141: 55 | F141: 0.64797508 | G141: 0.59283388 | H141: -0.055141202
A142: conll2003_bert | B142: small_300 | C142: exp10_cascade | D142: 56 | E142: augmented | F142: 0.75747508 | G142: 0.79365079 | H142: 0.036175711
A143: conll2003_bert | B143: small_300 | C143: exp10_cascade | D143: 56 | F143: 0.64 | G143: 0.68896321 | H143: 0.048963211
A144: conll2003_bert | B144: small_300 | C144: exp10_cascade | D144: 57 | E144: augmented | F144: 0.81097561 | G144: 0.74777448 | H144: -0.063201129
A145: conll2003_bert | B145: small_300 | C145: exp10_cascade | D145: 57 | F145: 0.64197531 | G145: 0.62305296 | H145: -0.018922349
A146: conll2003_bert | B146: small_300 | C146: exp10_cascade | D146: 58 | E146: augmented | F146: 0.70870871 | G146: 0.82622951 | H146: 0.1175208
A147: conll2003_bert | B147: small_300 | C147: exp10_cascade | D147: 58 | F147: 0.60479042 | G147: 0.67774086 | H147: 0.072950445
A148: conll2003_bert | B148: small_300 | C148: exp10_cascade | D148: 59 | E148: augmented | F148: 0.78186969 | G148: 0.78153846 | H148: -0.00033122685
A149: conll2003_bert | B149: small_300 | C149: exp10_cascade | D149: 59 | F149: 0.61281337 | G149: 0.65814696 | H149: 0.045333594
A150: conll2003_bert | B150: small_300 | C150: exp10_cascade | D150: 60 | E150: augmented | F150: 0.73394495 | G150: 0.73065015 | H150: -0.0032947993
A151: conll2003_bert | B151: small_300 | C151: exp10_cascade | D151: 60 | F151: 0.425 | G151: 0.60436137 | H151: 0.17936137
A152: conll2003_bert | B152: small_300 | C152: exp10_cascade | D152: 61 | E152: augmented | F152: 0.78032787 | G152: 0.7942029 | H152: 0.01387503
A153: conll2003_bert | B153: small_300 | C153: exp10_cascade | D153: 61 | F153: 0.63157895 | G153: 0.64880952 | H153: 0.017230576
A154: conll2003_bert | B154: small_300 | C154: exp10_regular | D154: 42 | E154: augmented | F154: 0.80434783 | G154: 0.78287462 | H154: -0.021473208
A155: conll2003_bert | B155: small_300 | C155: exp10_regular | D155: 42 | F155: 0.58823529 | G155: 0.6105919 | H155: 0.022356606
A156: conll2003_bert | B156: small_300 | C156: exp10_regular | D156: 43 | E156: augmented | F156: 0.75316456 | G156: 0.72297297 | H156: -0.030191584
A157: conll2003_bert | B157: small_300 | C157: exp10_regular | D157: 43 | F157: 0.6163142 | G157: 0.59800664 | H157: -0.018307555
A158: conll2003_bert | B158: small_300 | C158: exp10_regular | D158: 44 | E158: augmented | F158: 0.77848101 | G158: 0.81388013 | H158: 0.035399114
A159: conll2003_bert | B159: small_300 | C159: exp10_regular | D159: 44 | F159: 0.58385093 | G159: 0.62006079 | H159: 0.036209859
A160: conll2003_bert | B160: small_300 | C160: exp10_regular | D160: 45 | E160: augmented | F160: 0.78431373 | G160: 0.81846154 | H160: 0.034147813
A161: conll2003_bert | B161: small_300 | C161: exp10_regular | D161: 45 | F161: 0.62745098 | G161: 0.65230769 | H161: 0.024856712
A162: conll2003_bert | B162: small_300 | C162: exp10_regular | D162: 46 | E162: augmented | F162: 0.79259259 | G162: 0.79605263 | H162: 0.003460039
A163: conll2003_bert | B163: small_300 | C163: exp10_regular | D163: 46 | F163: 0.63043478 | G163: 0.63398693 | H163: 0.0035521455
A164: conll2003_bert | B164: small_300 | C164: exp10_regular | D164: 47 | E164: augmented | F164: 0.87106017 | G164: 0.80243161 | H164: -0.068628561
A165: conll2003_bert | B165: small_300 | C165: exp10_regular | D165: 47 | F165: 0.62889518 | G165: 0.62089552 | H165: -0.0079996617
A166: conll2003_bert | B166: small_300 | C166: exp10_regular | D166: 48 | E166: augmented | F166: 0.75862069 | G166: 0.78637771 | H166: 0.027757019
A167: conll2003_bert | B167: small_300 | C167: exp10_regular | D167: 48 | F167: 0.60493827 | G167: 0.61861862 | H167: 0.013680347
A168: conll2003_bert | B168: small_300 | C168: exp10_regular | D168: 49 | E168: augmented | F168: 0.74342105 | G168: 0.73964497 | H168: -0.0037760822
A169: conll2003_bert | B169: small_300 | C169: exp10_regular | D169: 49 | F169: 0.55238095 | G169: 0.61818182 | H169: 0.065800866
A170: conll2003_bert | B170: small_300 | C170: exp10_regular | D170: 50 | E170: augmented | F170: 0.84249084 | G170: 0.80528053 | H170: -0.037210314
A171: conll2003_bert | B171: small_300 | C171: exp10_regular | D171: 50 | F171: 0.55319149 | G171: 0.62987013 | H171: 0.076678641
A172: conll2003_bert | B172: small_300 | C172: exp10_regular | D172: 51 | E172: augmented | F172: 0.7752443 | G172: 0.80368098 | H172: 0.028436682
A173: conll2003_bert | B173: small_300 | C173: exp10_regular | D173: 51 | F173: 0.62987013 | G173: 0.62613982 | H173: -0.0037303122
A174: conll2003_bert | B174: small_300 | C174: exp10_regular | D174: 52 | E174: augmented | F174: 0.84210526 | G174: 0.80733945 | H174: -0.034765814
A175: conll2003_bert | B175: small_300 | C175: exp10_regular | D175: 52 | F175: 0.55270655 | G175: 0.55555556 | H175: 0.0028490028
A176: conll2003_bert | B176: small_300 | C176: exp10_regular | D176: 53 | E176: augmented | F176: 0.72666667 | G176: 0.87261146 | H176: 0.1459448
A177: conll2003_bert | B177: small_300 | C177: exp10_regular | D177: 53 | F177: 0.57605178 | G177: 0.65243902 | H177: 0.076387244
A178: conll2003_bert | B178: small_300 | C178: exp10_regular | D178: 54 | E178: augmented | F178: 0.84142395 | G178: 0.81433225 | H178: -0.027091701
A179: conll2003_bert | B179: small_300 | C179: exp10_regular | D179: 54 | F179: 0.5631068 | G179: 0.63430421 | H179: 0.071197411
A180: conll2003_bert | B180: small_300 | C180: exp10_regular | D180: 55 | E180: augmented | F180: 0.85625 | G180: 0.79393939 | H180: -0.062310606
A181: conll2003_bert | B181: small_300 | C181: exp10_regular | D181: 55 | F181: 0.5578635 | G181: 0.60843373 | H181: 0.050570233
A182: conll2003_bert | B182: small_300 | C182: exp10_regular | D182: 56 | E182: augmented | F182: 0.80267559 | G182: 0.8370607 | H182: 0.034385118
A183: conll2003_bert | B183: small_300 | C183: exp10_regular | D183: 56 | F183: 0.63299663 | G183: 0.65830721 | H183: 0.025310577
A184: conll2003_bert | B184: small_300 | C184: exp10_regular | D184: 57 | E184: augmented | F184: 0.81707317 | G184: 0.78466077 | H184: -0.032412404
A185: conll2003_bert | B185: small_300 | C185: exp10_regular | D185: 57 | F185: 0.60766962 | G185: 0.59459459 | H185: -0.013075022
A186: conll2003_bert | B186: small_300 | C186: exp10_regular | D186: 58 | E186: augmented | F186: 0.76160991 | G186: 0.82958199 | H186: 0.067972086
A187: conll2003_bert | B187: small_300 | C187: exp10_regular | D187: 58 | F187: 0.5578635 | G187: 0.63694268 | H187: 0.079079174
A188: conll2003_bert | B188: small_300 | C188: exp10_regular | D188: 59 | E188: augmented | F188: 0.78888889 | G188: 0.78915663 | H188: 0.00026773762
A189: conll2003_bert | B189: small_300 | C189: exp10_regular | D189: 59 | F189: 0.55 | G189: 0.62424242 | H189: 0.074242424
A190: conll2003_bert | B190: small_300 | C190: exp10_regular | D190: 60 | E190: augmented | F190: 0.78181818 | G190: 0.74461538 | H190: -0.037202797
A191: conll2003_bert | B191: small_300 | C191: exp10_regular | D191: 60 | F191: 0.53529412 | G191: 0.55757576 | H191: 0.02228164
A192: conll2003_bert | B192: small_300 | C192: exp10_regular | D192: 61 | E192: augmented | F192: 0.78594249 | G192: 0.80571429 | H192: 0.019771794
A193: conll2003_bert | B193: small_300 | C193: exp10_regular | D193: 61 | F193: 0.58745875 | G193: 0.60674157 | H193: 0.019282827
A194: conll2003_bert | B194: small_300 | C194: exp10_svm_ready | D194: 42 | E194: augmented | F194: 0.86245353 | G194: 0.8125 | H194: -0.049953532
A195: conll2003_bert | B195: small_300 | C195: exp10_svm_ready | D195: 42 | F195: 0.6953405 | G195: 0.63949843 | H195: -0.055842069
A196: conll2003_bert | B196: small_300 | C196: exp10_svm_ready | D196: 43 | E196: augmented | F196: 0.78233438 | G196: 0.77931034 | H196: -0.00302404
A197: conll2003_bert | B197: small_300 | C197: exp10_svm_ready | D197: 43 | F197: 0.71028037 | G197: 0.65993266 | H197: -0.050347714
A198: conll2003_bert | B198: small_300 | C198: exp10_svm_ready | D198: 44 | E198: augmented | F198: 0.80511182 | G198: 0.84713376 | H198: 0.042021937
A199: conll2003_bert | B199: small_300 | C199: exp10_svm_ready | D199: 44 | F199: 0.64556962 | G199: 0.6809816 | H199: 0.035411975
A200: conll2003_bert | B200: small_300 | C200: exp10_svm_ready | D200: 45 | E200: augmented | F200: 0.78827362 | G200: 0.84829721 | H200: 0.060023598
...

Sheet paired_summary
A1: benchmark_key | B1: regime | C1: experiment_id | D1: n_seeds | E1: delta_mean | F1: delta_std
A2: bc5cdr_pubmedbert | B2: small_300 | C2: exp10_cascade | D2: 40 | E2: 0.0059054868 | F2: 0.048490451
A3: bc5cdr_pubmedbert | B3: small_300 | C3: exp10_regular | D3: 32 | E3: 0.0018878385 | F3: 0.035721045
A4: bc5cdr_pubmedbert | B4: small_300 | C4: exp10_svm_ready | D4: 40 | E4: 0.0052713568 | F4: 0.04975397
A5: conll2003_bert | B5: small_300 | C5: exp10_cascade | D5: 40 | E5: 0.034472586 | F5: 0.088634256
A6: conll2003_bert | B6: small_300 | C6: exp10_regular | D6: 40 | E6: 0.016592557 | F6: 0.044259806
A7: conll2003_bert | B7: small_300 | C7: exp10_svm_ready | D7: 40 | E7: 0.013682552 | F7: 0.051061589
A8: nemo_dictabert | B8: small_300 | C8: exp10_cascade | D8: 40 | E8: 0.00095037927 | F8: 0.12199371
A9: nemo_dictabert | B9: small_300 | C9: exp10_regular | D9: 40 | E9: 0.008970361 | F9: 0.063964635
A10: nemo_dictabert | B10: small_300 | C10: exp10_svm_ready | D10: 40 | E10: 0.016207924 | F10: 0.11614432

Sheet documentation
A1: Section | B1: Key | C1: Value
A2: Design | B2: Benchmarks | C2: CoNLL-2003 + bert-base-uncased, NEMO + DictaBERT, BC5CDR + PubMedBERT
A3: Design | B3: Split variants | C3: Simple random; Multilabel stratified (paper-style)
A4: Design | B4: Regimes | C4: small_300 (300-sentence pool, 70% train / 30% eval); full (official train pool, same ratio)
A5: Design | B5: Dataset details sheet | C5: Per seed: train/eval sentences, tokens, entity spans, tokens per entity type (JSON columns)
A6: Design | B6: Train modes | C6: baseline (original train split); augmented (exp08 LLM mask-fill on train only, same eval)
A7: Design | B7: Augmentation | C7: THESIS_EXP08_MULTIPLIER (default 3); fill-mask model = benchmark encoder unless THESIS_AUGMENTATION_MODEL_NAME set
A8: Design | B8: Seeds | C8: 42..61 (20 paired seeds)
A9: Design | B9: Experiments | C9: 10_regular, 10_cascade, 10_svm_ready
A10: Interpretation | B10: delta_f1_paper_minus_random | C10: Positive => paper-style stratified split improved F1 vs simple random (same seed)

Sheet exp10_error_analysis
A1: item | B1: path
A2: consolidated_error_analysis_exp10 | B2: /content/drive/MyDrive/thesis_project/thesis/projects/small_data_ner_benchmark/outputs/cross_comparison/consolidated_error_analysis_exp10_20260809_004500.xlsx
